0.9998862108897707,0.011062055549218975,-0.009881294746807318,0.0027488567895894355
0.999957324489545,0.006493655125766571,-0.0045495533768987444,0.0047416460105292125
0.9995047598037556,-0.01785938401767493,0.025908997954763386,-3.683919216642624e-05
0.9994177443936657,-0.015058030225830514,0.024925665972775415,0.01778030068950591
0.9992671887706676,-0.0035424854360429324,0.037091640570301114,0.008760504728963957
0.9984140535676435,-0.007656236412465347,0.055443857618739066,0.006061215635171586
0.9981243885308972,-0.0032209766172962423,0.05917882496781348,0.015336133961409176
0.9963662526585921,-0.008921180662349985,0.08457684586966556,0.004632519984105162
0.9960473822423564,-0.003982462874998381,0.08758207512542274,0.0142524536246612
0.9950286676440553,0.0029277286596147436,0.09889413989316666,0.011372249829417133
0.9942424717807954,0.004687057422967973,0.10534791511838305,0.019019873294478472
0.9911580845159401,-0.009114031162156092,0.13163429056506395,0.01396422149995842
0.9900451778693684,-0.008165395291094992,0.1389383874563762,0.020976095641772472
0.9876160434957172,-0.0018974605929942133,0.15647224145141045,0.011286626082896874
0.9871230850197847,0.0022167332549108223,0.15837778423602575,0.022351254443236185
0.9841730871274856,-0.0056814918953453615,0.1755370690277538,0.023617633686366716
0.9832676104009326,0.0020635853476188857,0.17982378394287177,0.029050898100067668
0.980304522836263,0.0020860700706313373,0.19575895001514726,0.026021612313502272
0.9773820463261843,-0.00011731004300392892,0.20977762642122005,0.02678934882884531
0.9741836733042039,-0.009363686134102002,0.22316879193621417,0.03277472128395853
0.9700738623698001,-0.008621998898749957,0.2411870988665941,0.026667321242374777
0.9693627921673581,-0.004507163959420187,0.2426852611566653,0.03767395190137905
0.963899952951264,-0.0025784542950389846,0.2649707431203823,0.02609094793663222
0.9640771053963244,-0.00743292710078248,0.26104969314833754,0.048509217191351865
0.9582567122920689,-0.003646428741890952,0.2836992622217219,0.03529172026802003
0.952560246361254,-0.012065078418794187,0.30222995813066067,0.03377074685692646
0.9499159970220623,-0.015340997760317002,0.30926766765074015,0.042163516636667814
0.9465072022890351,-0.016084435562599093,0.3189722435531843,0.04606641716331245
0.9410337085011076,-0.0147508114471823,0.3354721276882351,0.04118767498452358
0.9382903542622002,-0.005417256799295948,0.34323046170788646,0.04212736145400794
0.9317751569022962,-0.016419288092174557,0.360125355100516,0.04283914765695901
0.9335311206170076,-0.00905729233313562,0.3531653387556204,0.060925001409718925
0.9248022333468099,-0.011249382876102844,0.3770317965350047,0.0496115408271748
0.9164096155459074,-0.01264779263305132,0.3979172929742214,0.04117375169426835
0.9149034882356789,-0.01590565473891078,0.39970677742772637,0.05415818903781359
0.9082009448745837,-0.019828373521619827,0.4147076089007699,0.05287228434829214
0.9078209776484494,-0.003586664681805374,0.4151668009331504,0.05903165066985557
0.8967935304770523,-0.01388996709501337,0.43933909872574345,0.05049345343165907
0.8950740872660756,-0.022889414921805098,0.4404423464030028,0.06579507948438482
0.8829841789522777,-0.017954579549249772,0.46650529712375205,0.04888129037435189
0.8875726000422771,-0.02051744614424691,0.4538377440472182,0.07632310355352098
0.8731703244253335,-0.022510567912310916,0.48343894676394816,0.05791065210293786
0.8720751790784768,-0.023259876695013938,0.48369079376760843,0.07061923389443069
0.8579636155810082,-0.024609141400834776,0.5101535385425364,0.05510164798993249
0.8528623218217732,-0.029272829295400097,0.5177644414259609,0.060736683122140596
0.8509790177050048,-0.031025749664785798,0.519306607634955,0.07206081841221411
0.8443479305758115,-0.026273592072110226,0.5303998247247014,0.07114981675295512
0.8362442502713967,-0.028051590936222545,0.543129011869948,0.07013942257497117
0.8269431732233908,-0.02671612696779944,0.5577310983044723,0.06623638579479214
0.8224281054419456,-0.036749022674169,0.5626726885690994,0.07523939294071329
0.8165970452533262,-0.0302998980860774,0.5713167623980345,0.07647443273760322
0.8053501017003288,-0.034162661881597126,0.5874679191080294,0.07159308795767416
0.7978390580672299,-0.03475463907861389,0.5974680817423101,0.0726418872557356
0.790428462768866,-0.033849785831010205,0.6071652031958867,0.07367125132736499
0.7829797369687634,-0.04552330503997277,0.6154470417773797,0.07807239564683477
0.777529579453743,-0.034445447232245366,0.6227846819563633,0.08000315093774496
0.7666437955524057,-0.03451086403470268,0.636581483114688,0.07635644281973655
0.7558283379507237,-0.05004401211722943,0.6483684807735624,0.07640309902903106
0.7535954750002138,-0.04063412758098348,0.6506256532399356,0.08443332920737893
0.7466158375520414,-0.04705863338919165,0.6576514540507183,0.08857110773260854
0.7307332648322972,-0.046053210396351144,0.6766058311518043,0.07818277771413187
0.7281187521983388,-0.05161130018832743,0.6777354765655799,0.08862268442351989
0.7163865828358351,-0.05365943918271527,0.6903881615730343,0.08529428397728385
0.7095607126105352,-0.04939765871343235,0.6973556243286897,0.08819636982554531
0.7004133908877346,-0.052591522607702466,0.7062005816356443,0.08908396102793707
0.6944325504634015,-0.051136545358781905,0.7115864539276812,0.09377209164934404
0.6824648978772858,-0.05553437388505376,0.7230746466526319,0.09121760713103795
0.6711678171824914,-0.06010258588887386,0.7333992428941275,0.08970502143292226
0.6650625243040483,-0.057896896306487325,0.7385238306567286,0.09445813737584956
0.6522526110162963,-0.06224522908596766,0.7499146905902814,0.09121414207973404
0.6406953628680794,-0.0586906410418125,0.7603248040789075,0.08928075355759743
0.631838195690127,-0.06081321563102165,0.7673109143037328,0.09119324570399513
0.6298067442311636,-0.07053989559296885,0.7668026458897098,0.10188861716215075
0.620743101691366,-0.07329163328249863,0.7736836903643693,0.10353687969770285
0.6048977947761643,-0.058251092859171134,0.7882465590283969,0.09681337839130262
0.5960680279147791,-0.07217541205390099,0.7935277887156561,0.09903163397963811
0.5863013885252425,-0.0731120300129427,0.8005487818160857,0.1001347133292971
0.5713695031198761,-0.07620363506341252,0.8115735809219865,0.09527969173508033
0.5646921514206596,-0.0770138094930471,0.8155729372912961,0.10016202488629733
0.5530299166586127,-0.09262855363945034,0.8220847420578967,0.09876507078331384
0.5428131822749314,-0.08273137296491759,0.8297517787991988,0.10010671633545648
0.5282560236574737,-0.07534925335764604,0.8401606026848344,0.0969444438031177
0.5221561707959271,-0.08110431453201637,0.8428063849354217,0.10223708219678435
0.5133203620294953,-0.08421979202110816,0.8476082394221301,0.10473540481397034
0.5004756176325427,-0.08319463539795996,0.855525144875598,0.10334183703569658
0.47995695780598496,-0.08031434064274727,0.8685143756015411,0.09420034349305868
0.4873279429791161,-0.08257815022995474,0.8617832043005099,0.11411412656585666
0.46585041046876074,-0.09817365116701679,0.8735126655633161,0.1015920881914251
0.4621514903101937,-0.09439190480136926,0.8747931786207652,0.11064837527326805
0.4475009537038362,-0.10186322768210834,0.8820649198547662,0.10643428226819089
0.4387980880250765,-0.09695539268414961,0.8864744558468206,0.11053926409237078
0.41908680026980005,-0.09912341326639365,0.8967260026175856,0.10209446121865255
0.4102365491548857,-0.10556267954203134,0.8998493026037004,0.10408519120908259
0.40271075306594967,-0.10338582797382045,0.9028859397365455,0.10923552428252707
0.3926459815919326,-0.1038887464371748,0.9070055720647278,0.1112526572579558
0.3763291913397353,-0.10496071305078475,0.9142967027861153,0.10686967640958861
0.36934534124977186,-0.10513206409501111,0.9164821985649041,0.11221251137841869
0.35618183216328986,-0.11997004961284538,0.920426953447583,0.10749843254621988
0.33192840663303963,-0.10764597049493782,0.9319066607416797,0.09892347330915309
0.32361283469587226,-0.11000689900468825,0.9341662300446246,0.10250204893409783
0.32270791823807704,-0.11833457152547007,0.9324186291436711,0.11158865853735954
0.30345465372999586,-0.11310001029810357,0.94008152125466,0.10663205050875366
0.29948343488388124,-0.11996059518959797,0.9397664597953014,0.11295188743760033
0.2819157918671864,-0.118746660710282,0.9458540879809646,0.10854842751395642
0.26057476316367895,-0.12057041555473492,0.9527333049504925,0.09931171800579297
0.2598374448784479,-0.13036207908274727,0.9507380919467513,0.10764437327475362
0.24141767794814817,-0.12298530504602655,0.9568597684018146,0.10493570951247783
0.23417985545330694,-0.13247082308502414,0.9572004098854808,0.10667076284583961
0.21820429114163417,-0.1295463010291785,0.9615722875618765,0.10480161740190153
0.21996016823681264,-0.14067044415500451,0.958493170299515,0.11454341107044229
0.2000879368538279,-0.14157411382535776,0.9635518854904308,0.1071883939052085
0.18546590574167604,-0.14533411896209056,0.9662937441217241,0.10371495429374095
0.15830306437494512,-0.1259551944946196,0.9743118494197363,0.0989537713764358
0.1626244875807794,-0.14292598858902053,0.9703018506316787,0.10788770312541818
0.14714272487445884,-0.14298659517745912,0.9730313788087677,0.10542195202891264
0.13748323612568172,-0.140580931620955,0.9742725077984101,0.11012920592282772
0.1280167680447928,-0.14674673120732937,0.9746119900554944,0.1104924106868887
0.10525348271319163,-0.14970588512278174,0.9781029920947739,0.09911805683932041
0.09845805294958626,-0.14530789732591087,0.978519535083487,0.10812560401728066
0.0826330368793601,-0.15200086527320092,0.9796740734658753,0.10151959392684187
0.0832886694952461,-0.16107876305151936,0.9772388670798949,0.11009462428248713
0.06491049661839896,-0.1627340325067587,0.9790520818602131,0.10373660442695253
0.05186070933052868,-0.16466324370406635,0.9796310038898156,0.10256499996805743
0.04198154830881263,-0.16697028950806436,0.9795205591918947,0.10439322843756829
0.029432649787412227,-0.1702192333005357,0.979585159743694,0.10282045784326324
0.017692861857231294,-0.17301943291471733,0.979429168466913,0.10232175931517448
0.013783602164819263,-0.17755582414310328,0.9779949559585494,0.10867293933590523
0.011703604617547254,0.16791344684970527,-0.9803738011126504,-0.10264165868764799
0.020684576803209617,0.1757154376420964,-0.9789925302523746,-0.10134031264395502
0.03558957231798924,0.17387761376623803,-0.9789441146217616,-0.1008383767255009
0.0485181037583431,0.18157807677731944,-0.977565764920961,-0.09508191676695503
0.05685585725688902,0.18704522140603744,-0.9760054333742003,-0.09588999253731018
0.0696145019526547,0.18931177297085522,-0.9748953025312517,-0.09430812708894071
0.08675217362686358,0.18017312168545999,-0.9749534279986005,-0.09735255429064951
0.09264960812590006,0.19569635234358673,-0.9719199940591615,-0.09214397941034168
0.11392079652842475,0.1856871747895006,-0.9716908464615559,-0.0914287927288049
0.12416531477857545,0.18262436418229885,-0.9704292877087817,-0.09745929288670709
0.13881980258601914,0.19391439292960214,-0.9674110553197496,-0.08510065023165292
0.1502551470814544,0.19208864217992086,-0.9657517806384114,-0.08859369342534991
0.1600127151160522,0.2002812820884129,-0.962891603291488,-0.08439845589202824
0.16907606933969202,0.200933450400194,-0.9608582463068535,-0.08826359267008063
0.1843296864435575,0.1991545696259356,-0.958521173483988,-0.08716182694049811
0.19874220898026104,0.19121676280093713,-0.9566420994189109,-0.09366737752790806
0.20670884515196297,0.20662538262532404,-0.9527015066601214,-0.08329011825189606
0.2289576441838903,0.20434329347312985,-0.9489032226855861,-0.07351795399238047
0.22217336622022743,0.21687829517760163,-0.9468170432593023,-0.08450021903488833
0.24740477162443303,0.20280044714428924,-0.9436809350694102,-0.08443429636150926
0.2547788702067055,0.21111101679982475,-0.940135816208193,-0.08163646834897478
0.26768505238173645,0.21383255839074286,-0.9362392126580235,-0.07795182092126472
0.2843861262608494,0.20823913622948123,-0.9324589766685746,-0.07925433844870845
0.28822246141561764,0.2237110466612517,-0.9283024294180486,-0.07166435567141471
0.30732820477642553,0.21836347796635294,-0.9236382120645809,-0.06898709483289307
0.3139243047096337,0.22485097193084463,-0.9198836921799892,-0.06861169139176893
0.32612482274687515,0.21723307144880566,-0.9166172630477855,-0.07915292628845033
0.3354942528087219,0.23146276902477672,-0.9109430736353265,-0.06364989774952573
0.34388376333219456,0.23045274009891775,-0.9075487441611143,-0.0706453740097118
0.36581799961961303,0.22434536757028725,-0.9009357772481071,-0.06450637548651127
0.37716829144628883,0.22468164188915424,-0.8961114269033679,-0.06516556067963648
0.3875404510868416,0.23043104493662123,-0.8906490592864728,-0.0588063388840427
0.39676939073402256,0.23322664119470318,-0.8858479453440671,-0.05876054920850216
0.4056552986980888,0.23568790898570718,-0.8810956441930745,-0.05971142252619348
0.421725937056816,0.23267270822097366,-0.8744835484840935,-0.05735127106992342
0.4283557610349447,0.23761956474882512,-0.8698881727284776,-0.05781739689628535
0.4389134644851657,0.2396677260337753,-0.8641533737249157,-0.05615423823073993
0.4518040023967662,0.23583960034005744,-0.8582265552196829,-0.06082767664033735
0.45609043247865216,0.2517782750112305,-0.852407982332017,-0.04460772680226359
0.47683941690533277,0.2400602305137982,-0.8441682677574154,-0.04873594076745797
0.48584539191149284,0.24253425965979494,-0.838320032752815,-0.048486191178134755
0.4934880373359932,0.24696151062474606,-0.8326378763988724,-0.04683733619868537
0.5112573717047928,0.24704775277597338,-0.8225364078792639,-0.031893031196901754
0.5050347341196457,0.25979374270768485,-0.8219949729224251,-0.04208792074804819
0.5220247160921528,0.25321030238967657,-0.8133194370866188,-0.043430770310248584
0.5377303430534174,0.24719308984477156,-0.804728489744603,-0.04640810582235776
0.543893783098404,0.2610304623411239,-0.7971609290719949,-0.024022980621884675
0.5527568840623003,0.2591215001277491,-0.791340829490201,-0.033099348559185116
0.5684134580624612,0.2539166882698346,-0.7818716999662383,-0.033303166568049096
0.5717100398224507,0.2612718092123446,-0.7770429740915317,-0.03299831044322108
0.5802729486440232,0.2666739744040881,-0.7691789156788605,-0.023067122113318392
0.5892044432828989,0.2686734839382149,-0.7617162476308759,-0.021000979484999707
0.6058235317808546,0.2619966810683396,-0.750923486595305,-0.021201526579410396
0.6153627006014651,0.2612871513951309,-0.7432537270792807,-0.025133014284955166
0.6224593012792856,0.2644504109098553,-0.736215692087109,-0.024430578077719256
0.6253119175267593,0.2746987547327251,-0.7302989173278508,-0.013751047126192585
0.6361032867071249,0.2733251877721934,-0.7214215542250119,-0.014727235628481359
0.6524936747663498,0.26594038438653644,-0.7094064761997192,-0.016436783996372967
0.6561083826938189,0.2733239487531133,-0.7033398053205036,-0.011354622346132489
0.6674360085997878,0.27214400904674824,-0.6931118699758431,-0.007921392739739052
0.6789127155905389,0.2685799359826908,-0.683196301620762,-0.013607205764832835
0.6818993431223538,0.27692161287312644,-0.6769804697022849,-0.005014959094811872
0.6931566335681377,0.2765341217167165,-0.6656121925169529,0.004813526734698073
0.7057166839792052,0.2718763550599834,-0.6542520694553231,0.0011996358278958815
0.7103336982245279,0.2781487863938833,-0.6464665200639677,0.011846021722886284
0.7095895344514592,0.2853628449505608,-0.6442282372714068,-0.004551661329627561
0.7239023422058148,0.28159330173703545,-0.6297447523069583,0.0095999118547014
0.7260551902242575,0.28896072936687206,-0.6238177071813731,0.014036589299307739
0.7377573604251345,0.2845657164399338,-0.6120971669012502,0.008572539707026008
0.741699272631115,0.28974494752003954,-0.6047804770434305,0.013062501759046757
0.7543288730269769,0.2847507105823144,-0.5913859322766728,0.01294848431162693
0.7644420920613079,0.2828006553402535,-0.5790590454577783,0.01851213379329027
0.7739494406587829,0.28073852812955996,-0.5673345866532099,0.01787760930988128
0.779473112444443,0.28354885377465855,-0.5580809952855463,0.02381842144946687
0.7845060828687219,0.2865192980046797,-0.5493365940343383,0.026195500904396703
0.7913577903760931,0.2871464990759776,-0.5390377887185274,0.027166118841625703
0.8012962308585425,0.28406262980690095,-0.5254232830687455,0.03410493173050049
0.7983472080376868,0.2960110662116274,-0.5232299026452658,0.035350432479840155
0.8112213467836151,0.2889431271862046,-0.5071176546435877,0.035545465578907365
0.822790115446682,0.2829570239049288,-0.4915352232851767,0.03667250763300636
0.8237420577312565,0.2900139558964695,-0.4855113824126662,0.04024456805207005
0.8271572069998497,0.2940100423856815,-0.47763366247068,0.03514447836320956
0.8311529574408647,0.29658015804979404,-0.46777017018942535,0.04915322033620428
0.8360900688311009,0.2980179641110257,-0.4574940657746511,0.053271658976453695
0.841486661638661,0.2986918376484691,-0.44662669088723983,0.05663906243500264
0.8396903332548917,0.30806090283506815,-0.44263378451539487,0.06398403854330023
0.8480463883813222,0.3053793121533197,-0.42925605786126536,0.0574459367716035
0.8542141300143761,0.30483753261352486,-0.4172765688915538,0.05720632699250309
0.866205100047153,0.29564813378099963,-0.39805486292153913,0.06191309836075549
0.8649438727680935,0.30372418917457034,-0.39324295351928373,0.07059527872749262
0.8802599098845225,0.2905360873936033,-0.3700980039379959,0.061308567535214666
0.8755765056633712,0.3032381206326577,-0.36934324952960684,0.07069645643456876
0.8799228841382056,0.30285525891540416,-0.35755273729352505,0.07855221302479688
0.8826863310585019,0.3036695108323986,-0.3470575122833884,0.09055800528367546
0.8902239237852702,0.3024235362484068,-0.332778335865952,0.07280075151846864
0.8958866701426486,0.2989605032690113,-0.31843249295972775,0.08130460733137804
0.8993380974883142,0.29899392828216775,-0.30691348837401833,0.08716494657021628
0.9098546093524428,0.2887159719216142,-0.28562509387438895,0.08500578301926279
0.9083923207357217,0.2958824272375641,-0.2804772866178142,0.09278724358383413
0.9067926455185645,0.3057900233971349,-0.27632954287896516,0.08866534473245376
0.912201383335863,0.3018666777529666,-0.26106105687942593,0.09280231507630436
0.9145092937642435,0.303397810392717,-0.2503055288444166,0.09470830215797675
0.9175903938660869,0.30129154702389144,-0.23757700513648983,0.10396364464083653
0.9227920614927564,0.2980288794770681,-0.22185332266703525,0.10205244468011819
0.9189484300933428,0.3080451444187652,-0.22003664290180078,0.11057055489373446
0.9266991951876313,0.2989217471651922,-0.19923978949596918,0.11035350919616127
0.9315874233704571,0.2965037286045906,-0.18294176447535374,0.10374354125540676
0.9295299573356006,0.29987666147743736,-0.17731847288843777,0.12085613550554822
0.9308982241169979,0.30150805340940484,-0.16642973179395318,0.12174783135680074
0.9303899181368758,0.3088639150955772,-0.15922228837909813,0.11673022344026011
0.9345077329238675,0.30157277907125013,-0.1419964473195546,0.12484456326713438
0.9395512988719885,0.29740717235544656,-0.12313914882855825,0.11674365355459464
0.9384761132746581,0.299559737467957,-0.1154002481052339,0.1273158719024082
0.94048178712299,0.29606103570418907,-0.10112692537010523,0.1327223274091396
0.9406195040283349,0.2999008292385256,-0.09103157281281746,0.1304135499660927
0.9419955485440946,0.29779848792845565,-0.0774715439988379,0.1340097271882602
0.9406226637687516,0.30262134206049274,-0.06997696640136972,0.13693995730737618
0.9371965481166545,0.3080706663656593,-0.06660051616367184,0.14939700790169277
0.9423423456426506,0.3006666005120434,-0.043615547707499175,0.14031458564031538
0.9448029762902004,0.2937528103628897,-0.025479174400595987,0.14285459064708905
0.9410462862792155,0.30046588391547935,-0.022834107973055028,0.15372294297228825
0.9449444905763917,0.29264141855430825,-3.777242061223173e-05,0.14642714382617028
0.9400193498683902,0.3006512077443003,-0.0003674095196312175,0.16115935643066978
0.9436243828548904,0.28727350251949135,0.02360973644646208,0.16275607262661435
0.9429404004317035,0.2928592044443718,0.035222935650920294,0.1544546289692853
0.9408413465774329,0.2951553800017398,0.04335044253943878,0.16069101206360673
0.9420313950454527,0.29014283862954415,0.06259778892770386,0.1564464789059539
0.9403613010724015,0.2852026153501898,0.07320845744147479,0.17035437593989752
0.9374416025897109,0.286865311617203,0.07984233464119934,0.18037942322738032
0.9350546669934127,0.2936711902244271,0.08780675301028051,0.17810102720590415
0.9343238059535899,0.28768664882271294,0.10306685422584345,0.1834465624576933
0.9326725166837976,0.28968894035200154,0.1150613136275351,0.1815576728391058
0.9327134609729217,0.28043961453297445,0.1353805150768434,0.18185526788641396
0.9277541713658078,0.2889277639231111,0.13452922360406674,0.1941515715728854
0.9295880899336567,0.27283319424623825,0.1655113380381954,0.1844831378519361
0.9244774840087934,0.28057971966344186,0.16391002234098842,0.199373787270374
0.9225021647994945,0.28214586970767325,0.17822780953769937,0.1939544071542084
0.920873480805763,0.2748332129543141,0.1961468252870445,0.19489782024358365
0.9166791208052557,0.28338251571722706,0.19973694970916733,0.19874327708467648
0.9149211381131874,0.27191725541527756,0.21935271483085161,0.20215020093343375
0.9112720611450591,0.2797409055483596,0.2281610781505872,0.19816856147376466
0.9078881639424853,0.27322220553194604,0.23838325640467678,0.2103856726188934
0.9041065955812919,0.2778423184498047,0.24715299034547977,0.21050014077936066
0.899897397273807,0.27684439276966794,0.2522911983568518,0.22336295083000113
0.8969631349515633,0.2709292516897582,0.27071113298059113,0.22083921209118643
0.8930895757252666,0.2713633351362679,0.28186256563495904,0.22205054417466166
0.889116608872629,0.2725291021048334,0.29413371184468956,0.22064655875230624
0.8847377964484752,0.27223191838828875,0.3007641624942061,0.2294988729935019
0.8808555399260409,0.2650245777835791,0.3187737941989094,0.22855799938805477
0.8765880368918012,0.2597847982874691,0.3355831939916387,0.22691230038780932
0.8718907086194353,0.2600550379519738,0.34382012940005097,0.23230516154022215
0.8669484709280159,0.26577252898474857,0.3531659724470119,0.23030220906057894
0.8620968937386517,0.26897740721959307,0.35519742488455097,0.2414019253588854
0.8573023977370395,0.2568002447196536,0.37121247643896743,0.24756318482823333
0.8517022689682293,0.27089304454488594,0.38127813007854133,0.23632010277457027
0.8468271294330563,0.2564593193271688,0.39435899207050923,0.24818020823495782
0.8414984914530105,0.25863203173674926,0.4020794931667531,0.25163831627316957
0.8357338094019985,0.2564621718110724,0.4163496579397122,0.24985819295323652
0.8293999866523938,0.2489251328947261,0.43599839308601895,0.24502518560499278
0.824243768984499,0.25310843640296365,0.43737742475292685,0.25545903199607684
0.8184170210226152,0.25220314447310227,0.4464771371086859,0.2593170253908901
0.8120227616327452,0.24702659376680453,0.4605475405497088,0.25979387878838556
0.8052638389004219,0.24448240983702405,0.47469921459145625,0.25775794208111524
0.7993658474375162,0.23583581531038583,0.48335098321887016,0.2678946382231991
0.7927037463499954,0.2454905242816992,0.4913711144515714,0.2644042376611981
0.7863481141812304,0.2266181163538386,0.5036595709070663,0.2768174656656812
0.7794145560387441,0.23961582956549624,0.5114628623704214,0.2711142646052063
0.7715628929938732,0.2243836960164281,0.5291905932691116,0.2725802177569347
0.7642743819570152,0.23019516526400105,0.5382297980691955,0.27056152617047147
0.7559331891460757,0.22754228294155435,0.5528304131264509,0.2667734194848255
0.7523027068736343,0.22745239401173364,0.5463283226654312,0.2895365426720959
0.7423054753478529,0.22931111524657125,0.5657446961032192,0.27628234204170227
0.7347736629062548,0.22421556321623626,0.5757641969633057,0.27987610652956996
0.7286517206394372,0.22110524447188176,0.5796556909793703,0.29013517675636274
0.7204995155596454,0.22429866134971865,0.5892242398523745,0.28876522256918685
0.7114581793119176,0.21589702314201342,0.6035327897805302,0.28803455721201016
0.7037957260224489,0.20676346340108478,0.6126336555025255,0.29427954461792843
0.6944969552884647,0.22124180605475224,0.6216489130290316,0.2868425897221459
0.6879182202409815,0.21119541228022368,0.6272665675924909,0.29782826137390306
0.6793331823737375,0.1986868421565795,0.6384343600822612,0.3023764771707127
0.6713809011661325,0.2012062287090987,0.6448477602531759,0.3048525958139053
0.6622777008630967,0.19922063438468143,0.6547728384403224,0.3049129643286083
0.6512639090284057,0.19707624196132026,0.6690814140460211,0.29890857637348056
0.6453806561770782,0.19101986907796276,0.6705517059512434,0.3120186338918865
0.6361741357139948,0.19364065404423994,0.6787463394338563,0.3115913555524466
0.6285625524817946,0.19569263470174683,0.6828092210168629,0.31683604282878697
0.6145827470001087,0.18640874439213556,0.7030442384752682,0.305399125491017
0.6103619111298909,0.18605983620803648,0.699377625648435,0.322041940645102
0.6003413056782175,0.1870160163313408,0.7082094693066849,0.3210212982287506
0.5882172804773825,0.18284082801482543,0.7217914666676262,0.3155736700113657
0.5802087078821734,0.18204388340248404,0.7259036026763345,0.3213749203577653
0.5669106570814124,0.18362808955452092,0.7396305145164187,0.3127934360089032
0.5604927559828723,0.17990784870430476,0.7407976843729774,0.32357352687287
0.5518423069283832,0.16867936220775542,0.7472048331643384,0.32970028563075016
0.5413254854350962,0.16457549151323464,0.7556254538775278,0.3300178780975584
0.5300209104392244,0.16613074486569498,0.764213034500785,0.3278061134369634
0.5214867301032655,0.16050562069847035,0.7687426901407224,0.3336528321558326
0.5087109941991036,0.15620517697985623,0.7800455738936035,0.3291534136457499
0.5002647933993761,0.15888169335794816,0.7826880086709627,0.3345014575207015
0.4894079831066841,0.17459410537628806,0.7865238175039649,0.3337319417411089
0.47807203094231365,0.16279034743433807,0.795921886264308,0.33384844911780703
0.46965007240348905,0.1587502789276407,0.7990984128053791,0.34010128650700217
0.45532867213142075,0.1534695542132269,0.8110443497554293,0.3336614436737085
0.4491673020616342,0.14206869376246115,0.8117001971916347,0.3452651312981987
0.43562143066516973,0.13550340157268184,0.8220353977520009,0.3407794039406919
0.4276999380439598,0.13647617025277067,0.8229776092160855,0.3480730852555335
0.4110976644986345,0.135388955438152,0.8359410395082637,0.3374479507345951
0.40508851346412605,0.1310384051129472,0.8348191027211292,0.3490118885894411
0.39448246737697895,0.12681936468735655,0.8396676326523459,0.35108218175873185
0.37938688687445443,0.12844920315678174,0.8491091166851068,0.3443546140802179
0.375260462630989,0.1258436224609726,0.845114161324424,0.3593397030677128
0.3592113213642634,0.12753027849228588,0.8551119981988891,0.35140678025291916
0.34723338443202284,0.11842109652382529,0.8615467626433719,0.35091679414457133
0.33643917819759167,0.11918863592231588,0.8647302507190222,0.3533331882686996
0.3269217669071215,0.11091503301341624,0.867728622254513,0.3575850275028909
0.31582222406111826,0.12270021897815615,0.8690204967012137,0.3605611673003319
0.3018225424832211,0.09751370098787537,0.8794374486492217,0.3549422557007829
0.28373244090138705,0.1012304578258483,0.8892478729020062,0.34421870508118474
0.276351576008097,0.10336760121429701,0.887565933162511,0.35379607084647613
0.2614163630460612,0.11016503319760118,0.8926548383086399,0.350274878112201
0.2534670641183422,0.08994530707276599,0.8951428829451584,0.3555045826082212
0.24524060319870922,0.0896872567452809,0.894439151656567,0.36303146765001004
0.23100162171407612,0.10218732425782046,0.8972362059401491,0.3621645927981101
0.21760033009069296,0.09251063017120215,0.9028725021966009,0.3590447387540977
0.2042092063325094,0.0912177171437989,0.9067163411848738,0.3575519609181821
0.19343482219233335,0.0863833678988717,0.9085876176359636,0.3599853113565513
0.1823784995935659,0.08262933062273148,0.9103676664410524,0.36213421338712615
0.17019227585997976,0.07656440810285504,0.9133913123618429,0.3617855596225072
0.1587323409234575,0.07372251412103056,0.9150364696489109,0.36342439938602383
0.14959887536272523,0.06258732377750793,0.915953093020588,0.36705985176615674
0.13141803007208352,0.06460533438852224,0.9220732852941851,0.3582405737591852
0.12308332495520119,0.06361061297792135,0.9203243787994535,0.3657966960238274
0.11488179660108182,0.052206933439433494,0.9201723335596695,0.3706204061596058
0.09980721266078786,0.05818023016053657,0.9223930887183475,0.3685709850272825
0.0901996329976968,0.03949499578280078,0.9243018009350248,0.3687415792983943
0.0737931412157334,0.05673207546959389,0.9251465685961164,0.368021562598267
0.06286850592951554,0.05187216081949317,0.9254708427626358,0.36994668411856796
0.05644934399159695,0.037551815955811876,0.9240799340426247,0.3761377516032437
0.029392947035034107,0.05180145702094504,0.9320976066500294,0.35727680500195047
0.030383472846074174,0.03033118971636056,0.9266855373524091,0.37337752793937157
0.008289219248296644,0.034610514354827523,0.9324884120572782,0.3594422937251368
0.005979277104843049,0.021349995620505033,0.9277392523452055,0.37256986672423653
0.007506712551187795,-0.024316083084705585,-0.9275679398409238,-0.3727869288883209
0.018888199867234827,-0.016149058409114174,-0.9278135280885533,-0.37221566452028765
0.03306964061898185,-0.02417844329947613,-0.9267301771351846,-0.37348759087286043
0.048910248664381956,-0.019191587646683255,-0.9289001721749158,-0.3665841522387896
0.06470729861275898,-0.018431247208181484,-0.9299752430293605,-0.36141292448538415
0.0712438330023441,-0.012482349026931936,-0.9262914855060066,-0.36980074513307826
0.08797459538245483,-0.016251778066155444,-0.9266246413107073,-0.3651891624799347
0.0950978753820492,-0.012038070653067024,-0.9227650971411687,-0.3732506590092373
0.11240402609129238,-0.007662599767228478,-0.9247003326901581,-0.3636425637985648
0.12551251401451077,-0.006506827201200409,-0.9233567566537033,-0.36278998052246025
0.13630027866314676,-0.0010909689325698732,-0.9214795610291425,-0.36372580665753346
0.14581989675411872,0.005716639708679795,-0.9190971542973521,-0.36601133685115284
0.15788512527958903,0.004550721765908756,-0.9162759003249366,-0.3680897344813992
0.17221899545180863,0.006142920433319889,-0.9150664933553209,-0.3646315878698896
0.18173747504729176,0.004852615976066189,-0.9105234779971498,-0.37134207719782775
0.19417672534117533,0.016438220632277227,-0.9103098486127282,-0.3651864780586691
0.2074766077309856,0.014848326807196551,-0.9073839555384873,-0.3652223181389644
0.2170688050082517,0.021203436758594697,-0.9043042695417751,-0.3669677591429967
0.22680610957336622,0.02645033465053347,-0.9009504858135031,-0.36898182959257286
0.24520807626324767,0.013567301760390475,-0.8971726723416793,-0.3671105060625619
0.2541109368951061,0.03762208599190806,-0.8976840733026348,-0.3580160819498184
0.2630774712949811,0.03318721448915998,-0.8914042572810803,-0.36754224654134005
0.2724853572989047,0.033408714932338546,-0.8862248400828269,-0.3731502655022861
0.28291419679213275,0.040352079968188924,-0.8830870600125548,-0.3721404457111395
0.29884293483439,0.05152581831011207,-0.8831819723857576,-0.3578094381089534
0.3139821003155241,0.0388149891961794,-0.8769219715589885,-0.36182384262545475
0.3209602318546556,0.04813643205318387,-0.8725691873353578,-0.3650896147385026
0.3239892356133635,0.06709145038661503,-0.8689415875560622,-0.3680628070142916
0.3445472602257851,0.06264732947184234,-0.8665049218106708,-0.355712971451471
0.3542509271113098,0.06563259946728754,-0.8614043452916377,-0.35802401656959937
0.3657569919005319,0.06889819028267086,-0.8569662356873392,-0.35648805469961997
0.38039270393763985,0.05307667201629776,-0.8483467851734028,-0.36440635253057524
0.3871752486017894,0.0725344572809097,-0.8463718566691886,-0.35845328791274517
0.40657811059653504,0.0629732741605225,-0.8410012726522731,-0.35134806975777233
0.4157769936168069,0.07430986226702521,-0.8374298726988226,-0.3468699241220823
0.4188256668451914,0.08259443425875948,-0.8306732726240946,-0.35741451337226493
0.4383983710324641,0.06583215233287616,-0.8225309937985091,-0.35625238277959625
0.4415924218515143,0.07817300587415338,-0.8169269081493314,-0.3626507146794116
0.4592083150565962,0.07721628508550274,-0.812498945995174,-0.3507290000231055
0.47022736044389835,0.08010260549221881,-0.8066764327322606,-0.3489168023435907
0.4775652100277538,0.09014438824407191,-0.8016810146681648,-0.34801294539121874
0.48895098394426423,0.0947099584398042,-0.7963383225111947,-0.3432233021989084
0.4993303990567829,0.09664813513001051,-0.7897201986149435,-0.3430310459029327
0.5088236117638462,0.09468424060049718,-0.7813748473130292,-0.3486929518645916
0.5222044203184095,0.10219859941368437,-0.7774372177058723,-0.3353347017586273
0.5275184775142842,0.10930451517153668,-0.7704679447968892,-0.3408165560599789
0.5458995318394468,0.10024202353959376,-0.7625246889257534,-0.3324174132515377
0.555153968054257,0.10151281637972048,-0.7547005194265234,-0.33455395056942006
0.5665267928919804,0.10151851895115596,-0.747084955174275,-0.33257398123987775
0.5725395871248391,0.11149264850226469,-0.7410607706502791,-0.33256088872277767
0.5806057754872821,0.11663948218198601,-0.7339812229304234,-0.3325112465055731
0.5963069882804444,0.0996062096224113,-0.7209884765331386,-0.33863283278351247
0.6002393765757632,0.11585322469010687,-0.7166355056705958,-0.33574435683878945
0.6156638064862834,0.1156082633231629,-0.710004078197719,-0.321693978459078
0.6174862658530132,0.1270097419749172,-0.7027647422158211,-0.32969827725466994
0.6314955894947825,0.11999169328909237,-0.6926307734140269,-0.3272276359205326
0.6375780775814444,0.1323246525198759,-0.6873614648299738,-0.32174306206946635
0.6503423951891959,0.12839356237453062,-0.6778774889652278,-0.31788672843413074
0.6534620016092473,0.13590202727245565,-0.6693451508340605,-0.32633590132101853
0.6699170358037191,0.13093418957649225,-0.6606974794241195,-0.3123239405209291
0.6730221159096798,0.13481714788518118,-0.6503201327682888,-0.3254985300255565
0.6820503668419626,0.13501768775904346,-0.6406764704110957,-0.32574711256514055
0.6911245125962654,0.1476283365567729,-0.6368577277462826,-0.3081639449122765
0.6981951359222514,0.1521710673848871,-0.6284023705702273,-0.30737270387458243
0.7053323594566108,0.15047416252750104,-0.6169858677220507,-0.3149479768887012
0.7156916817137852,0.14659374994641478,-0.6057290221582222,-0.3152586888851535
0.7220725216333954,0.15469497698460993,-0.598609970595954,-0.31039787483298237
0.7339106824189747,0.1518144163097158,-0.5885017628959855,-0.3033037558293211
0.7373156946701861,0.1595208144190337,-0.5796881990005893,-0.3080264081204116
0.7483261326192242,0.1631739025521228,-0.5725049412358139,-0.29260958464418574
0.7535737911251188,0.1653950606381571,-0.5617416642653235,-0.29869268132018373
0.7584030946769912,0.17129816437911605,-0.5526809203513515,-0.30004247223400077
0.7660574666046454,0.17171008654478728,-0.5420442435269704,-0.29976597888574485
0.7749502692661124,0.17243315126042263,-0.5322384872163237,-0.2940086414316069
0.784764772568383,0.1660749291289446,-0.5188750312632837,-0.29552000199992645
0.7907321858511079,0.17170494493512314,-0.5102503889667496,-0.2913838751599616
0.78939355878021,0.1945680140425989,-0.5076223515762481,-0.2851677496633062
0.7984823880425894,0.18751318348494614,-0.493319915879872,-0.2896552133164888
0.8071077402181492,0.18695368416284797,-0.48264974228134344,-0.28403281840949895
0.8166211393001361,0.1798600117513649,-0.4685012755499133,-0.28510848080871043
0.826226636747721,0.1802341875248106,-0.4593268126702959,-0.27181622751036755
0.826843160900453,0.18954428668253528,-0.449519529215059,-0.27988487546208785
0.8322521210658347,0.1891989131960291,-0.43680656117128225,-0.2841834026550099
0.8412557064828606,0.18619305848783896,-0.4251019382486112,-0.2773253024486606
0.844832020837495,0.202356212436027,-0.422327628117906,-0.2587473562850136
0.8522503111262535,0.19219871226748844,-0.4046480116194205,-0.27016485500592524
0.8589582161601312,0.19000680495935943,-0.3918824700731165,-0.26928855640285604
0.8609786763809195,0.20114538400308543,-0.38467614730464805,-0.2651047246023049
0.8686578881312254,0.19679029264390926,-0.3713446120299273,-0.2623170471488021
0.8725295493283142,0.20332824792174115,-0.3626509571086773,-0.2565815512739846
0.8753554158918099,0.2110319145007456,-0.3539883708386723,-0.2528055779487653
0.8829889106356416,0.20415198547436422,-0.3390160849524312,-0.25242948453951264
0.8882245874383986,0.206960524762292,-0.32923330046509797,-0.24460142543505725
0.8907134322192481,0.2081860686222318,-0.31543593248258917,-0.25256348705754283
0.8962640498862795,0.20794622649436073,-0.30387687030749666,-0.2472407075307821
0.9032929839297018,0.20441292796603444,-0.29162482918207294,-0.23923231192348376
0.9022046970457832,0.21364380334868266,-0.28027702978443075,-0.24865195855744487
0.9029481193145018,0.22667519506965614,-0.27457631895090207,-0.24064682594605322
0.913808451666168,0.2061679295152491,-0.25331412882886506,-0.2414142718203487
0.9128472694692974,0.2174208592165441,-0.24394653854014353,-0.24480220369569802
0.9164729820671309,0.22269471477548883,-0.23571786098254302,-0.23435321027427491
0.9196251786403618,0.22893162859315602,-0.2279376853068372,-0.22343735555481573
0.9231935792135765,0.21632774639939795,-0.2046160893398871,-0.24299830744232573
0.9281322044673491,0.21937287971300126,-0.1969875259763534,-0.22724890601875192
0.9290458132161798,0.22591620888109926,-0.1869059098676369,-0.22561454821626503
0.9322923673297607,0.22565631365232208,-0.17446724518908407,-0.2224215598444705
0.9355692455912705,0.22030343898072313,-0.15792778138476815,-0.22635237428384208
0.9401991237773126,0.2254300982437735,-0.1528240181498456,-0.2045768753567029
0.9369142571734566,0.23253814311077795,-0.13756178973949343,-0.22179819816078092
0.9414869852146054,0.23296748350109403,-0.12878439363233496,-0.20674377441517472
0.943025793670702,0.2355775628567797,-0.11747635198086805,-0.20348186915661512
0.9455213336368404,0.23348608334783233,-0.10379173947912113,-0.20174471823668153
0.9483178354672507,0.23380031609038066,-0.0930589975635195,-0.19331507469211864
0.948355067488954,0.23358224301710817,-0.07754632380499542,-0.20012138661184856
0.9479973534571984,0.24112274912044823,-0.0684195182963438,-0.19616219618173458
0.9518037954623607,0.23400501476532595,-0.053770966174005536,-0.190839909884799
0.9496015577320354,0.2392484200175417,-0.039923681010886385,-0.19855270022475874
0.9518782169443586,0.23738286168741768,-0.02789077821237346,-0.19183154478507738
0.9502391943765427,0.24579794570618743,-0.01822301056665156,-0.19051709960821073
0.95041137001735,0.244531044845655,-0.0036125299407764183,-0.19211909190880283
0.9513757186475563,0.24232406465523093,0.010062456356571532,-0.18990007011290289
0.9526111130954044,0.2382228710646196,0.024413827391898735,-0.18757903918333466
0.9519314744546635,0.245755850665562,0.032285196785767994,-0.17996720777608455
0.9510964245900629,0.24718899989146725,0.045144826728478284,-0.17965281540880637
0.9504092611932293,0.24626708070839734,0.059347311367524344,-0.18042355120923023
0.9498934166500899,0.24425529183355055,0.07374442833036815,-0.18056469396411132
0.9543372308753266,0.2444477638224944,0.07723576047806735,-0.15336354792052187
0.950283066275233,0.2457204434996482,0.09480685318146657,-0.16611808506813847
0.9472160483390515,0.24872236567331074,0.10883232399738088,-0.1705123685723495
0.9478883050255906,0.23743726910834728,0.1265499498307262,-0.17063532644773133
0.9483119565310186,0.23988514900033334,0.1343885594659274,-0.15842747070527938
0.9448895885598791,0.2409169436346016,0.1494767973709528,-0.16370515797807828
0.9438531249445468,0.24947950091752047,0.15490649250852817,-0.15134475786450008
0.941676083645634,0.2544817477236238,0.16447104308404287,-0.14640515548366986
0.9419908105988516,0.24717328909556585,0.17823621501426593,-0.14067881703506965
0.9390136157658726,0.2418818226638393,0.19568235551536112,-0.14647535291331754
0.9366774554442947,0.25253007674781497,0.20095004249774703,-0.1359521431250632
0.9354405311694537,0.24442049234551116,0.2166946285068617,-0.1351039360761245
0.9307903961319597,0.2405134257593687,0.23473254479611522,-0.14381642086890462
0.9265589410423474,0.2536146995997535,0.24108490307576563,-0.13800790712984295
0.9251868911038649,0.24876629879990741,0.2538320291779436,-0.13309337351787337
0.9209985336344293,0.2499756632448646,0.26697662320147963,-0.13415420788203516
0.9180334693111855,0.2519543286414065,0.2774185575510781,-0.12950872337262065
0.923008715673765,0.24450032661954482,0.28015681092744477,-0.09892756119589163
0.9120192878952903,0.2567961136458716,0.2970712322725489,-0.11842827989721715
0.9089498830919556,0.2452116399036019,0.3147486615164565,-0.12089103257275034
0.904089826362947,0.2543518410840998,0.32294883559431614,-0.11675091602390365
0.902348421035462,0.24538263483579925,0.33630239420968294,-0.11160371510251962
0.8983370276012053,0.24619282400960207,0.34734350948792214,-0.10831511742791126
0.8902288361596497,0.24711812256993776,0.3639778702071651,-0.11809048550497654
0.8843468316596427,0.24852226123129706,0.3767405530837959,-0.11930600432564223
0.8851776332046409,0.25060088923184176,0.3794618108329822,-0.09832846032453908
0.8766039327977668,0.25129228231861617,0.3959625523923128,-0.10784892652944773
0.8758579242862714,0.23716339741210674,0.408400763593316,-0.0991727567897937
0.8708136476638088,0.2412173523530076,0.4177324195283662,-0.09485465534824272
0.862582776502182,0.24353196766529328,0.4318788804643257,-0.10061693205289997
0.8610789759529235,0.24506604201809246,0.4371622689790393,-0.08587655560482964
0.8549477954960282,0.24847245109751293,0.44752003527926704,-0.08397336509703018
0.8455973165303879,0.2392529459883018,0.4673518526217704,-0.09646477058244983
0.843726116882566,0.2387190061937755,0.47353778500331123,-0.08307491767242672
0.8338904619096124,0.24760377400860362,0.4853821758030395,-0.08788180725028956
0.8297252644864813,0.2506515192398644,0.4924449920762772,-0.07891597528119237
0.8215092661777388,0.24234929529913626,0.5090046592051631,-0.08546111138735098
0.8155400345410713,0.24739734297086335,0.5170185128657934,-0.07988031112701419
0.811607785061878,0.25014183331508494,0.5233350920098108,-0.06958626246468165
0.8057808440844407,0.24748147999871484,0.533927471030562,-0.06626917868149908
0.7987564297836863,0.2451283550174652,0.54552236727302,-0.06561708809823058
0.7934482934092886,0.24277037113460295,0.5548710868612252,-0.060170005405495684
0.786895223344517,0.2439116446980561,0.5640406262010993,-0.056224452446812415
0.7741842423283849,0.2401760413721911,0.5815224933219405,-0.069179605678566
0.7739869718065078,0.24272675911912844,0.5828310637309375,-0.048330518635545314
0.7589901105827391,0.246915272803551,0.5992023767704739,-0.06263682436525936
0.7593736481874491,0.23210819049117842,0.6060071363806336,-0.04725252375417899
0.7488332130194141,0.23959325447550817,0.6159934225034589,-0.04894890112485156
0.745971953506002,0.23455601889500255,0.6222129228062049,-0.03688356375848361
0.7310014576573306,0.23300044258274202,0.6392652468816374,-0.05184213333248849
0.722687462948363,0.22763743364565373,0.650516148301465,-0.052275907447939855
0.719847218102844,0.22974780108750564,0.6539648182012285,-0.036958720758255625
0.7095032033920227,0.23716353141328764,0.6625983464154269,-0.0363606252913623
0.6976137525530819,0.2394544513642228,0.6740488091752237,-0.04067948893643455
0.6958114468574313,0.22468368908997746,0.681528034436569,-0.029718824945033768
0.6827046855521595,0.23590294409072884,0.6907981792479596,-0.032588170279374475
0.6787783056806909,0.2281569736600308,0.697616837418971,-0.023133422943862596
0.6671679616418333,0.2271397307657784,0.7089095719161735,-0.027233665048219585
0.6558304823242672,0.22839931579881478,0.7189289723004095,-0.029347296025858473
0.6515863201148269,0.22494114654359915,0.7242220170869039,-0.018417871686100807
0.637427024468281,0.22445238167703252,0.7366122652924783,-0.026651218690798114
0.6284223014077606,0.22924317487953297,0.7430133011607505,-0.021545583369441023
0.6207257113331779,0.22154835930868735,0.7518284636991504,-0.019232185245683264
0.6046415882463739,0.23138977801664087,0.7617275625583928,-0.025267386710184504
0.6025212414516582,0.21849690165415034,0.7674800247358106,-0.014201028082825135
0.5922705186728391,0.2146977633764064,0.7764680608614268,-0.014759863626427408
0.5860036035498665,0.21491199066888425,0.7812705798941396,-0.005375303264272484
0.5731999489561529,0.21257204883162778,0.7913002146774469,-0.009945492628033561
0.5638607945249445,0.21937295170944185,0.7961953254799358,-0.003084824125393594
0.5552136636191275,0.22629638157875512,0.8003116978265077,0.0053778933646407125
0.5389930172180588,0.21574522736459717,0.814163050201104,-0.008891116173262631
0.5313261333668066,0.21066344789745908,0.8205459549556182,-0.004217526218742618
0.5285985922023373,0.20852016192729944,0.8227827395082602,0.011464465046495119
0.5138741301963593,0.20967941218955555,0.8318226885778884,0.0062399668132802335
0.5011334685295826,0.2056314799474563,0.8405805601223014,0.0022941487760383705
0.49566603165432804,0.1975420923377836,0.8456912267746428,0.009932561364575355
0.48295944588542894,0.19805186221079205,0.8529073267400232,0.008644391133225784
0.4718218153379053,0.19264681777709677,0.8603597816963059,0.007240456552364977
0.45792589235500464,0.20399562404318,0.8652070143617356,0.010319146348307351
0.4504559024360016,0.19730207089445295,0.870592913807302,0.015144345804277901
0.4373685674154785,0.1942922598669533,0.8779623304812875,0.011891183649711269
0.4285112348228543,0.19284373067730876,0.8825456395949324,0.01739572364180748
0.41519496070359274,0.1945656044314344,0.8885237806632587,0.016818483119536987
0.3998815889035178,0.20826972763287527,0.892354609215217,0.020535014489492225
0.39752717410633315,0.1890563417054919,0.8975023416065002,0.026821489869485723
0.3808095178922399,0.19187602286841104,0.9042750826180138,0.021313795698219593
0.37024205208730476,0.1928727517546048,0.9083232096145758,0.0258818734303367
0.3553283699051788,0.18282819606177703,0.9165572403595431,0.01544103007650462
0.3428338986551817,0.1847088377639847,0.9208934648704107,0.01740084893726238
0.3261946636324115,0.1866136085313622,0.9266198781907712,0.01216568413047235
0.3233749578711324,0.18036220391757435,0.9285601024795602,0.025966287816856524
0.31721933099774086,0.17922741917647286,0.9305094457654737,0.03743794329177369
0.30218801647182525,0.17551517249344672,0.9364260559450568,0.03135392595202772
0.29262794460312425,0.17317264335200963,0.9397237470510648,0.03604720322210998
0.2837218318340493,0.1705873057969461,0.9426856499482932,0.0417810797279731
0.2657719473559688,0.1738609506373745,0.9475508796152938,0.03584651143930142
0.2514238190470426,0.17316277927965568,0.9516718102334207,0.03348851586723486
0.24062335890729294,0.1720807558002212,0.9545160392878408,0.03725242775510886
0.2229477536149096,0.17344398045525242,0.9587821963840287,0.030792607861681816
0.21748604131158683,0.16283150743911104,0.961696174474316,0.036416891975970464
0.21087700649795968,0.15377150950285182,0.9644549467836323,0.04137470991142861
0.19487785370651645,0.15609542939241988,0.9675568238411059,0.03860869974563285
0.18690791457965406,0.15346954814225783,0.9692026193343146,0.04646301686286899
0.1644664337116551,0.1606216672901393,0.9725331109435642,0.03648040977762736
0.1571824625409482,0.15757734752015018,0.9738608266857806,0.04536676388023907
0.14898380616864518,0.15211725638048873,0.9757687740925314,0.050393107829685244
0.12664196049250862,0.16043432106467764,0.9779748769751775,0.04228217677130084
0.12485777208282668,0.14614865367659055,0.9800368395443105,0.0507828801372786
0.1091077897502122,0.1493260952859781,0.981476624666441,0.050008426448294035
0.0914520456655907,0.15555448591154075,0.9823645435259628,0.04898192400684923
0.08387089550898144,0.14809003866156173,0.9839794650770958,0.05309826402375231
0.07055363969191795,0.14493617909809423,0.9856146553613232,0.05078817826676259
0.05783562939705196,0.14594899745821932,0.9861255546396563,0.053947387330733614
0.038791363870203155,0.1373142930651403,0.9891773000812212,0.03418016988125304
0.028937579799239575,0.14420591996996823,0.9878720278969862,0.049760683473442834
0.015068210364898827,0.14329095041504744,0.9883666334100812,0.04870370137056704
0.011237094494746405,0.1323243262017921,0.9895615887047244,0.055963046402369765
0.0015016466504065556,0.1268655592590023,0.9902325002217829,0.05781410238542768
0.01113871301739968,-0.1245997583590208,-0.9904776892700291,-0.057487184207484006
0.02709629725940713,-0.1282719314617073,-0.9897007999536931,-0.057484161688226086
0.043286710552362245,-0.13213800480256715,-0.98861724698234,-0.05746083314244123
0.052424437842351325,-0.12038870620179284,-0.9899572027438256,-0.05237341378617046
0.06384910908656256,-0.12435891363818695,-0.9882151948477865,-0.062360889502462956
0.07668974506795864,-0.1231146918652724,-0.9874276509707032,-0.06283382645370203
0.08825710211529104,-0.11492447251764672,-0.9878187635625688,-0.056719836886933696
0.10602255177575029,-0.12297624228036096,-0.9849624333010926,-0.059034458879149126
0.11393128868829866,-0.11375786558417589,-0.9851892915388301,-0.05899889247076399
0.1366099541955034,-0.13093857300723913,-0.979832405449227,-0.0641971007531906
0.14253225249730958,-0.11602968610459156,-0.9811508959170491,-0.059704173905054045
0.15223338453132818,-0.10790950861378046,-0.9807993152462537,-0.05668542843933056
0.16391839512354556,-0.10132208322111018,-0.9799261084494278,-0.0510824546299102
0.17350090668058937,-0.09800804327153492,-0.9783771997264116,-0.055406803649080016
0.188760377979746,-0.10160961603595729,-0.9750929089288545,-0.0569106720276232
0.2044188803449796,-0.10215580017423416,-0.9721256694531595,-0.05242896756101111
0.21259336200996867,-0.09826337915225475,-0.9703785312738421,-0.0592779620913143
0.23066743778901802,-0.10539291216131455,-0.9654481424150956,-0.05995624669080746
0.24094857247520354,-0.1016729938965282,-0.9632274263629356,-0.0616385661458348
0.25001855958586544,-0.09454453600922497,-0.9617330455990695,-0.060179727285433714
0.2598401332950576,-0.09216171782861612,-0.9590241109570202,-0.06528458852732782
0.2768063382331843,-0.09495861692907322,-0.9542928021597851,-0.060715401101195055
0.2864053806240442,-0.0877553543772287,-0.9523838175844904,-0.05688602403855522
0.3000530273832074,-0.09027976345917277,-0.947697668280837,-0.060719639351636136
0.31766688210986455,-0.09474275548160001,-0.9417435858695388,-0.05683819814116168
0.32001378182804463,-0.08144322166688588,-0.9419283696611053,-0.0610665826144219
0.34086129021573575,-0.09070667823098963,-0.9339767623458584,-0.057212645059563166
0.3466385805172544,-0.07704554797399904,-0.9335411302716142,-0.04905747777420419
0.3583713175192817,-0.08143604658974161,-0.9278656208406975,-0.06327368139467766
0.37502996422276796,-0.08253217767503943,-0.9218123564186992,-0.052942847836984136
0.38298918312748365,-0.07906860872831249,-0.9183126068772544,-0.061395413276670266
0.3925094833664105,-0.0709921813204306,-0.9155230710025196,-0.052095317648672555
0.4076006073632327,-0.07678821194355101,-0.9080436618705687,-0.05849806424425166
0.410859614112225,-0.06250686221552515,-0.9078851031394701,-0.05506277476623574
0.42715480577886344,-0.0684678861746278,-0.8997842772556004,-0.05691374936179037
0.4401143553591983,-0.07079649146934217,-0.893006707084246,-0.06185654456030193
0.4486619832171708,-0.062077433501505054,-0.890061011610003,-0.05138299988595449
0.4594234069124556,-0.0623800036940905,-0.8840531174965238,-0.05906736632654973
0.4648043829577629,-0.05167619726650712,-0.8821760432288851,-0.05524386818783442
0.4891492452539023,-0.06730201612167608,-0.8681567309052836,-0.050073396902412595
0.4919444767924118,-0.05544442353983877,-0.8671819095246003,-0.05396372341715394
0.5069581944780315,-0.06051250070533533,-0.8579409474473624,-0.05717479342405424
0.5182478196692538,-0.05733117492193279,-0.8519902042367036,-0.04738170189889392
0.5333794118726356,-0.06287461566926421,-0.842006351971061,-0.050778823688909396
0.5409061037855427,-0.05721137647536665,-0.8375497220290135,-0.05155490683203569
0.5523588665049174,-0.056248864668687316,-0.8303458822315639,-0.047554849153082744
0.5601518306210634,-0.05007080651625451,-0.8257911801921156,-0.042329277144742265
0.5703650424562279,-0.05019609600104371,-0.8182032654339882,-0.052033515384972424
0.5824964913176292,-0.05287058971794926,-0.8088048770892743,-0.06113271744435475
0.5893525481861129,-0.04494660823211643,-0.805024862396616,-0.05077742882692892
0.5982459145136474,-0.04108116427187197,-0.7989233679542678,-0.04621272385833553
0.608579305392925,-0.03880574013741268,-0.7917202388762994,-0.0361165742216527
0.6250639031609111,-0.047109647173101885,-0.7783842340750029,-0.034551154133318565
0.6302102533328573,-0.03986625698560159,-0.7741462173314768,-0.044083470138584845
0.6422383982083423,-0.04121268322309882,-0.7645467705873411,-0.03604982930338256
0.6490965534675347,-0.03623754714479969,-0.7587097939912051,-0.04147231552878834
0.6631673567170377,-0.041514350681040466,-0.7463535248295365,-0.03797409178630888
0.6659235633802875,-0.029842132103938726,-0.7447049716367978,-0.032707187372618164
0.6724966811020613,-0.024237943476097024,-0.7391101694348724,-0.029612386609597283
0.688723129396459,-0.0338796098098173,-0.7235717242235679,-0.030928675652477887
0.6975002599900182,-0.03224332261342065,-0.7149295101855353,-0.036463007645757856
0.7076766826602713,-0.03285005567504669,-0.7045282180104322,-0.04188766749468243
0.7115861703995193,-0.02376885195361919,-0.7012241237541101,-0.03694444529606003
0.7266387399369701,-0.03232447929548091,-0.685122141881628,-0.039483165585080034
0.7302542271634501,-0.023062297669590358,-0.6817653847316291,-0.03732096351710814
0.7423632990398015,-0.027499530272589577,-0.6684306197584229,-0.03661986677883807
0.7480874791312079,-0.022354435030601975,-0.6627097257851972,-0.026100232782219155
0.7577655671575919,-0.02349014165811268,-0.6516039963913317,-0.02553018531190901
0.7672821867546018,-0.025171163414025508,-0.640529151872033,-0.01915369477554469
0.7718859496242758,-0.017700479495536506,-0.6350982594367302,-0.02299944909544229
0.7787273378283069,-0.014588054515569219,-0.6267687145221188,-0.023062967731399427
0.7932954254150091,-0.025142060376657848,-0.6078358354975978,-0.02420417113998472
0.7945913841717229,-0.01334644799439684,-0.6067298894352049,-0.018034572130831338
0.8088009467703396,-0.023324139986615554,-0.5871111680845283,-0.024443594410553535
0.8125820414628167,-0.017091217100549276,-0.5824256384820778,-0.014095808912131738
0.8162616120038134,-0.007506523777805807,-0.5771072044898574,-0.0246557781384226
0.8235567008679172,-0.006559383521094603,-0.5667031191290236,-0.023641271387362554
0.8297493172404898,-0.0049647419943626234,-0.5578823451517342,-0.01608449078683681
0.836838240498172,-0.0033901750506856163,-0.5470960084360457,-0.01939648180458881
0.8414976721519096,0.00048359226907562016,-0.5401358658826207,-0.011605183698074088
0.8567256290054204,-0.014222893472118903,-0.5152830911556591,-0.01738510499296068
0.8599240915928744,-0.007539886041059394,-0.510228765076841,-0.01184542548072796
0.8688120937396412,-0.01281198913825279,-0.4949107214675608,-0.008048383845263865
0.8719187024964191,-0.006959817041941198,-0.48960077219966164,-0.0006488799571304429
0.8751850595096748,0.002146204678943253,-0.48373618959684334,-0.0067678867344207845
0.8841174470582023,-0.0040731820024163794,-0.4672313204954563,-0.0038265054206366687
0.8893480100276911,-0.0015681760547834388,-0.4572128083392243,-0.0037557654621632394
0.8946117560290304,0.0006335055829531726,-0.4468274447616167,-0.0038261276945923744
0.9024854243487997,-0.004063557002843413,-0.4306896434187102,-0.0031587013654156603
0.9043637845853444,0.002704657029625655,-0.42671822718842384,0.005512217883360345
0.9137449780207494,-0.0031741107363969507,-0.4062576902307024,-0.0038378758849089275
0.9149523729998195,0.0021349182748149668,-0.4033880759367247,0.011647208164459874
0.9210126748910978,0.005508168189775642,-0.3894922663564732,-0.0010426992069571222
0.9221306950867305,0.013994252908807172,-0.38658331157256864,0.005699585772128432
0.933369509961116,-0.0044164393410809355,-0.3587968201195437,0.008166689084101814
0.9353734382876336,0.006156224529508592,-0.35358521011116273,0.004016346120242431
0.9413272589096167,-0.000666286027272198,-0.3373304615339602,0.010521759259881901
0.941616496914486,0.012783931990604517,-0.33627382896258656,0.01071707871541291
0.9489624142356581,0.004314942092683719,-0.3152250061783242,0.009214831666590179
0.9523624930167812,0.006182116618873875,-0.30469756874048837,0.011262989505777362
0.9532782229283525,0.012099973475976668,-0.301114808951548,0.02107349431194573
0.9593935826248507,0.0024593161007525404,-0.28103419386326534,0.02403512559141297
0.9637489671116262,0.0049124988879449,-0.2662881196003766,0.015950959395761678
0.9624219192499601,0.015387288257317949,-0.2693433845362094,0.031006804315976452
0.9700425839676169,0.006001362037846916,-0.24213027506039103,0.01882282769137213
0.9738788265540108,-0.0025034811967549826,-0.22548646237797773,0.026638675942045668
0.9738819213372603,0.0107739270945375,-0.2249279144514963,0.029075059551245532
0.9786765632785717,0.00546195694174312,-0.2039943838235826,0.02342312711930969
0.9767979717477147,0.015208784585466083,-0.20930908357224745,0.04270975058613242
0.979932993959964,0.013274403071200157,-0.19430279480090049,0.042444569786059254
0.9853088340067646,0.004817658900968772,-0.16775524274897768,0.03164601588155527
0.986005323900552,0.008255204571276839,-0.1617621587538333,0.03947602858132708
0.9887113533218679,0.009002123271195601,-0.14567845063799795,0.033861639191911486
0.9897559427437658,0.01085041015772701,-0.1368880987850144,0.0390780093381519
0.9925711789486507,0.004127717867214439,-0.11602901210818371,0.03636873677890662
0.9909249314464809,0.012302916741807874,-0.12152599077273937,0.05610572202668171
0.9934437068200874,0.013138939477766674,-0.10332550210899108,0.04712547360917118
0.9954484304930405,0.00881860044213541,-0.08411800392743515,0.04391828697078405
0.9967542528370805,0.006846912436138897,-0.06799542461620073,0.04255233803855964
0.9964650206836084,0.006613615105558103,-0.0628247012333065,0.055378511754988244
0.9965112551234097,0.009993250505478151,-0.055953311422626356,0.061112030710363634
0.9968009158158073,0.01149089337055881,-0.04595320881808738,0.06437543163067366
0.9970010533759698,0.01148250734702493,-0.03503786245829618,0.06803969272847826
0.9983760486969541,0.019751525858760773,-0.016215531205966454,0.05091364416555103
0.9984582615455615,0.009355728958181365,0.0031366412216569015,0.054623545920444244
0.9978700438512677,0.00562168663051585,0.012975522044944319,0.06368208579623265
0.9980266725807387,0.016309206333136934,0.024130759850881096,0.055628023829911354
0.9969756664832381,0.005222658351128411,0.036822691353061446,0.06823733348811174
0.9964367368899958,0.0030110735746364838,0.05587355111661944,0.06311029311898338
0.9961812013991705,0.016605000804062003,0.06301264361210551,0.05810933377880323
0.9948656741802065,0.010686224783382407,0.06950495313500842,0.07278156653674335
0.9939635912025525,0.014560947012445955,0.07627034832846273,0.07750607815959225
0.9919532065705943,0.0016304812973136186,0.10621170212837844,0.06888578834598451
0.9910462414740515,0.00861813284199465,0.11229053295803779,0.07172106562561263
0.9889266148630921,0.0029439036740445965,0.13006035860745246,0.07141279272990445
0.9875612190622363,0.004843315151288121,0.13604379349202578,0.07868587646429441
0.985662260156286,0.007885513936000446,0.15166763815021747,0.07351635948210328
0.9827720155577612,-0.000895791652097406,0.16794950251623783,0.07714484816499394
0.9818122034366231,0.004321788646550661,0.1678234518682644,0.08866458328350676
0.9786593006047274,-0.0009437656756222925,0.18636376606694602,0.08656575156238143
0.9767974820417632,0.004666436096468553,0.19582476547703734,0.08658847889235684
0.9737189965919759,-0.0005186054434984987,0.20905677164353217,0.09036765435870049
0.9710619388334313,0.004600840968944879,0.22272171352492764,0.08609635030566534
0.9678656398544252,0.0008163128961083935,0.2348594025980872,0.08986933756131404
0.963877775393508,-0.0004351000629267315,0.2519811898660907,0.08628397733105708
0.9616110771172576,-0.002903592993966271,0.25665747067171024,0.09707032636966538
0.9580739068800742,-0.0037766204241467386,0.2691906532084725,0.0980638481751495
0.9554322199249227,-0.0035442073757283974,0.27612407407512174,0.10436573882059538
0.9471797661177319,-0.015504063719124704,0.30676123120519305,0.09223698658795126
0.9477413835595365,-0.0027732825068746522,0.3015944761925454,0.10401610799744834
0.9428675631811201,-0.005579298232518963,0.3167666409565305,0.10309473754389965
0.9414351571325275,0.003764833979079158,0.3192837703050018,0.108367637972719
0.9330903098205772,-0.007409330859370969,0.34509722625688477,0.10097266939603079
0.9285856874603768,-0.0026529839965856233,0.35783379572314367,0.09836949404170363
0.9244019923663557,-0.008881338001605966,0.36634993030193674,0.10578188366719203
0.919149744522382,-0.007347188916293753,0.37987542037639266,0.10394436470211911
0.9131062718030257,-0.018480450686979653,0.3924090153461695,0.1091355762867218
0.9064387445847185,-0.01189231359546625,0.4100016358076828,0.10062819598924967
0.9048096184743327,-0.019338950492436887,0.4087025683296238,0.11793120855377003
0.8982570901143174,-0.01586784159102971,0.42450820440787224,0.11258417319057426
0.8923030100865553,-0.01950556941164387,0.43624879666719646,0.11446334941291583
0.88651010599032,-0.030719574325320943,0.44526761691145994,0.12203642513730095
0.8819099476317498,-0.017155901561616414,0.4562001835973004,0.11756662704850414
0.8751299834245839,-0.024280393697253506,0.46807480472895546,0.12026617051833113
0.8690974192360178,-0.024372879919636638,0.4789545785268223,0.1211534164186492
0.8627667171703031,-0.024376204408287232,0.4901528488526531,0.12161240546692506
0.8585698469404189,-0.01706388907319523,0.4972757255827093,0.12362643067157313
0.847345162462963,-0.03017714666109055,0.5163696216671558,0.12024112977400248
0.8415964813370183,-0.028899892372430607,0.5252617669868049,0.12239377011887237
0.8377986701008121,-0.03165063794968626,0.5291346051685942,0.1307982993305509
0.8338605901839283,-0.01950819503871209,0.5356067610561797,0.13198993891714172
0.826778420188744,-0.03527728339449574,0.5437906514435644,0.1395875516981831
0.8137848113443636,-0.030278713667296894,0.566450784702212,0.12637637767447163
0.805034047701295,-0.030900219346700213,0.5791380543250939,0.1247576551500525
0.8030282959565513,-0.033669349716146976,0.5791049638614032,0.13656270213309382
0.7917811036206805,-0.03579755902194601,0.5954496073954855,0.13130492667775168
0.7859330652348315,-0.03672625452019453,0.6021475647493565,0.13556809899795552
0.7757222397385704,-0.039641274832792804,0.6156023467685477,0.1331064489709782
0.7698053747379536,-0.047382179417745196,0.6209918949002277,0.13972716474046154
0.7573871681720006,-0.041614156866217764,0.6382533010418855,0.13139887041313525
0.7559659969848621,-0.04939652433741752,0.636360790090943,0.14532838546167456
0.7489062674795136,-0.047151781381026756,0.6444254773242294,0.1470779256650643
0.7375343489617999,-0.0482403518152118,0.6581731299055587,0.1432622896248664
0.7313477891091136,-0.04518811194173908,0.6645255308040114,0.14660922485982655
0.721890750900679,-0.056134548412489486,0.6735095149464964,0.14868621158370673
0.7122153552013056,-0.054280583998006234,0.6841693066060964,0.1473610054066091
0.7056061354806488,-0.05003022305900069,0.6906886993066137,0.15022010186013504
0.6960589596491698,-0.05316646060364271,0.6999891996203883,0.15063323860889774
0.6845733947104126,-0.06354699044859631,0.7105364270671406,0.14986338135198307
0.6719331378975832,-0.0564333016600103,0.7241804626470373,0.14451227691507987
0.6665201146016781,-0.052510369838883235,0.7283936560894052,0.1497874482707383
0.661124971984105,-0.06314263756183323,0.7308878046376828,0.1572571008656206
0.6427411285860382,-0.05607299170007704,0.7500437612820594,0.14551294577325463
0.6384727765980978,-0.06495773300183867,0.7512799048438793,0.15398542477828558
0.6316495311518907,-0.07222397094111253,0.7553217271425161,0.159033506920838
0.6219259493816393,-0.07592275009786294,0.7627892545083043,0.1599887580737775
0.6062816032060148,-0.06840160852109285,0.7774364443744873,0.15276260185014626
0.5978036110053416,-0.08150899707980737,0.7820501540833266,0.15615595589750567
0.589997347496781,-0.07448474691084551,0.7880917673776026,0.15895445453348203
0.5801250767595358,-0.07888763143034853,0.7947330206615755,0.1600970417970926
0.570428917330252,-0.08424352905205687,0.8008927900978877,0.16150732755981184
0.5586392351566909,-0.08836904632508084,0.8089333289878304,0.16043685938028693
0.5527884418140178,-0.08665888648459824,0.8119815519982762,0.16613589378743707
0.5378169322061221,-0.07732502862214034,0.8237935562954505,0.16167239710932377
0.5256700950908955,-0.09519356545904557,0.8300102191744144,0.1602877795977107
0.5154748070547049,-0.09431197579953149,0.8362762190714255,0.1613476368847857
0.5070587171052074,-0.10063333528890163,0.8401112637409077,0.16424814693599382
0.49509866279153913,-0.09982825749204165,0.847456797972036,0.16348886408289864
0.48628161569446066,-0.10030053386863837,0.8519623217700074,0.16622332997359174
0.4726218670928246,-0.09995293110023662,0.8601043880837527,0.16388539870664962
0.4585912359860742,-0.09847684177322781,0.8682921995438037,0.1614467284354773
0.4512785536460622,-0.10688717806627551,0.8704168539774831,0.1652189410935908
0.44150084582408283,-0.10950534374326952,0.8747677880323357,0.16693381877050165
0.4257071512506582,-0.10842431551714501,0.8834575077681028,0.1628509169358917
0.41263953162150346,-0.10916278504574169,0.8897861623090437,0.16153231462338322
0.41168815251629987,-0.12359203651206212,0.8866026032198173,0.1708030958512185
0.39288695560407105,-0.11617135414956144,0.8972141960131985,0.16477482533327692
0.3772143949924747,-0.1053756515540501,0.905523071718024,0.16319693274193403
0.36952415831917296,-0.12096613437082582,0.9064698818874463,0.16471625294683592
0.3540622765266179,-0.10846847691334939,0.9142913688722794,0.16415171842701054
0.34893938188354073,-0.12403376941912969,0.9135961175357049,0.16792577478785498
0.3366268926039409,-0.122033777866213,0.9183892793740629,0.1683782164245247
0.3229820532393732,-0.12990495643097738,0.9227727509458372,0.16522029443078853
0.3132174714857967,-0.14536527230380006,0.9240503491762015,0.16399605285319016
0.3042370480506398,-0.1432626545187687,0.9266957771227262,0.16778130729188867
0.2933959340087889,-0.14711263806917865,0.9295035545506798,0.16822556198476074
0.267800362274449,-0.1366455412176414,0.9405445242751128,0.1580726411720712
0.26554246937223763,-0.14365233567179836,0.9387371398402419,0.16620404838720093
0.25028890098573814,-0.13949343335063566,0.9437694358424275,0.16491300756783825
0.237046833165117,-0.14601396762866786,0.9466736264249791,0.16216585699555994
0.21537860377572837,-0.13962998465966694,0.9538979258794293,0.15554507842578005
0.22194399792244962,-0.14364090174091793,0.9487527101625632,0.17313707890699728
0.2062139102931328,-0.1467975955836773,0.9525248340989466,0.16918253325104943
0.19150074665806427,-0.13775284685891095,0.9566022911716049,0.17106628462940046
0.18078345261957934,-0.15354928464864478,0.9570324019323367,0.1668200890014677
0.16952153403081271,-0.16419622092819372,0.9578159309087769,0.16398381941549067
0.15106457121266395,-0.1567243748721005,0.9625427773027491,0.16164271560325735
0.137395345287548,-0.16092627160358688,0.9643327666739961,0.15902065689703107
0.13199287199713794,-0.16227023744168975,0.9637052724723041,0.16588670709749462
0.10863351550711206,-0.16824494906770143,0.967784667769554,0.1525949974669785
0.10143835713826238,-0.1603917048737963,0.96830114078442,0.16241201145345618
0.09607771388315871,-0.17875259413781439,0.965907475856923,0.16074616968282973
0.0862752110878616,-0.17127820430294252,0.967008072415138,0.167677525525828
0.06618010161781152,-0.16387660542664145,0.9703629275167589,0.16480425129471946
0.06666281993953896,-0.18659570058958935,0.9660465449488067,0.16580767760171747
0.04338487670686892,-0.1787624559366949,0.9698473291974063,0.15986836731914544
0.022503261108992905,-0.18661951180131306,0.9710990369566989,0.14708304279024298
0.017078918579824538,-0.18671123607014867,0.9699776718100147,0.15488880222655915
0.009744638165827161,-0.19600360341246273,0.9682269832902287,0.15499722031566907
0.002546986863794895,0.19179090397608267,-0.9685859236713719,-0.15827529966559073
0.023526750286125418,0.19394017714025352,-0.9694222619140812,-0.14850649082551398
0.03331376074536769,0.19759274470642157,-0.968257724391353,-0.14941311770016974
0.04559784648949979,0.19183077152925962,-0.9681748923003708,-0.15414009669515039
0.059910469719969765,0.18881468599970552,-0.967847390382723,-0.15501993064810526
0.07712374524533068,0.1954156832355933,-0.9667719867509665,-0.14565906871349654
0.08179632141104934,0.20237016509049027,-0.9643604824655709,-0.14954777813007114
0.09472123200294927,0.205179916841978,-0.962909284207543,-0.14742727128820637
0.10518397769026835,0.2107108539769864,-0.9608740874438246,-0.14580210880690106
0.11625329570647451,0.21536743473731887,-0.9588268157939679,-0.14405962864888286
0.13141997081814838,0.20437073985772022,-0.9582804468851055,-0.1505323124045203
0.13702750656147794,0.21485681384744615,-0.9552917691835153,-0.14992547388319674
0.15365058986185673,0.20853121422129084,-0.953960841484295,-0.15121157973209234
0.1619192091743567,0.21429561717113632,-0.9512774192086995,-0.1514292899845666
0.18466484442926012,0.2114333485707179,-0.9491317900412513,-0.14263127103542642
0.18277428049889682,0.22469635179880024,-0.9456929926392054,-0.1475461810740139
0.19408555307726166,0.23687589980524962,-0.9419253038549049,-0.13783079531074527
0.20870123271214489,0.231008427466154,-0.939789249005048,-0.14097896778801958
0.22716434192576307,0.2291354348369282,-0.9367326383931495,-0.13573974520580223
0.2368786231989176,0.2331544687809146,-0.9334075374390229,-0.13519571225040267
0.24637935397678376,0.2375538201349661,-0.9299477482772278,-0.13439710542783911
0.26832733958792815,0.22731394621963358,-0.926579507700006,-0.13333875878429713
0.2676860572055493,0.24230709042342985,-0.9228860095492597,-0.13383894084504525
0.2777622754351081,0.24026769882317794,-0.9196597011758165,-0.13908840814580745
0.28543280875046095,0.255040065715609,-0.9148561150034169,-0.12853390762540773
0.3117289298292014,0.24162964468029924,-0.9103471059240298,-0.12533290012984338
0.32025132888474683,0.25204823677048616,-0.9055507903681845,-0.11784964468338367
0.3407392220330322,0.24296844847104787,-0.9006375808453724,-0.1171113298741462
0.34425724080160197,0.24958698957584413,-0.8969524570093719,-0.12111802778689396
0.35579420470983475,0.2523049896472056,-0.8920490385752219,-0.11832661945243934
0.3705090574946453,0.24851707367560352,-0.8869706032637091,-0.11935431015324412
0.3751428770234324,0.25939148580033966,-0.8824046282783992,-0.11552467660952107
0.3937692980056536,0.2554012315952717,-0.8760631438766118,-0.11058625045085743
0.3993491950644958,0.25810979686067487,-0.8719690989436442,-0.1164879549708464
0.41680311008973986,0.25418594107707865,-0.8653644441838666,-0.11317708920372467
0.42979250731901636,0.25912811372252725,-0.8587491138072362,-0.10334883098673629
0.4254898455365227,0.2702823733228997,-0.8562934556438103,-0.1125493129158462
0.44334844638097487,0.2725773565813811,-0.8482342782347976,-0.09819546322603129
0.45451250985566527,0.27295726996107056,-0.8422270050025269,-0.09780786882749598
0.4577314884274968,0.2788682529074446,-0.8380169295482879,-0.10218614295861214
0.4676229194955774,0.27885721854451906,-0.832243716130633,-0.10458419473860239
0.4820984814396649,0.2779844185086241,-0.8247893475982583,-0.10014114712959357
0.4993262831409767,0.2754187308179291,-0.8161937915398905,-0.09298107512282153
0.4977917125015899,0.2854093432539428,-0.8130118751916755,-0.09877554629260657
0.5183422567672638,0.27717931994072725,-0.803359511004937,-0.09542759309824897
0.5308413176104971,0.27487634621047985,-0.7958107758763453,-0.0966214200403675
0.5402185684619224,0.2809124830211086,-0.7884437495847708,-0.08722688182306071
0.5406203905063437,0.29058788853328404,-0.7844138221179886,-0.0893489120067189
0.5537650347002712,0.28894154081880036,-0.7760542211819816,-0.08716030127468125
0.5676321883788273,0.2877381948803655,-0.7670041771031068,-0.08188420012211489
0.5767210079834011,0.2881486769735298,-0.7598087485449329,-0.0839874070536609
0.5776675044395805,0.30160745269510086,-0.7547813935953875,-0.07508825923887619
0.5997993274148313,0.28649284621380977,-0.7426618854343591,-0.0813384277209088
0.6033593811643196,0.29542036659257515,-0.7368148620385617,-0.07607971636653948
0.6130777885948131,0.2975060057897679,-0.728392652604955,-0.07120354823904212
0.623284222772899,0.29916760721940255,-0.7195351841531207,-0.0654571554433549
0.6306511343360606,0.30078857526363223,-0.7121874718924287,-0.06778189014025307
0.6425855624382784,0.3015529647035553,-0.7019801962083859,-0.05808105160561152
0.6566294184563456,0.2976148592141238,-0.6908635249280901,-0.054504975154320325
0.6647279186237622,0.29564937965480276,-0.6829937857396929,-0.06517458977863769
0.6682432624765636,0.30241578557983756,-0.6767363492360208,-0.06343144653490651
0.6742015411800726,0.30980961678206337,-0.6685741287016383,-0.049788730156642654
0.6876960989876617,0.30153546633647815,-0.6574985186697,-0.06201722281386973
0.6923832551412417,0.3095703573458195,-0.6498873361843664,-0.04917389673381802
0.7050340057929719,0.30442038617981426,-0.6383491577119492,-0.05258927649334193
0.7114344486881093,0.3087004542608315,-0.6297069983808956,-0.045101562601807525
0.7134686332572249,0.3170856281556768,-0.6235697455321787,-0.03974904064403786
0.7305385068939944,0.3080467334347291,-0.6083756469072097,-0.036052353813869245
0.7369394696517433,0.31058049900984885,-0.5994451246853536,-0.03354868395573077
0.7338840795104714,0.3232211597234538,-0.5965148677334821,-0.03335044708845821
0.7473637781072723,0.3163425573036355,-0.5830787508587527,-0.03733550466803129
0.7514373565682921,0.32141023743473834,-0.5752683615372188,-0.033221538797687813
0.7547684936142217,0.32853652003072875,-0.5674324158593856,-0.02021705926682551
0.7601487826714662,0.33058252613164396,-0.5588801529026174,-0.023280814226656756
0.7716660012580241,0.3271794657629597,-0.5452334347944019,-0.014341592234275514
0.7886195886881975,0.3158302072402256,-0.5274424664225076,-0.011613317613687871
0.7917118642951857,0.3202424425979788,-0.5199749321995741,-0.01622256999276261
0.8002254003568557,0.31907172165901776,-0.5076984423359859,-0.008650821398786654
0.8062156183657926,0.31943580867039356,-0.4976954149178515,-0.01662572740971476
0.8052177024525744,0.3297204509779014,-0.4927934616309761,-0.007967436079846749
0.8185575747076789,0.3212479039086456,-0.4761189598371324,-0.008603325321723459
0.8174202022995721,0.33113284252432557,-0.4713391928341009,-0.003823450376973496
0.8227640243004506,0.33306288085820396,-0.46042242769205,0.01181802815703028
0.8303069164616443,0.3310715467549422,-0.44826700018152743,0.006225106705965703
0.8379247727526083,0.3290200953979697,-0.43535597965843287,0.009644843567770994
0.8403359261869344,0.33354736255581297,-0.427219155436353,0.00809205288276443
0.8481629713608189,0.33076620001617507,-0.41365353628161466,0.010200336316094226
0.8523434231644753,0.3326102281622158,-0.40330971457434023,0.014913056028435867
0.8618492776673251,0.3268235602357959,-0.38743164534450414,0.01728881848940183
0.861108949168036,0.33518576217497303,-0.3818208778254948,0.018833474306982814
0.8676979437910942,0.33318783624925835,-0.3684907033622743,0.01734201983106098
0.8783466667983303,0.32441471752849915,-0.3502345907385651,0.024453127107938566
0.8745321477590859,0.3373548415179983,-0.34780939396200267,0.02034352260625293
0.8810537151204193,0.3333384674765962,-0.3334217718656662,0.03820653371899792
0.8857712291084866,0.33323807756233786,-0.321193074890311,0.034593669777941975
0.8805142747947414,0.34759655997084765,-0.3203686883870783,0.03514465649663541
0.887597586396715,0.3426748051770085,-0.3048193298180048,0.04277474358693049
0.8989730016319164,0.33083705335219826,-0.28356269813017393,0.04457109708401866
0.8963267105791206,0.3404414322803229,-0.2793986059138376,0.05132716729705275
0.8971552268947557,0.34518059254271427,-0.27091578617153433,0.05067044691276848
0.9073593311084445,0.3341063835366945,-0.24984812507144238,0.0514575857260366
0.9057356996048962,0.3401272712069589,-0.2439677822673452,0.06660332617888072
0.9122301816985414,0.33530468498756694,-0.22721389075963302,0.06148749197604505
0.9115233516460632,0.3424392885775437,-0.22008805361050304,0.05849582635003381
0.9132590529987776,0.3433017618056147,-0.20932130450998682,0.06547055777350684
0.9211042853277291,0.3334359720626497,-0.18919418074511513,0.06777101192777137
0.9190098568285581,0.342894570326387,-0.18363314888756013,0.06421108410761207
0.9265987395366992,0.33148348861746235,-0.1629207590361932,0.07064204794644334
0.9258884471366167,0.33915027743969967,-0.154569538409549,0.061773218852333125
0.9224540994529771,0.34547546082879715,-0.15135714600077313,0.08256000679522726
0.9264383108340434,0.340494890065524,-0.1353768332041294,0.08630410818641587
0.9367737560245203,0.3241142654089958,-0.10736447148720164,0.0766664414484812
0.9319662048106764,0.337813591336558,-0.1058136419486554,0.07825882555113596
0.9335915815958407,0.3378394539117181,-0.09229260966581822,0.07585075052418279
0.9296437002016084,0.34233480992248605,-0.09000360825345698,0.10231724728585957
0.9331547438439581,0.335440795228573,-0.07279835322736232,0.10678060079117202
0.936551467173316,0.33441230699615576,-0.05452424821426189,0.0898157259152733
0.938689888243402,0.3313876295498981,-0.03830297569432023,0.08704260303925453
0.9312158403458239,0.345280513477942,-0.04323594309751627,0.10839316826210922
0.9360797428076826,0.33566376631865735,-0.020831430734651508,0.10320175666830467
0.9339961633689712,0.33937414321205256,-0.013447476839851877,0.11088517979319425
0.9336520066649945,0.3374031075142221,-0.002060846401722213,0.12020327117963055
0.934092498026002,0.3370754588459113,0.012064087560110012,0.11707176417353478
0.9372364085897801,0.3274871306413767,0.03330440675944116,0.11502569351414724
0.9329038296663906,0.3377107924939188,0.03635630335339186,0.1196665551998031
0.9357474943188988,0.329197174733154,0.05895924980049112,0.11193593652878014
0.9312634926031634,0.33829073639997737,0.06136503266897513,0.12059028889613911
0.9306586143664904,0.3323748777715683,0.07369030357204218,0.13405679129100226
0.9296937053377273,0.33215831474509205,0.08693704863505315,0.13335073219046797
0.9281887057495468,0.334855976064827,0.09992177473110969,0.127878226243714
0.9257826217518267,0.3316739949031607,0.1075888220313409,0.146094297428753
0.9238247038987293,0.33318003901136783,0.11908501698861504,0.1461428643472882
0.9245663545579873,0.32371619546978353,0.1400255470624813,0.14414481253161998
0.9201802706816524,0.32855986929177794,0.1429649858078143,0.15772664509264814
0.9190713150819052,0.3279979804922138,0.1602459252314973,0.14848059143655193
0.9173782369134222,0.32569692226219654,0.1755135455252409,0.14674358794752448
0.9145976443329424,0.324341234887127,0.18550140073616117,0.1546064120838723
0.9108294939063157,0.326674615923188,0.19188806961599714,0.16386670522363167
0.9079913182843538,0.3269045349489154,0.20385987555648014,0.1647007652932167
0.9046833839195394,0.32557217062070404,0.21263342354882242,0.1741773916647096
0.9030305153087147,0.3220476042981378,0.23475820603623548,0.16034280054232436
0.898346363810012,0.3280030445631031,0.23859621153960395,0.16869991471726686
0.8959273318661629,0.3162053652020379,0.2509789304142433,0.1853050445097129
0.892750647693016,0.3169753506792817,0.26812289629031,0.1750229144721979
0.8887940597432118,0.3186711764524629,0.28088284070819475,0.17204252514793614
0.8838851720102896,0.32004368278054707,0.27889742807149276,0.196304020406389
0.8803506285490484,0.31927603489711154,0.29723654140902994,0.18626868444500216
0.8765167010075432,0.31541911398178685,0.3098088873206092,0.19038831037373052
0.8734900516979488,0.30157511718010405,0.32855729908172276,0.19523749512489808
0.8678534128645444,0.31267336214344066,0.33475965559053805,0.19235850741306912
0.8626309302418997,0.31519449606627165,0.3522949168599185,0.18002388562128946
0.8590025550793859,0.3046494264918624,0.3595676339305415,0.20003613157341832
0.8533893301169905,0.30533962130056475,0.3803757139040119,0.18387137672437015
0.8487558540144823,0.3032855224959658,0.3851017030899708,0.19831306159126247
0.8439311813960401,0.30114119437021336,0.3901812165855697,0.21178470281059078
0.8387564331820224,0.29813678476416255,0.40144021384367656,0.2155176514241983
0.8331750008948215,0.3000850109266447,0.40967152071311297,0.2189466812209659
0.8269334263079403,0.29916752535127494,0.4275557324414086,0.2094659778730074
0.8209175582493178,0.30434200838957515,0.43352596491408907,0.2133671535937195
0.8161508717822014,0.2883904737531456,0.4480110941430156,0.22363977432998572
0.8090938651234366,0.29796817824857874,0.45730364265207085,0.21784274279394408
0.8032275984388519,0.2944585836384416,0.46729403546338094,0.2230601982607965
0.7976208043884706,0.2863009730980478,0.4778354963000009,0.23131373432101246
0.7910512860925207,0.28757567861696226,0.48718557151554953,0.2327838283610569
0.7842330159423209,0.29873448112907275,0.4903874597198943,0.23506685397993574
0.778675753951788,0.28097873225416653,0.5045890069401803,0.24516312182622127
0.7714010609443738,0.2875357392019122,0.512739618144203,0.24364253701035327
0.7638090344626711,0.2750377570077065,0.5321568188921518,0.24033125306534217
0.7581322919436551,0.2775811258396803,0.5329528253958088,0.2532694857112888
0.7483839497844391,0.2866984379940398,0.5484704970574592,0.2385489115765644
0.7424168918549294,0.27375844701343366,0.5583235068775134,0.24929567394011112
0.7337239442901801,0.27716718979601923,0.5702183273497574,0.2442920007496831
0.7285064265018276,0.2753945998961754,0.5707147466244473,0.2602323555574052
0.7182618223805074,0.26662879974448017,0.5926355876671698,0.2485801639066132
0.7115007848293811,0.2629023128321009,0.5988883411386615,0.2568691533502791
0.705578098014007,0.26859112727925466,0.5980593588249388,0.2689672048256048
0.6966157199037966,0.2599970715260775,0.6130552883899585,0.26700426018676915
0.6870930142965772,0.2666872226200802,0.6228685091407092,0.2623279156263427
0.677898587651885,0.26037718226777157,0.6360956432013141,0.2608439390021968
0.6691750330567333,0.25679183529271,0.646242948301121,0.26197858735323454
0.6626023496731497,0.251357185713058,0.6506855669558747,0.27273794080278624
0.6539830937571242,0.25552329581175975,0.6570069171636771,0.2745102351032428
0.6452525370394847,0.24849578621823176,0.6672192553863343,0.27697919221052836
0.6385741557734866,0.25208655537396346,0.6681059837058412,0.2868968642462285
0.6256259163812514,0.24655422130178076,0.6874132719544191,0.27434690129708383
0.6170102988843448,0.2422055498254413,0.6951292910368649,0.27826252253401407
0.608397423508597,0.24340111099889347,0.7006787380024555,0.2822370995172172
0.5968720790192265,0.23841340526843677,0.7143477098967175,0.27678532988742327
0.5906962855172422,0.2383759198239421,0.7144495098841965,0.2895111689563178
0.5835756323141628,0.23768833233303488,0.71665230359934,0.29892007926471836
0.5709502908998162,0.2283567672212967,0.7327922575167569,0.2913493770529616
0.5633259536995024,0.2296609650588288,0.735001037632948,0.29948820627077016
0.5517097892196342,0.23525858319866713,0.7435092943325405,0.2957425176597213
0.5407369749726274,0.2230254341678548,0.7557966579024709,0.2943375469000643
0.5310701936839886,0.21809500394440268,0.7629861790253986,0.2970708825367515
0.5229913292308768,0.21705666895066655,0.7659216113691066,0.3045169244083369
0.510582628771977,0.21937045518630588,0.7753496490921026,0.30002483937234936
0.4998798190785966,0.21754364099374027,0.7825835415350849,0.30059596015173007
0.4885459882292269,0.2223165607651907,0.788531458855423,0.30019377506871164
0.4778185102646407,0.20801802633481226,0.7988632770505045,0.30039213796032904
0.47020477408148564,0.21547923131987132,0.7976417272425208,0.3102319233450114
0.4562588435241291,0.20096589484651659,0.8123805493812265,0.30245399617399715
0.4496863228651659,0.20609868397235478,0.8099946601006233,0.31498284731290555
0.4398090978744596,0.20137350833902368,0.8152278419416438,0.3184654349992438
0.42625231039459693,0.1930940938986928,0.8265412755032675,0.31281489522422523
0.4157257780932402,0.19865124814954097,0.8293683923667251,0.31600289362667744
0.40864473071374396,0.18666747821166016,0.8319048890846809,0.3257284024382832
0.39568817137339074,0.18456884676989269,0.839823234538235,0.32258664970353434
0.3849450724121643,0.18263094872295738,0.8443679738788469,0.3248167983369661
0.3729936212684675,0.18203687077681502,0.8499316630780192,0.32458358595014153
0.36311150777224155,0.18033212837838408,0.8528532198613182,0.329046716698517
0.345292999654841,0.18046289106425722,0.8650101427071895,0.316169799873075
0.34113659033314186,0.18047671033304097,0.8599946563881016,0.33386101112162336
0.3291428170648393,0.16884963151114116,0.8675476431462991,0.3324393099266032
0.3136094630751379,0.167677600084116,0.8762895701710628,0.3250383305229859
0.30669666954530445,0.1623811828386286,0.8757075507116158,0.33571683004640923
0.29225779319690837,0.16672304187469106,0.8811862883682026,0.33211373777005093
0.2825187877928398,0.16463318919048633,0.882755469055814,0.3373749092820679
0.2723438424915935,0.1500793758749918,0.8878332607694407,0.33920069791406754
0.25397007072202255,0.15778204812098479,0.8958915520724318,0.328606687992572
0.24467655441137903,0.15549740955354033,0.8965029754643665,0.3350169463281702
0.22524006349704995,0.16144539360856644,0.9050449708020823,0.32263896154103616
0.2222215211276167,0.1479760236620769,0.9020724760994987,0.33909576793674207
0.21087448229323566,0.13451189411802006,0.9071441665456174,0.33841980462230664
0.1977624664346856,0.1401463560971766,0.9089752383022405,0.3391356983505831
0.18480926558140448,0.13989339321271266,0.9118575359212654,0.33880851239940035
0.17324984735202867,0.1369471050258412,0.9139155020700062,0.3405707502027584
0.16253233416250978,0.12880942547727658,0.9163711890616433,0.3424254898772193
0.1467443790846823,0.14394183656036585,0.9169999455264153,0.3418448987468341
0.13608720119989318,0.12733431910394946,0.9214786559995718,0.3407980800784206
0.1216581077272132,0.1253218133880321,0.9250750272792152,0.33723870154198954
0.11654315587000559,0.11638376794811868,0.9222574468257535,0.3497337746808327
0.09784184490879852,0.11823400180680635,0.9281114889268525,0.3392001744156139
0.09273612267572143,0.11124444172651506,0.9246430340243548,0.352221443649123
0.07725663351163652,0.11172357706272466,0.9277018833120453,0.34773333260711004
0.06247698337657459,0.10383744033055073,0.9321175505646959,0.34127889542577544
0.05817694457226682,0.09230980482503173,0.9289040288044226,0.3538808391595976
0.04365742383334903,0.10118598950433574,0.9285007232932286,0.35460094714511814
0.027028769641259793,0.09523858242743942,0.9332647118365954,0.34527675228635274
0.019593384965331348,0.08890169547637451,0.9309602401224687,0.353589619641671
0.003135307816825906,-0.10458881966302826,-0.9338660352243615,-0.34197306459365795
0.007579220299019589,-0.08758990003213138,-0.9321679519584142,-0.35118865894757295
0.020991479867062526,-0.09111311503052069,-0.931171839202708,-0.35238723574838
0.030471247093302012,-0.08503847607105103,-0.9298809319621312,-0.3565969896975545
0.04239563875981799,-0.07063765024384072,-0.932393516204605,-0.3519307646707941
0.05749271336728825,-0.08332063024450484,-0.9295624105640402,-0.3544939849301967
0.06774228085107835,-0.07272720415692896,-0.9297073017600492,-0.35463512264675134
0.08369507079547281,-0.07434353086716065,-0.9300518200593311,-0.3499596927462839
0.09671899385589258,-0.07747642743276453,-0.9277605057219053,-0.3519989821610221
0.10319851659100826,-0.06038633137715221,-0.9269909045985635,-0.3555157098466442
0.11711991063002468,-0.053876855085066996,-0.9277781036167657,-0.3501542538217076
0.13262558534454336,-0.06349301619875333,-0.9248236260191993,-0.3508280943178635
0.14954552001297286,-0.06539803753344983,-0.9246320231344937,-0.34411459708219183
0.1499206889552199,-0.04175370638632849,-0.9217105263979415,-0.35528878472789843
0.16856501745462113,-0.05138347984939031,-0.920099931520374,-0.3498023569178675
0.1768479863332188,-0.04634025962735078,-0.9163871313859324,-0.35610671925395954
0.18878909356896223,-0.04366614419198489,-0.9140074098198794,-0.3564300784097326
0.19922056557938622,-0.036668409362634324,-0.9119344084112125,-0.35685042911664994
0.2172454660546534,-0.03807444465360232,-0.9114862365965577,-0.3471996322550777
0.22266982686145295,-0.0309892897409574,-0.906400798283969,-0.357624670565421
0.23847261319221733,-0.0310509077530034,-0.9047698910339087,-0.35150831876853206
0.24628314436665355,-0.02685270220810034,-0.899944911559487,-0.35877946059269433
0.26311170731000605,-0.029480631218587596,-0.8976931679840899,-0.35220746444965595
0.2755582577937565,-0.02008246274571986,-0.8967713447801272,-0.3456378110580201
0.28563743038246153,-0.019414194176874486,-0.8916964969413501,-0.3505876563307563
0.2943293640454242,-0.009258802360648083,-0.8888380206850225,-0.3510718915324819
0.31039910635552664,-0.010848435968424355,-0.8858969958125766,-0.34455945643818936
0.3270189999483535,-0.00973202939005959,-0.8839262936515805,-0.3341229843457484
0.3319528408608636,-0.007438613228524272,-0.8762855297962977,-0.3491069302481128
0.3436097202850783,0.005278154731436366,-0.8753672840540758,-0.3400538475242299
0.35638081232244806,-0.0025976218983090834,-0.8680940644771222,-0.3455411179417815
0.3663378409799023,-0.001936296324399243,-0.8620631404119434,-0.3501999128581074
0.37466013482286564,0.007642954955948633,-0.8583059026114176,-0.35054578325299135
0.3857434475953294,0.009869657516731516,-0.8531994809332812,-0.35093479199553784
0.40062190877896386,0.010818261262974338,-0.8493376389879123,-0.34352674776207065
0.4183471454516981,0.0027046429020810593,-0.8433758049914971,-0.337187785001373
0.4246964604646294,0.009593457844049481,-0.8372832599781054,-0.34423483931154686
0.4368031167629142,0.013512001915199702,-0.8328267292317937,-0.339735341210655
0.44602008042603924,0.020101919397133114,-0.8278941369717921,-0.33948976223302013
0.45601909381715205,0.02476193409725989,-0.8225189075045831,-0.33896324209479384
0.4687739613087484,0.023861930556516912,-0.8161994338112725,-0.33689770808834263
0.4751476474526611,0.03363307261208208,-0.8109404785626606,-0.33982211490048003
0.48703901494481844,0.034562959341224095,-0.804729465471726,-0.3376520208213604
0.4972223411874177,0.03717377165642158,-0.7982783295861672,-0.3378457675301825
0.5038435889643872,0.04825622181598595,-0.793518348275104,-0.33784849543291334
0.5231901278320545,0.03280003109897344,-0.7837243813738787,-0.3331251148429309
0.5337154352400805,0.03514437892314559,-0.7769998974204171,-0.33193955206522063
0.541398487598167,0.03925553024293425,-0.7695275127405037,-0.33641356706764636
0.5473174875945241,0.05700387027429671,-0.7671864133648381,-0.3295741702490729
0.5562903237352381,0.061190763158663786,-0.7603557285992474,-0.3296299928843124
0.5715313784868623,0.053658347609265786,-0.7512980539122425,-0.32561311294913725
0.5822981901991724,0.04892937918009153,-0.7410086576598796,-0.3308185345728421
0.5913658381336693,0.04950605186612124,-0.7321450345594139,-0.3343639404706891
0.6021772822995899,0.052040899918025726,-0.725148477019241,-0.32989991163181204
0.6069112879690375,0.06714134800528739,-0.7210644528576852,-0.3274397391106401
0.6208072289341016,0.060572520195360996,-0.7110943262801732,-0.32445987954212624
0.6293146713395211,0.06736379312932077,-0.7048404634514679,-0.3203515020935293
0.6399484350801207,0.06669480001247326,-0.6959225446308395,-0.31891945058954657
0.6503197273905456,0.07385302356336747,-0.6908422554284879,-0.3071920591286747
0.6532695374240033,0.08056123211033515,-0.681338658795802,-0.32019748809919035
0.6656881142409337,0.07324491234882717,-0.6696529705533083,-0.3210286847035514
0.6725662693552382,0.08042268708374796,-0.6625508149052368,-0.3197080267935314
0.6824968410130149,0.08240459020725704,-0.6543969722304015,-0.3149160971682976
0.6909470848662647,0.08161735363509717,-0.6436699489052973,-0.31877849735618347
0.697432986801347,0.09370396992526937,-0.6391346229875001,-0.3103445321577656
0.7044011967136873,0.10030851721648726,-0.6317326226722423,-0.30768660824580146
0.7145970223543596,0.09600290808606117,-0.6200307978532864,-0.3093482616642921
0.7288701896037172,0.08423326912061835,-0.6065279564457668,-0.3062300460928302
0.7317209260732386,0.09891409461742647,-0.601149742733081,-0.30564599628407974
0.7442110911797466,0.09151425194047197,-0.5890435565044265,-0.3013348336940875
0.749483996651905,0.10148161510233945,-0.5825327503614857,-0.2977092798607239
0.7537226808316376,0.1072218904758639,-0.5725775869817121,-0.3042375609436664
0.7617353008170672,0.11098560122209983,-0.5642471307109659,-0.29844045184080437
0.7721511460485083,0.10518588847069238,-0.5515074305636387,-0.29758711422993356
0.779134967659941,0.10976250835081411,-0.5429870438699503,-0.29337001230434756
0.7880839467114643,0.10240902976922198,-0.5278538651151834,-0.29967712732267415
0.7939575708762463,0.1098039269124985,-0.5204480538534891,-0.29446272518436145
0.7994438801813801,0.12004071520320357,-0.5147829959820438,-0.2854438231627961
0.8015431890099276,0.1288782744348356,-0.5051511984805882,-0.2928159374148205
0.8134127159040088,0.1239752994496502,-0.49458129079356405,-0.2799629002725291
0.8215038111738209,0.12146979868592636,-0.48239139790647284,-0.27870255732577476
0.8254236957424856,0.12733117775729264,-0.4722506658205874,-0.28185422173486985
0.8319565156433996,0.12652559685772538,-0.45976765647652135,-0.2836429647926733
0.8353038501255606,0.1417567234466228,-0.45645262284641036,-0.27170482590437245
0.8440067370832857,0.1312403733967704,-0.4388699316337211,-0.2789655449271735
0.8509929521435393,0.1299276582765608,-0.4267485107837091,-0.27715610684356146
0.8569792354037078,0.13154675239439292,-0.4159474475260994,-0.2743533541218104
0.8611125923402523,0.14025708231947379,-0.4088324369717116,-0.2677108377560579
0.8673609316452114,0.13477809640881494,-0.39268142068294354,-0.27444704559239175
0.8705673596318999,0.1470191521495406,-0.3876723200998232,-0.26496794801106177
0.8779726666164194,0.13791517015588675,-0.37015248361145847,-0.2704265915023807
0.884368805107977,0.14319153269737359,-0.36387531021099623,-0.25491716327959807
0.8889537652982085,0.14026129401228696,-0.3481648938183468,-0.26242937959877105
0.8916314960942182,0.14943234762697657,-0.34033764565221997,-0.2585218281062173
0.897992657498612,0.14067279116759296,-0.32233673432396,-0.2644227346675473
0.8995272605874557,0.15272300047970438,-0.31563597203397925,-0.26057690945797335
0.9065506174454689,0.14778335222797065,-0.3024661053371862,-0.2546376129633185
0.9105594049406031,0.15418117189246427,-0.29497431607724794,-0.24515278738542018
0.9143836811497192,0.15427335733180622,-0.28173881744879886,-0.24642535098324175
