0.00215066855818441,0.00733554005838036,-0.00903538744401459
0.00344290624443544,0.0637750609594359,0.0031025778875509
-0.00178066431723123,0.126370497866155,0.030980177566518
0.0109620083701474,0.119600452239374,0.0288059460972917
0.00271643563837826,0.124747780507241,0.0195245969273799
-0.00107448379166977,0.124503422607135,0.0226234994899744
0.00531208452414053,0.130668769653718,0.0193494920225749
-0.00522342937647099,0.127868954605315,0.0231829497775945
0.00149267197611802,0.129138772039671,0.0195677650166971
-0.00174608018716912,0.126175485868387,0.0135090198907683
0.0031179865821446,0.11976130029578,0.0120382789878431
-0.00374298441736201,0.112572444075677,0.0220646302482437
0.000726390474660967,0.121329867446978,0.0217893623772926
-0.00748980654625706,0.123940610939315,0.0153391501249276
0.000563730958288569,0.125601015110207,0.0128418996870963
-0.000902641046462014,0.123690064646821,0.0188084406232306
0.00352130341922041,0.128786673914114,0.0128389034196759
-0.000611628616104063,0.119493112549195,0.0118351261651165
-0.00101774914193231,0.130480101956796,0.0132057911645377
0.000425896650318055,0.123447243114572,0.0207489164095064
-0.0171386804803674,0.133730106101043,0.0231408122221409
-0.00844920543718866,0.139776723826399,0.0212688886610016
-0.0188872068756164,0.130630668895343,0.0166730088053504
-0.00358819117583639,0.131137468718515,0.0239055262046866
-0.0138288424664575,0.137154317946066,0.0178474172819413
-0.0187373653667103,0.127910372544017,0.0228528969642916
-0.0139068826940554,0.132815662293153,0.0265703810785539
-0.0121001074633202,0.13439112045824,0.0272366681626999
-0.0165533407907771,0.136386373907781,0.0242186680917945
-0.0143793374489871,0.134462556589998,0.0162070957673425
0.00979484195248193,0.117447977255247,0.0139609829904511
0.0246596859176587,0.114360915708375,0.0118128723012957
0.0139188467208393,0.109296386719777,0.00929897778524238
0.00700124944376193,0.120389980510197,0.00749372127738187
0.0145115145970064,0.114850362671219,0.0122506531548513
0.0116410547332051,0.118988339675877,0.0139844561651718
0.0208211702875165,0.116251984248148,0.0024637297785196
0.0105465639900862,0.122446855703199,0.00671839055034889
0.017680077124939,0.117524677591194,0.016743372880476
0.00592404834972835,0.116237685487284,0.00615449315337785
0.00929127051947182,0.141150468673587,0.011579761099204
-0.0066420042920291,0.13597513077227,0.0049627128563996
0.00191594116073641,0.136738105365522,0.00884718822377981
-0.0107534477665217,0.136434193105575,0.00273482298092398
-0.0089227859315166,0.139881491700297,0.00714496702514298
-0.00254896241509949,0.13251488132296,0.0105145767819555
-0.00135043604955572,0.136653328975341,0.00608345916262146
-0.00386735363858744,0.130848743622886,0.00483630407377609
-0.00621300142626795,0.133932767876004,0.00134002517711621
-0.00508987138966404,0.129839050153141,0.00980898943147449
-0.0157170849505534,0.128161241715661,0.0255037540965055
-0.0210579719030179,0.132316094250745,0.0250958413780629
-0.0207913709751539,0.133646896195937,0.0247152167499408
-0.0203572385656041,0.127066338731289,0.0222079027504185
-0.0225494459595492,0.138345351890704,0.0322066221751913
-0.0169065394413519,0.123212879684822,0.0221075013479451
-0.0189104996946713,0.131407017368745,0.0202258153041778
-0.0275914496810634,0.122444963950876,0.0268720539635282
-0.0167741179469472,0.130048070797944,0.0250007680577532
-0.0176722596020408,0.126336741055754,0.0289536078324622
-0.00653572372986723,0.118676190373171,0.0176237846530439
-0.00249583833742694,0.119067205531171,0.0251580377146294
-0.00569411885263201,0.121898706983877,0.0236250201374872
-0.0015622275066146,0.116075187355798,0.0200965144893636
-0.00257032341891035,0.116948254645094,0.0211543137778681
0.00187930528350528,0.122963978894327,0.0227987430184591
-0.00233077631339994,0.119356833575744,0.0216456480193479
-0.00567789319248673,0.120652959471917,0.0221223614244375
-0.0010849451226113,0.118917057489493,0.0219208352368213
-0.00545833050193313,0.116206721456178,0.020271809336454
0.00214386450340081,0.134308324321099,0.00415421755217337
0.00227006944923713,0.124731891746337,0.00294054802891857
0.00336987403620395,0.126483629022716,0.0137376725843399
0.00307631956510098,0.123323056290889,0.0140109199924657
0.00894480667663688,0.126661404138594,0.00155188371113948
0.00216133665386075,0.126956145799547,0.00865995108067568
0.00282903859381064,0.129353597594063,0.00910213461327144
-0.00119508861791004,0.123788066253121,0.00454873764974414
0.00171038036295351,0.126297607916045,0.0075413673517419
-0.00844094437926546,0.12575185137896,0.0124393392597029
-0.0162642992124767,0.153752757520404,0.00439185832636038
-0.012179217083921,0.150747653539743,-0.00329214356595428
-0.0124669580665675,0.15643363027213,0.00333870420325383
-0.0120288163782176,0.147081168418932,0.00279901763828755
-0.0113303368958897,0.151723395099354,0.00140772428469377
-0.0132708596893,0.158112608416131,-0.0061580422927941
-0.00347247620003567,0.151368099672171,0.00685175925897466
-0.019112034416864,0.147657706612898,0.00171513018500305
-0.0108295302440348,0.143337042078317,0.00468952389210228
-0.0174366960678069,0.150282605063417,0.00538773919799701
-0.00193440812755257,0.113071308419924,0.0327843400277106
-0.00591098536007544,0.109768999032713,0.0249573093264503
-0.00865910930932634,0.112440078136952,0.0287095395255542
-0.00365612496337325,0.112385283465592,0.0310619255479966
-0.0021000308420376,0.113741779316197,0.0323767307206566
-0.00260605977550723,0.105979329990532,0.0260250723981467
0.00113912749449519,0.102293452848266,0.028506885704335
-0.0114887246827844,0.112822766460787,0.0320247780141899
-0.00375263132040268,0.108457425550335,0.0186056898091828
-0.00149642062423829,0.0999710347231132,0.0192463507567099
0.0110739928961627,0.0924109416119873,0.0295775546324086
0.0133985691766847,0.0996357957270907,0.0251390711735582
0.0124246850826422,0.0966073989475296,0.0311798384397434
0.0127084373848912,0.0997964192502096,0.0273193934760388
0.00991175665507611,0.100235959167491,0.0193238458243364
0.00841909030942915,0.0911224877470347,0.0262591879116887
0.0129691475647394,0.0995077741432363,0.0237005492250157
0.00842726767797024,0.0967529650427895,0.0265634046976373
0.0114560616807235,0.0978045893180925,0.0239812846130596
0.00947883093533718,0.0876764871496232,0.0322525890984149
-0.0330168453078518,0.131610132137119,0.00955157384780605
-0.0362774531061527,0.136342101562321,0.00829418308804008
-0.0219140065305348,0.140979393582446,0.000518527888896263
-0.0289219406150794,0.130832980529883,0.00945482487860474
-0.0300916291999129,0.13941646814836,0.00935157090470731
-0.0245059111583431,0.134501783426012,0.0117222622407005
-0.0282139095394328,0.136766286404012,0.0139042224524949
-0.0296415947022709,0.133288947298471,0.00312685850966668
-0.0235615425759945,0.13400741167803,0.0107294750159312
-0.0288045784838915,0.136879920020064,0.00666455965524842
0.00192366721427443,0.120175014622624,0.0262289909399666
0.000290204406393414,0.123813248280668,0.0215145679509133
0.00273710698979433,0.116446683427676,0.0191101758677788
0.0032650054475511,0.114796994113571,0.0209818794176707
0.00026195337370969,0.120297612059678,0.0215241615937943
-0.00012798832145227,0.119521548966694,0.0215454646793269
-0.00391316463231411,0.124818478044498,0.0298087118675026
0.00720766163085169,0.119411486431479,0.0217907604613698
-0.000833947186616689,0.1281860362535,0.023804239225811
0.00639945310293522,0.11717107736369,0.0212861200416867
-0.0168158619706033,0.120991249198236,0.0108641548248054
-0.0187452466764946,0.118601984524926,0.012269008921829
-0.0214972470986416,0.124667369175807,0.0126015607299423
-0.0119644781079253,0.123315561439289,0.0150138102220776
-0.0207527813156853,0.118155909329691,0.0112123431823049
-0.0144406887186095,0.126751912680536,0.0118038860288639
-0.00989199312007899,0.124138666119252,0.0176233745420336
-0.0144891266575204,0.119609703156631,0.0069642356103724
-0.0144335228920342,0.125511172346507,0.0116821593942861
-0.0172770324797282,0.121002399611303,0.00842857504068064
0.000693842154726045,0.137355099760432,0.00723292832417187
0.00235265605278862,0.140523397962353,0.00744878558267869
0.00980591649259594,0.13932615249941,0.0141911990780462
-0.000400405020706034,0.140184245337091,0.00589368866997327
0.00483503818943191,0.140453780368687,-0.00184816659751348
-0.00293115513652169,0.132314002795537,0.00846428586248245
0.00820053494046236,0.136770800270949,0.0100669488751824
0.00444476662940402,0.133871527948009,0.00836803546498903
-0.000801931306746516,0.144143124772676,0.00660817439868954
0.00869285373308851,0.136377823223652,0.0090562098741757
-0.0238607504174286,0.0971957449055218,0.0216640054260266
-0.0212159978642264,0.105064036105774,0.0210771676130778
-0.0262278457821635,0.10628165158798,0.0215393488023632
-0.0198786493474818,0.102720742598825,0.0327059703343277
-0.0281538629456655,0.10608033840203,0.019345275157035
-0.026784698244488,0.102910579365686,0.0269933555576253
-0.0201772434033152,0.106485524496112,0.0238541243186937
-0.0207392517558068,0.108479128594356,0.0257853935188165
-0.0217714695859056,0.106934764666975,0.0213146597045575
-0.0210732653670892,0.102654775429336,0.0228045382989274
-0.00170408498236864,0.130322934655568,0.00924078760754001
-8.51657753274219e-05,0.13574027967224,0.00893348196105661
-0.00121042940435949,0.13059974251666,0.0106007238909645
-0.000815516472798466,0.129085484819462,0.0107384763927706
-0.000225285493439375,0.131922180339975,0.0165150615890371
-0.00511792749189267,0.128604709448228,0.00255252017945195
0.000904410895188629,0.135021278746809,0.00918858279361714
0.000802746137218053,0.132287762227384,0.0106272075586869
-0.00239283310430639,0.133312757290509,0.009826366553451
0.00825145995957573,0.126886288414241,0.00195796786721321
-0.0107974600153194,0.105554075269514,0.0229359510035919
-0.00696151081221354,0.109053314854367,0.0267907309956249
-0.00478327440868353,0.112932365033226,0.0316932019049594
-0.00150060808947324,0.104794424676054,0.0152189260744824
-0.00283746173657244,0.102584894359532,0.0247561191827425
-0.00635540829612523,0.118836121407144,0.0241663642764238
-0.00857856555497176,0.110870687784778,0.0253803536100992
-0.00632084703596949,0.107493127054153,0.019460457546406
-0.00538658762913787,0.104555972147985,0.020175575313982
-0.00137909245717146,0.108251836314353,0.0236962929912625
-0.0180841260819994,0.135239991228049,0.00774396084566441
-0.0231146549898131,0.140491642707564,0.00609667709609903
-0.0226372302012976,0.13297764601707,-0.000640465678647659
-0.0229160260681749,0.134687869828103,0.00184968787147123
-0.0179519521251288,0.135249646674474,0.00801130803740031
-0.0240627962111768,0.140330698162546,0.00129958820744226
-0.0212799867933798,0.14032338654473,0.00168449012343073
-0.0237891609634267,0.144453997693961,0.00709593445724037
-0.0238136730077827,0.139036198199966,0.0018030294905521
-0.0193114932606041,0.142103831524258,-0.00322355989849273
0.00509059462731692,0.14360674610887,0.00873925142772847
0.00791124212902854,0.138396425043027,0.00355164571280325
-0.00789652329138999,0.136441246717168,0.011304852377142
0.00209852973697951,0.139429316547395,0.00609268880479719
0.00135655827741984,0.131220212066487,0.00531082123624599
-0.00254276091840206,0.139853790538757,0.00824449007025985
-0.00393763664896072,0.13773677532183,0.00549163708534531
-0.00203003663770677,0.141231472670883,0.00865410663577812
0.00218270113727758,0.141310754547161,0.00887081092346512
0.00274536906499431,0.14050673209067,0.0127813685252707
-0.0289803478967854,0.122816340479944,0.0105054193528736
-0.0311221413063694,0.123972748351266,0.00832489991575967
-0.0309887430250161,0.120846878053392,0.0109115481879847
-0.0254040342099815,0.121303895892445,0.0114269669355328
-0.0341807914371547,0.119434194124324,0.00467838059420496
-0.0301381115531451,0.120401164946837,0.0110090193058128
-0.0276430974517093,0.125322914739823,0.0138003783182581
-0.0301397142618753,0.119734055759854,0.0117541955950182
-0.0365116372970154,0.115501764855369,0.0148984216679527
-0.0314722198477711,0.119497102843958,0.00592089772682024
0.00239353377130466,0.134961883970555,0.00343584726199573
0.00348113891916627,0.131833343299974,0.00507062134637077
0.00189615905714519,0.124975498199322,0.000263520884592234
-0.00270565548535029,0.128598587291875,0.00402978133985228
-0.00494370392322868,0.133713628532472,0.00229147453298503
0.00235507616586408,0.135708982879244,0.0086054180397704
0.00224305424052601,0.131048087947453,0.00262955445309508
0.00165198894403698,0.13640401702054,0.0154589912200712
6.33088075099875e-05,0.126051425227933,0.00911697387352002
0.00324629506610147,0.131652914314987,0.00380132792596387
-0.00406548561027566,0.114671275573678,0.0141624196275986
-0.0174917641833897,0.121564856618872,0.0174187510483872
-0.0116952863560977,0.121266429318268,0.0192002206604452
-0.00979988888007953,0.126698893155577,0.0143343655856795
-0.0081368970176907,0.126752197962981,0.0260164935014687
-0.00811890542201781,0.128737056230822,0.0161376567154349
-0.0175675796226647,0.122624484627522,0.0128387390048943
-0.0147109699092436,0.12632992385752,0.01358678811655
-0.0160763716979803,0.122472058730976,0.0151141764158944
-0.0108991719250668,0.120298825629033,0.01697064686697
-0.0249785372364925,0.122865391488141,0.00674286517458686
-0.0258686516713045,0.112882426419819,0.00199781358860625
-0.0241285868254536,0.116569893433604,0.00949699107325286
-0.0289809115022192,0.125201899012933,0.00791392249601042
-0.0212615407025633,0.116660168894204,0.0067178120761002
-0.0227286354697928,0.119790876777148,0.00282945628196417
-0.0316585451372147,0.113176378613337,0.00158987674013633
-0.0253281808008412,0.115922845989371,0.00572325912397243
-0.0310487651279233,0.12068611940644,0.00889511782449571
-0.0260016107146668,0.121652570163557,0.00358356713669495
-0.00028115612774917,0.137733553295816,0.0104068466257347
-0.00489466998222601,0.137647149491059,0.00689199766165283
-0.00560094586220344,0.131526715750347,0.0130443253104355
-0.00543617454404107,0.13564813311897,0.00399983743248041
-0.0032778967687341,0.123411637312247,0.00442783699001012
-0.00783188087806082,0.132281985425186,0.00786367978884903
-0.00346402819234486,0.144117379663872,0.00637057770372082
-0.0031990205394815,0.130062526614644,0.00668891038385736
-0.0075868052942912,0.13646098459116,0.0119514080249868
-0.000653644343443026,0.133537307642334,0.001957359785869
-0.0034946856238843,0.135600323535607,0.01412446290212
-0.013329606989292,0.132191238501115,0.0112120101069975
-0.0112842506548679,0.130945662112147,0.00798178384546061
-0.0172667914622139,0.129082887404661,0.0150654977477765
-0.00909371866738509,0.129386890170402,0.017731246523873
-0.00562675641005877,0.125125874322298,0.0165817675415098
-0.00884956635706832,0.125377982329794,0.00850810896733874
-0.00698842779565534,0.125985662206659,0.0134063819451369
-0.0127816041065983,0.121198094704738,0.0138461608453829
-0.00989161940180708,0.132196264113024,0.0163056642260244
-0.0240085371619073,0.112729731539529,-0.00183048087270926
-0.0333308421638618,0.117717161041889,0.0130099071934866
-0.0253766910583443,0.112632982141093,0.00513873938501023
-0.0328325285557381,0.110027358184036,0.00460046049596251
-0.0314628009218039,0.116989182072536,0.00729518490363527
-0.0267783946849953,0.119443879687381,-0.00481594402893544
-0.0257682049488952,0.124279247565016,0.00370991127482019
-0.0346090571147695,0.114912667370415,-0.000516548966131778
-0.0269443924210078,0.117373380062149,0.00304311096822639
-0.0299622914461459,0.113328150389534,-0.000999514729636567
-0.00375717457604399,0.123713809745325,0.0051856275779561
-0.00611998525000545,0.128514757982768,0.00786119632282445
-0.00751667591064475,0.127372636877928,0.00653506316371685
-0.00833376667018156,0.129486351439977,0.0029815159895647
-0.00704462910786299,0.123741325086609,0.00417054921486026
-0.00949371698600109,0.127478248013849,0.00831162906485461
-0.0102854600435069,0.133288374390261,0.00954103048886348
-0.00800444372900651,0.132237039317897,0.00813244875086455
-0.00772919724635681,0.133289322606059,0.000460714184754654
-0.00299164850279073,0.12716759131473,-0.00186789361094626
-0.0023911855639357,0.126890283099249,0.0187377157663003
-0.00940974184847418,0.12305885670289,0.00458632207772006
-0.00547885443281765,0.125994452142569,0.0160250354084152
-0.00638854504051673,0.121463796433275,0.013832643845983
-0.00344838444597534,0.12953264880694,0.0115612055955849
-0.0168772147719553,0.12485620499625,0.0174781115655519
-0.00432084431134003,0.127516092238082,0.0120685640826632
-0.00689164680710408,0.122451850805201,0.012649521448645
-0.0107568755290859,0.122223615679418,0.0153449964513515
-0.0117671240153112,0.125998445725007,0.0145145337169114
-0.0255792385761027,0.130008953707921,0.000828882349672121
-0.0215237256115263,0.132259398264659,-0.0100369394217346
-0.0304927379038381,0.124164099982885,0.00618668113103975
-0.020124333114914,0.133051033523265,-0.0081961149280035
-0.0286233261677923,0.13421366766237,0.00189603091518849
-0.0308350078597838,0.130225520205007,-0.0047667248359378
-0.0320531144283358,0.135388092309858,-0.00615354218694903
-0.0164596223731986,0.130459514715513,-0.00292362547701431
-0.0287010055100557,0.129523654541901,-0.00930078867857615
-0.0225836655270933,0.137230467661847,-0.00706610284172549
-0.00895918819412302,0.119911163296252,0.0129526279714408
-0.00594181364321652,0.122409744483802,0.00833099834730861
-0.0141770803453244,0.121249116002179,0.011645782012626
-0.0142335049617665,0.1226512697527,0.0174125617564917
-0.0117962228047637,0.121110333015703,0.00347426362159826
-0.0139106240116092,0.116355522882135,0.0106692278510123
-0.00873097617797025,0.128021690319918,0.0193418724384845
-0.0113213323202735,0.120647828470813,0.0153516020569568
-0.00891335550368316,0.124989617858418,0.0151282106677035
-0.0168151329412283,0.124090069056795,0.0115824123842423
-0.0227546232715282,0.126410894133651,-0.00202692428364681
-0.0229719291266292,0.124238002494933,-0.00636069920458029
-0.011708978492248,0.129287493639874,-0.0060530170629561
-0.023523862911285,0.135882139713341,-0.00685311087223214
-0.0176689988500015,0.125377003012619,-0.00400381884266451
-0.0182510717249052,0.124561271566418,-0.00732803278187156
-0.0216280205270665,0.129622267672887,-0.00855628329699537
-0.0206029245305749,0.125053621849021,-0.00891439254881264
-0.0167946223386378,0.136163968624901,-0.0123305306364327
-0.010368213929649,0.135289587756253,-0.00708171896507874
-0.0182956919681434,0.102763255740584,0.0279063693746835
-0.0198858570465615,0.103710340850868,0.0280423171594364
-0.0153799483432327,0.109144862275622,0.0264592698085056
-0.0187433212367681,0.103502480775008,0.0275582378810193
-0.0198402192762415,0.11030450899487,0.0274679350666019
-0.0160200165966963,0.105570777281657,0.0256998906840386
-0.00307935301876162,0.105108126173356,0.0179432771828453
-0.00954053432533942,0.107997257036358,0.0215101748333191
-0.00674620031401722,0.107761674506386,0.0252107430588257
-0.0203412285968812,0.101298152439044,0.0168923189581101
-0.0126992011491729,0.145161293459633,-0.0103287010163167
-0.0122917824338954,0.15644966945314,-0.00694546256694161
-0.0103786913423345,0.148242648318373,-0.00844725575418514
-0.0156339420906835,0.152068497962561,-0.0158005533097367
-0.0126620971103363,0.146686493467518,-0.0108898219244618
-0.0141857906845237,0.145119458364855,-0.011048714583814
-0.0127794576397624,0.150820051835786,-0.014736526504948
-0.0100196202586463,0.13911590575191,-0.0115339055365967
-0.00369529505018994,0.153530860535783,-0.00982221781900524
-0.01207993441961,0.150097695495564,-0.0125572964254627
-0.0257371912574661,0.10856116171195,-0.000734151531390113
-0.0268327622612035,0.109960422024503,0.00395362037317991
-0.0159908781857389,0.106589698696505,0.00105100607882776
-0.0319241195696124,0.117093068540855,0.00610861889663632
-0.0328148160197829,0.119657773615995,-0.00393853547590146
-0.0252671230234318,0.116278752512366,0.000920257537769366
-0.0170012038902634,0.122893267212809,0.000815977573991893
-0.0338213134638564,0.110423063728933,-0.00319856807833155
-0.029260956686349,0.107372256444279,0.00043775518297315
-0.0177840321587733,0.109019646129891,-0.00106597187252105
-0.00995033618256093,0.120373851887187,0.0175364507508758
-0.0105202032767125,0.119005470296465,0.013998277124288
-0.0129164426560384,0.114326044132039,0.0118568235219506
-0.0121004908499875,0.115792380575444,0.0146387727122601
-0.0134797330637054,0.119473344979777,0.0168899199855211
-0.0138753197099614,0.11664170603806,0.0154539604916678
-0.0177579845183409,0.118669693053742,0.0208155765101306
-0.0168028201139503,0.123233599931377,0.0144058011027617
-0.0156474452551273,0.11193216357729,0.0118722607414161
-0.0184900722811131,0.116938188029076,0.0213605059330513
-0.0235230188184121,0.122364356574757,-0.0154068061466802
-0.0356361863808408,0.118277310081471,-0.0194313838852132
-0.0227739019036242,0.113728140815224,-0.0249361947274989
-0.0224847584369313,0.118481262055515,-0.0187696528122853
-0.0294943582835702,0.112412337786979,-0.0180065231426727
-0.0208825483706687,0.125475776233834,-0.0272494118480803
-0.0310068956037558,0.113052161378116,-0.0213566509555863
-0.0281249353629965,0.124204166605253,-0.0270796250627105
-0.0326354339133197,0.119768766103319,-0.0165570108610912
-0.0288801713490802,0.113885001681198,-0.0219954440339691
-0.0141344716424191,0.135753996827779,0.00718794163809609
-0.00671999515076934,0.128047639838554,0.00165769784973697
-0.00880105213649631,0.142938947967222,0.00739497587780021
-0.00782293095403046,0.140922067754922,-0.000512798419718144
-0.0089890711993655,0.141334864086522,0.00960624637694568
-0.0046756065432836,0.137647628531218,0.00118277457959833
-0.00461832915968917,0.132371999564382,0.0057559225318625
-0.00647109013311588,0.140241844519727,0.00168492588795587
-0.00505413465358783,0.138857331769163,-0.000274555117970907
-0.00697366404664284,0.142073635088715,0.00369926785782997
-0.0156158474740086,0.128874493225857,0.00917580851776993
-0.0126081438110088,0.126508794282505,0.0101334574326483
-0.012536641723205,0.132497116646766,0.011944830358345
-0.00778505665485719,0.118934406945985,0.00827087101144211
-0.0134331210396949,0.123707162934263,0.00489464940861557
-0.0119071668146111,0.129498660804226,0.0110865733304307
-0.0127919667041594,0.123565603421168,0.00786888189064304
-0.0147975533125074,0.124296538247685,0.0111177548578908
-0.00490731276234808,0.125118931915517,0.0123106305804996
-0.0185029671740344,0.132406073181013,0.00577489439608705
-0.0132458467945707,0.134043983802292,-0.00380557601255418
-0.0140317710137182,0.136342402718668,0.00587337658083071
-0.0165935620229437,0.136330839625582,0.00473976873664417
-0.0186560406626677,0.138730352205599,-0.0103674901860905
-0.00994233144029491,0.137828476473639,-0.0035224628656583
-0.0151756573666401,0.13749912359863,-0.000310194870989249
-0.0231556535418769,0.129985194324049,-0.00460763962552615
-0.0166690686844766,0.135332963962108,-0.0123264361754819
-0.0176637884952883,0.134901631043609,-0.00931117613704943
-0.0175045598569495,0.134830970101966,-0.0102478478782663
-0.0120278580777987,0.11748119964664,0.00162759710057284
-0.0188867319722969,0.11562797561615,-0.00818804899513497
-0.0136442862358257,0.12565865552179,-0.00514153347506544
-0.0162257053983268,0.123966560803984,-0.0116877023779078
-0.0196948743522479,0.114114341207405,-0.007717009843285
-0.0135633777100782,0.124304704133598,0.00316168517268312
-0.0166857193794448,0.11280897548902,0.000698968348261394
-0.012215373123313,0.11910441463843,-0.00523713729778056
-0.0142182690107664,0.122973767126162,-0.00341105937774515
-0.0177782287873384,0.121279643692107,-0.0059130687151522
-0.0262080642795115,0.121714213372262,-0.00123525843322668
-0.0202942348180684,0.112602636362472,-0.00563034764101067
-0.0233944583633353,0.11501128356531,0.00338110697511784
-0.0205964791627845,0.118184428613714,-0.00724668743743677
-0.0268813675363753,0.116830576249936,-0.00292714145348786
-0.0178398124899243,0.121386986172585,-0.00392747726602806
-0.0194889082083122,0.121604170444797,-0.000388958522642205
-0.0164849211550702,0.1202721041335,-0.000885046123899477
-0.0194599529510591,0.11679999894223,-0.00346955695383759
-0.0215217601851427,0.116167261569242,-0.00333698660939511
-0.00877829264795301,0.127863796842016,0.0133504812748287
-0.0170348916080567,0.129235886778894,0.00869107876367038
-0.00492088395158254,0.128192961694518,-0.000868761446561101
-0.0126115733109902,0.121699093761719,0.00112861815206987
-0.0147246319986984,0.132936918602298,0.00790434956414131
-0.0159090665885419,0.13067442983166,0.000802498795518804
-0.013140758878521,0.134639880325311,0.00264655184442814
-0.016973558014814,0.124978565461275,0.00481734895901306
-0.0104081276142625,0.135481424358582,0.00209965488925708
-0.0150907260144811,0.124447877609274,0.00826350550076853
-0.0289671343399129,0.101940296870226,-0.00478923832628248
-0.0254108365873996,0.106698616660661,-0.0176162957688445
-0.0268991537190726,0.105913819814051,-0.0180307360590617
-0.0295227349938499,0.102213558337355,-0.0116180037119895
-0.0326315837827098,0.108189352525969,-0.00665755896138396
-0.0298026439460449,0.103798458917577,-0.0118380684122464
-0.0237582301294764,0.105921316362346,-0.0123439071632799
-0.0304858126279879,0.102907256665607,-0.0115459648292007
-0.0218062175571099,0.10610681973891,-0.018890966803199
-0.0267881481298064,0.103464762449552,-0.0151103424381694
-0.00838926107556966,0.137244569268399,0.000333484881095969
-0.010632377578876,0.139303786022198,0.00201865748858612
-0.00677928808871433,0.139901010481781,0.000872077005639474
-0.00732354517747646,0.142596764955953,0.00654207140445387
-0.00495931015556635,0.139616940684112,0.00374071000917807
-0.00840289478321609,0.133640687433446,-0.0081071309364687
-0.0142559607404665,0.139815127090086,-0.0012634190968949
-0.0102627586036129,0.140926264828483,-0.00148750285408582
-0.0098844371704273,0.143202136498679,0.00421118311206613
0.00240397768202867,0.141973265800105,0.00124862584334885
-0.020697796112487,0.130702603981035,0.0107783739866143
-0.0254037896984236,0.130454023090912,0.0139123389536393
-0.020642899858118,0.133460387089052,0.0148136917697715
-0.0140301594309297,0.134590820778067,0.00174241464756199
-0.0205748284543871,0.135089419325611,0.0122944128045792
-0.0182762307143359,0.133231128097352,0.0151700259152839
-0.0176586174546137,0.128448944958266,0.00986319788157538
-0.0190826364446338,0.135070434736975,0.0121672883346129
-0.0160389030897727,0.132074793759435,0.00900328932522342
-0.01796164684492,0.132350275787321,0.00479426301889404
-0.00602537036933887,0.136536805289984,-0.0204634256284004
-0.000427944618818258,0.135068430873146,-0.021769505559186
-0.00730972961316897,0.131725674043475,-0.0191889608522654
-0.00365134245760656,0.131658828818022,-0.0183848778358236
0.000375198044593574,0.136552430783327,-0.0169827182917763
-0.00988078235864201,0.130689651701222,-0.0193785850099256
-0.00699947227393621,0.126326274619248,-0.0264713976022373
-0.00246717930491663,0.129793958513326,-0.01216513581464
-0.0154346698691745,0.134621522971226,-0.0205407159935624
-0.0095461978714628,0.1344437677217,-0.0237832318230968
-0.0141047277986801,0.117420780353103,-0.0200789596080515
-0.0272168399805945,0.116017983805423,-0.0090025701068049
-0.0167668748691065,0.117370304424813,-0.0108990569786865
-0.0230386253464965,0.122854766455383,-0.0172896424281076
-0.0172871143221332,0.115699026357878,-0.013180066861502
-0.0251891558677908,0.123248883088781,-0.0116589947954836
-0.00934401759435184,0.122819986154067,-0.0138601420535196
-0.0211123032690919,0.110197669958577,-0.0139018955409236
-0.0164515827853411,0.121336585951179,-0.017837309111847
-0.0141208778898542,0.117439022750184,-0.0171916084269807
-0.0132345719682939,0.126928905077756,0.00328596507652185
-0.0087933708287211,0.128303243815605,0.00372204616028575
-0.0151637669548265,0.12621446986373,0.00479438840518429
-0.0144300265694161,0.123452214081887,0.0008489161535669
-0.0147723276709106,0.133406652915206,0.00274684244585795
-0.0202360894304342,0.124912104173916,0.00197531175476726
-0.0174645807632027,0.127768358141777,0.00332871708481182
-0.0185023641774734,0.12409121856542,-0.00150389078663611
-0.0195325238999577,0.120214281515936,0.00165990194852825
-0.020404060145735,0.123037651842796,0.00245497278630791
-0.0187844243317853,0.112811583586924,-0.0210001597001212
-0.0178042970554393,0.117344722995817,-0.0287680596540168
-0.0154870045285218,0.106950287759975,-0.0238640117062425
-0.0191836847845284,0.110589692848555,-0.0255100630441743
-0.0185959669843276,0.104629592505972,-0.0203485969297025
-0.00582307195696778,0.121782343532831,-0.0246390124425748
-0.0139750792715664,0.111026044628555,-0.0224278430991003
-0.0174333169592647,0.105211166532602,-0.0229385998716737
-0.0186256574101557,0.105279295380718,-0.0133568902493868
-0.0146251994363507,0.114504555609065,-0.0181449288295148
-0.0253708668758388,0.121021667985413,0.000405287769159598
-0.0182657296489099,0.120000266073507,-0.00377410201100028
-0.0156716474108059,0.115969307257317,-0.00490836545841962
-0.0156281913307835,0.12611525177354,-0.00332876063954017
-0.0205152554960285,0.121001369444114,0.00244602954207337
-0.0145881599245893,0.120449655996624,-0.00444108754357563
-0.0159059384423074,0.119052138849807,0.0035444146161709
-0.0240224914338526,0.119934000598844,0.00313572165950315
-0.0203337882290229,0.116869774056227,-0.0058173191615416
-0.0194330961176714,0.118566974028043,-0.00159529455348857
-0.0131830894919131,0.131794940342759,-0.0117869112031714
-0.011088266149043,0.12811210696157,-0.0105604882146129
0.00470270523245489,0.145094918117408,-0.00490194111377168
-0.00639090290849695,0.126352239175099,-0.0118868565036262
-0.0119804778853311,0.13360599283524,-0.00767525345161994
-0.00903163274836449,0.130103649749192,-0.0133691579073135
-0.00940668049099253,0.136021386615665,-0.00801472578528438
-0.00866602978699821,0.134094707606696,-0.00744543786860654
-0.0158179123228084,0.131539886060106,-0.0115443548002269
-0.0174499232413933,0.126150578444517,-0.0111779866665653
-0.00486247733658328,0.114831752683112,-0.023429100321717
-0.0117173429785368,0.107119713095948,-0.024160047857179
-0.0118911365540548,0.120439283641945,-0.0176527806662834
-0.00953394173854237,0.120520380434924,-0.0208358582185427
-0.013667844208597,0.115615498647997,-0.0236631014093336
-0.00587595877728085,0.118456071291241,-0.0220669469299652
-0.00521437494739082,0.114498605042332,-0.0233043455625621
-0.0168993613130536,0.111075521133615,-0.0200700821850772
-0.0104902847427678,0.117059160080365,-0.0189018924008953
-0.0113622933324742,0.111911785398173,-0.0269615649989063
-0.0115552489735766,0.130298723162163,-0.00730075879572891
-0.0195701211217601,0.129636733893305,-0.00433005911897641
-0.0153778127908676,0.130069891463156,-0.0078829111980664
-0.0109984222404297,0.122419297890192,-0.00297839431463978
-0.0104773858452904,0.127722463516346,-0.00384064095669636
-0.0119443073315131,0.128659305994847,-0.0037221059937938
-0.0114207013527637,0.127369181773931,-0.000381982094389412
-0.0086484753224731,0.132402503087253,-0.00371705917103268
-0.017641844778356,0.133097143145067,-0.00869562908126314
-0.0065777405147233,0.133223680349759,-0.00282750277319246
-0.0266657913623863,0.133013321555879,0.00732078639312952
-0.0235866510029806,0.151368333937906,0.0150102090799334
-0.0237653184022647,0.13955061297677,0.0124843504604906
-0.0211113013789425,0.140702662335931,0.0195084215947905
-0.0297973261434999,0.140213613133269,0.0120974774684978
-0.0326877121786103,0.143980243993864,0.012145486211689
-0.0245046180739333,0.144897392946973,0.0159557967777415
-0.0215739081207819,0.139843264249881,0.0115415903100775
-0.0233238376797688,0.136691359456486,0.00753093985878901
-0.026400283674707,0.142029236426952,0.0187860803947397
-0.010009990077798,0.103625169271068,-0.0311361330314819
-0.0070182029952205,0.11632933375962,-0.0280023399737243
-0.0150229765692299,0.0997445567016394,-0.0248242810007025
-0.0119025509578251,0.110056805238735,-0.0324110010374863
-0.0120528216954024,0.1027789868936,-0.0237281132823069
-0.0151733640033321,0.105045536761239,-0.0302707721855004
-0.00894601671152363,0.107108916926462,-0.0329475972285134
-0.015405670028011,0.101212332269467,-0.0269591980921551
-0.0114999425087134,0.0988535221436142,-0.0366603609117331
-0.0129419791699094,0.108183945552952,-0.0284085668023821
-0.0121850744021474,0.130093707381059,-0.00205344152295249
-0.00654358646036161,0.134755950302358,-0.000307316767429868
-0.00909994730131579,0.136842682445168,-0.00395108839457444
-0.00258635903758776,0.132883503441146,-0.00424302020907792
0.00517640920829975,0.130249008983513,-0.00398615755730053
-0.00668790035070625,0.13299257145243,-0.00909958109249252
-0.0037283976682844,0.145563421371004,-0.0089963273352905
-0.00350711834718252,0.13406467152918,0.00203606970881149
-0.00344307162814187,0.135749294726514,-0.00343965722171613
-0.00559459717428541,0.140729713939323,-0.00671027983300993
-0.0172881575902303,0.132708154427446,-0.00535802484031263
-0.0175391215009588,0.130752975249881,-0.00763120699448758
-0.0203830851578694,0.134224139479693,-0.0086868157298571
-0.0117983943590169,0.128641420070375,-0.0117751247936344
-0.0122291308832858,0.135463361191413,-0.00914023347643139
-0.0139521571480675,0.13820186611927,-0.0120451458991756
-0.0157511667517153,0.129968676623062,-0.00845467042865507
-0.0116684700867855,0.135277804977381,-0.011659307740319
-0.00245080816339754,0.125059783890324,-0.013646778327054
-0.0126835566346655,0.13207936415188,-0.0062051353610649
-0.015846286484459,0.111611295955087,-0.0184002114012621
-0.0136662988723017,0.109313096731071,-0.0169175943143652
-0.0228803625091279,0.111755621268114,-0.0225340275752424
-0.0191795042178596,0.113200921922432,-0.0233129697919405
-0.0204715585057835,0.106007369918568,-0.0277722715279256
-0.0170691633884144,0.11672178242519,-0.0196313320536725
-0.0173461168228309,0.107883868683231,-0.0126154491872536
-0.0173549947184409,0.117246880996184,-0.0175457216531626
-0.0173564027419938,0.11639938277043,-0.0151086023277891
-0.0166966344658849,0.117254608104722,-0.0119576331675592
-0.0121279018319005,0.125379491198406,-0.00724240796006259
-0.0104047124516365,0.129632258900718,-0.00992735117253879
-0.00889740049994131,0.130596603911339,-0.00823859945484995
-0.0110905949755668,0.12138491674662,-0.0136835766757881
-0.0174953039633176,0.121425062711459,-0.00965612465096783
-0.0180547627752953,0.135386475259024,-0.00612173011423453
-0.0198110805652089,0.121784012334268,-0.0095505224878561
-0.0183372287773439,0.12456263649138,-0.00480042698696
-0.0120862694491301,0.126133252778908,-0.0132132410018879
-0.0135982538300734,0.120995989289797,-0.00779224028003022
0.00365687115137856,0.123706116672486,-0.0183433431705677
0.00982998454554494,0.120433288298526,-0.0253499925273344
0.000680779659527241,0.121046689124091,-0.0195376710467962
0.00426897006738737,0.119879379469005,-0.0209516525852851
0.00914437711778749,0.114904996125036,-0.0226581033389321
0.0065281854507042,0.119968123181189,-0.0199275973570368
0.00434446529407593,0.1172678980387,-0.0224352771935275
0.00769693188602123,0.1197026261114,-0.020395183815292
-0.000157663306148238,0.116272984663398,-0.0359084560557312
0.00805690666660606,0.116608558287039,-0.0246721769726101
-0.00631763795325626,0.136873204623128,-0.00843994137391198
-0.0136913953381727,0.135707673053724,-0.00430589823082387
-0.0163051872934747,0.136395762401614,-0.00362721168340046
-0.0158655686798047,0.139346616934032,-0.00406276448529475
-0.0136535404786675,0.13065112138882,-0.00510184138011479
-0.00683414263158579,0.138984908354027,-0.00382144978726465
-0.0147376838260087,0.139004547171156,-0.0092310910412254
-0.0121964959639687,0.130445570483304,-0.0025481825566081
-0.00919248783816858,0.140683601652072,-0.000942705138578546
-0.0143832143394704,0.139241229983385,-0.00707525619674445
-0.00304756674464245,0.123817694615323,-0.0174825620020922
-0.00991627986149067,0.118880975426766,-0.0197448659237184
0.00604720648457586,0.124293385225233,-0.0115556407520247
-0.00486983504917986,0.120234242578308,-0.0184220131149198
-0.00857970345518784,0.124353321316597,-0.0215414555773408
-0.0119036213343938,0.122870268930058,-0.0272210711097088
-0.013726694858613,0.120540555550001,-0.0247863397318561
-0.0099329322585106,0.118739119629976,-0.0229738112501582
-0.0071213050857241,0.120475182296939,-0.0257275877564289
-0.0110671410565567,0.110989001512684,-0.022649445111364
0.00449442283358749,0.109475941574359,-0.0201484447688247
0.00405881367813159,0.116248001549207,-0.0182307518625444
-0.000797399877810476,0.108857647176677,-0.0220289622877861
-0.000640900382070911,0.118095965447039,-0.0167371453899425
0.0024597484466457,0.110576489347144,-0.0202470506198896
-0.000485062073193579,0.111784930499285,-0.0244456489558647
0.00262334673108241,0.116798399229589,-0.0193871165386751
0.00683652045941856,0.108626140622858,-0.0216708142396281
-0.00161003979536893,0.113824311886087,-0.0211199677257007
0.00756997247727172,0.116681915537047,-0.019842347921706
-0.0335006205975696,0.150007362957753,-0.00309307865174904
-0.0332118971348148,0.145706552046243,0.00880050090530715
-0.0277491383605352,0.152464487981901,0.00353585465698317
-0.0307227288862627,0.158331492851367,0.0104144955019782
-0.0330267115068332,0.152584983469373,0.00050484833893133
-0.0295678471317178,0.154867588764498,0.00855607655361548
-0.0372333431854443,0.153929821333152,0.00146836108650772
-0.0325522619554982,0.155063379805873,0.00608762402307428
-0.0316384553452322,0.154338268367824,0.0114026383392986
-0.0334147836314716,0.146510937521914,0.000185782777373578
0.0132766037614139,0.10617149049846,-0.0291837518694692
0.00877356644174818,0.109800189792268,-0.0346335355197872
0.021577942643324,0.105434077075412,-0.031518730749576
0.0134925206041872,0.106130095527919,-0.0326183671372074
0.0163909706918412,0.106757082281996,-0.0270931200753729
0.0195701161701168,0.116276923700753,-0.0327439100819427
0.0216996067309265,0.100459378853994,-0.0291088361545682
0.0189825862990754,0.107359617058299,-0.0289091693279651
0.0210709955056714,0.112990756852303,-0.0300389233408383
0.0200286276613044,0.106160261003088,-0.0361260625512104
-0.0121249321145436,0.133548665707362,-0.00425690476719438
-0.0141524450046162,0.130844552292027,0.00381048511870533
-0.0134165055243278,0.140483676180207,-0.00426927427150865
-0.0130930611044174,0.132376243613494,-0.00900070682559266
-0.00890346545246334,0.138265028053326,-0.0147172003564614
-0.00263797708025676,0.13591362136211,-0.0103872481791819
-0.0111722999645295,0.134000785848956,-0.00703234164037883
-0.00580037962466681,0.137163155526696,-0.00967695562330145
-0.0110583744984886,0.13573741431486,-0.00778566280545374
-0.00592838855613201,0.13005537174488,-0.00640483358569544
-0.0191143262517063,0.132714451619033,-0.020759810868401
-0.0201995536650913,0.127361011509141,-0.0247694574567388
-0.0151449103127667,0.138383959693107,-0.0163543383035898
-0.0189238114621844,0.125288614319273,-0.0139118178345559
-0.0215258019941568,0.126739919368664,-0.00899970196121925
-0.0233298671107904,0.124843499571995,-0.0157989037267594
-0.0204051945947319,0.132904270943393,-0.00739287093872164
-0.0237223814180049,0.124582937606877,-0.0134584176129739
-0.0212665489613565,0.13511844004382,-0.00901896290849167
-0.0174417558003236,0.129401582616474,-0.0169378795301819
0.00188465333641939,0.128804274290749,-0.0159836390388005
0.00660869765835415,0.126977056544813,-0.0170116677339306
0.000446195847056526,0.128680883679993,-0.0181848987027244
-0.00131323079852341,0.133787654551212,-0.0185086778871163
0.00288034130444759,0.127567151210067,-0.0102775814877916
0.00126546904423403,0.114433714695951,-0.0200637713434746
0.00127488945798033,0.125325604552097,-0.008823787519778
0.00491981660615674,0.126281839834298,-0.0163618950103595
-0.00683266407037535,0.13174714343912,-0.0161764732239971
-0.00675599238896051,0.126027634491366,-0.0163198472391151
-0.0032527340962672,0.106281758406569,-0.0287125135890269
-0.00629652260734823,0.0972923036560495,-0.0273562238841936
-0.00334579463665156,0.10607011079065,-0.0319298008883571
-0.0016032810894669,0.0982890079414613,-0.0186982420488344
-0.00117107599280159,0.109214345720475,-0.0239751220762269
0.00299842040824321,0.0996926344407199,-0.0209420819395377
0.00524146932558058,0.0960022638391418,-0.0266953851190943
-0.00310961965264126,0.104935644994565,-0.0294071848146278
0.000682331859952416,0.106697884701819,-0.02504398248924
-0.000839730340918089,0.0991518782520136,-0.0258088812974807
-0.00289157169159582,0.124359921646275,-0.0128650658321807
-0.00157892038130289,0.130244435447472,-0.00868655117250385
0.00163248334730201,0.134699164299627,-0.0155885451054868
-0.00406302260586161,0.129096345247768,-0.0071536253244986
0.00467783378574277,0.12897278049117,-0.0150888528313503
-0.00655158346638307,0.132163395616048,-0.0126245744737901
-0.00511219874594004,0.128137716556995,-0.020048083395301
0.00138692678870495,0.128780055364139,-0.00621932054647972
-0.00570267302496868,0.133358055941271,-0.0121834751368344
0.000133580761499942,0.132342685271626,-0.00799755933967317
-0.0233544005502536,0.141548368151349,-0.0193659186204029
-0.0232983753429937,0.133582518986727,-0.01159294954963
-0.0232134682426397,0.137611619792203,-0.0129038756827156
-0.0182488025173394,0.13849104210478,-0.0192551119539773
-0.0147665435666617,0.13672684043454,-0.0116555640014611
-0.0226624949099906,0.136480885540971,-0.0110771231776168
-0.014603392724159,0.135935365670952,-0.0220131148917612
-0.0229787016390613,0.137147269824199,-0.0114331876244037
-0.0166703379331741,0.133822239217217,-0.00564346855402487
-0.0181648153850128,0.13973481689931,-0.016294464571471
0.00480629965699722,0.127967732090241,-0.0115036150814014
0.0166236131291548,0.123110768406202,-0.0221762135137408
0.0158727329080488,0.12628326934617,-0.0201826835650937
0.00723561594824071,0.12199134175236,-0.0110395473529194
0.0119095755071319,0.126197713036448,-0.0147308334972523
0.00632402552927078,0.129199170883362,-0.0143160565870207
0.00863440216155004,0.124487870758157,-0.0161171804866152
0.00619970809796805,0.128192230767731,-0.0101497268126469
0.0197124602920062,0.127242399349273,-0.0190165109797046
0.0106897979397232,0.121198512268473,-0.0181870179943699
0.0037269476867713,0.112321108368981,-0.0161314891542965
0.0019705043167211,0.118322991086015,-0.0144700427596804
0.0106509448341818,0.115572300908618,-0.0151824413959373
0.0137823622414495,0.115865998924199,-0.0183764058649498
0.013729196093767,0.105618811226705,-0.0194975059359379
0.0164299593059743,0.113768209335434,-0.0199184786252325
0.00187178743926968,0.118825827133421,-0.0261226535389698
0.00364930746869789,0.117921926050625,-0.0176941021433824
0.00941183973651013,0.116159789003167,-0.0149700095984848
0.00183575137288057,0.116526365089127,-0.0239646106988708
0.00657990934290087,0.115266491007671,-0.0149690614719755
0.00136622424547412,0.11782334425557,-0.0133783554163059
-0.00433337427880917,0.109039217904209,-0.0249280613332555
0.00704913681743319,0.118129519682804,-0.0204121692365402
0.00972031264258014,0.117059950105479,-0.0239530481607261
-0.000283079664004645,0.110967835678454,-0.0137893452810307
0.00145840738869674,0.111821207425976,-0.0199201715878151
0.000586564067512205,0.119920648762906,-0.0157049558686183
0.00521097398774925,0.118171875405029,-0.0174446423124552
0.000275697108873516,0.118675204107579,-0.0209030264940975
-0.0118363430637458,0.126304861795084,-0.0121921544025761
-0.00355508684926254,0.123565926864041,-0.0162641427603651
-0.00640208995737763,0.128159689837026,-0.0126289436830562
-0.00632269937057157,0.129989893632848,-0.0179033210949978
-0.00456290439800173,0.133998418102286,-0.0137969741962875
-0.00816065790308619,0.134285170155837,-0.0193019644258965
-0.00655432433930626,0.136186864453325,-0.0164331805853462
-0.0104379868321614,0.138374980539987,-0.0166617289938489
-0.00522672518062773,0.127386782403716,-0.0145229730412682
-0.00505569120067371,0.130619474778845,-0.0143681279450971
-0.00508192537967328,0.130912172751041,-0.0148372343249852
-0.0177956272643134,0.136642271814997,-0.00793592690600391
-0.00599687566681734,0.136500938274117,-0.0170091658542578
-0.00757894645680707,0.140756234456685,-0.0155951582839226
-0.00316356055829073,0.133265216231899,-0.023642789530056
-0.0125459777615333,0.13573141999677,-0.0171401364649292
-0.0128733149439414,0.141877588251837,-0.0221114191896224
-0.0113817317352337,0.132651429811294,-0.0175393467801942
-0.0120097617900467,0.138442134811784,-0.0198036235620268
-0.0125584032712769,0.136933154503376,-0.0112996478672292
-0.010044322932457,0.12774345241607,-0.0262006062219923
3.40223210597325e-05,0.124742701401928,-0.0173903447862496
-0.004557057945138,0.120641701071762,-0.0233275063482576
-0.00484100002382251,0.121631280328954,-0.0212384971134349
-0.00375837106923643,0.121073880985716,-0.0119734869954094
-0.00231015228221653,0.123385653019563,-0.0245124264227242
-0.00432220069070701,0.1191612930053,-0.0203982043652797
-0.00534767167909447,0.113132654132245,-0.0224374496019043
-0.00381802809393222,0.121664471161982,-0.0223054801635291
0.000913229581604284,0.124147453655501,-0.0279397588712362
0.0101180099647548,0.130945094050069,-0.00379141165127152
0.0125287457702768,0.133884969223538,-0.00487765591099883
0.016848692350445,0.130031118236021,-0.00198547885560834
0.0225214084411951,0.127887457668795,-0.0119170270747939
0.0205462416557078,0.125224416324033,-1.14354254848771e-05
0.0142033612023539,0.134901287656964,-0.00820164518888445
0.0121798156213706,0.132763118990215,-0.0104212282646414
0.0194214106295955,0.130686655208081,-0.00553309420489268
0.0154017616177755,0.137166603254075,-0.00644887943588053
0.0160758604202037,0.125180431075371,-0.00819501735553632
0.00623624328725249,0.116749226806963,-0.0212225922674146
0.00587915626513645,0.108118242517151,-0.0167932633589488
0.003445149286131,0.11241961370592,-0.0249655177366889
0.00825329417739916,0.102603540641995,-0.0174859321298697
0.0116167129043377,0.107160926304544,-0.0183483167996258
0.0095651442238185,0.11454758894819,-0.0190937798252329
0.0131400805902396,0.109444040759649,-0.0221889465301946
0.0088987476154055,0.109113826049779,-0.0160572210279184
0.00889447052554219,0.106546169847318,-0.0201911324967164
0.0139417486744781,0.108251496207924,-0.0221937960358186
0.00207556527238034,0.135323856151095,-0.012595701315464
-0.0047474914829741,0.128999576531941,-0.0105183939407535
-0.00299208754528521,0.136194619182473,-0.0169447860852163
0.00363142691764695,0.136867761923066,-0.0173715396305033
0.00264037688156771,0.132568634986544,-0.00988229940388297
-0.000642020918584398,0.131406141766812,-0.0225226527360281
0.000690282401934637,0.133550796933253,-0.0134540737682078
0.000291583083628809,0.132160223289766,-0.00836317591167162
-0.000712668705325244,0.130953670633521,-0.00768563934584459
0.000649523527126631,0.139927609591941,-0.0145881864119993
-0.00690442500413524,0.130518458303131,-0.0153507322134308
5.67547707625571e-05,0.129291191705936,-0.0189466062844675
-0.0005768769445334,0.137123284639271,-0.0144485918416032
-0.00278253108878004,0.126967098347993,-0.0159715357339586
-0.00498968331868652,0.130218937135621,-0.0148408741788519
0.00071116981940339,0.131617706250201,-0.0124251777795781
0.00448617008512403,0.121674495523248,-0.0250344190986042
-0.00654201471623661,0.121273446258516,-0.0193305699561468
-0.00412992648563568,0.130266858612176,-0.0167397296170038
-0.00546194611271167,0.126011896642049,-0.014692694944948
0.000860786864280387,0.112742732425959,-0.0264887076221347
0.00327199474212574,0.116583447081313,-0.0238570625517143
0.0034254155897152,0.117376176654085,-0.0266685368004263
0.00442175542996744,0.116461879591377,-0.030692998399079
0.00203335168210174,0.118744140559619,-0.0244160332725866
0.00260177350145359,0.116398089307891,-0.0240486615702648
0.00233464989782149,0.121455646768375,-0.0267731952821084
0.00283000724826853,0.117860106420843,-0.0300786408106303
-0.000786303460862349,0.114382666415602,-0.01923379514458
0.00218698735305507,0.121989195723756,-0.0249556397867825
0.00797911797112395,0.137802184407285,-0.0193432023458438
-0.00070089521045032,0.13766048211747,-0.0132612040185219
0.00973481792641374,0.133902335192783,-0.0205997268831054
0.00251625339290313,0.1304466210074,-0.0141725815905376
0.00511789556494381,0.135326611554562,-0.0131495412564668
8.25369904072053e-05,0.133508206782867,-0.0147378802136865
-0.0102589125384307,0.135666997218819,-0.0103418358825734
-0.00418800741901186,0.128006023066488,-0.0117957338678007
-0.00496215372889601,0.127376287961206,-0.0111005561475684
-0.00148387816910161,0.139073508555906,-0.0194019281255703
0.0133621192942592,0.11828276716415,-0.00954343909425611
0.0177551822673853,0.118081814330765,-0.0126359215494749
0.0136327923227105,0.119237911027396,-0.0132396272284734
0.0177010342813072,0.121666809739804,-0.020664948507492
0.0232973017287414,0.114787744801001,-0.00637684208414821
0.0223504539551136,0.111440353904702,-0.0109097056674043
0.0300737243021154,0.116457479420949,-0.0096468436342637
0.0175967172988417,0.122387594642448,-0.00720416292177833
0.0125517586839572,0.115561989744286,-0.0101673144178525
0.0161682229174327,0.127455885069669,-0.00975932467755647
-0.0116474675325926,0.135896895199938,-0.0273785778347878
-0.0101569135412025,0.138458544022904,-0.0195251307187531
-0.0165954398179766,0.142831415420691,-0.0293485956205241
-0.00693898067823828,0.142633601838921,-0.0216266723611341
-0.017786406918758,0.137657456370438,-0.0210224905166131
-0.00824724502436857,0.135113432729887,-0.0168311915651059
-0.00194242935550984,0.137266210583117,-0.0201085625570782
-0.0155807456164604,0.132379770211589,-0.0160731300506808
-0.0101117645431948,0.137204811233988,-0.021472974979359
-0.0137444177908072,0.133400667820609,-0.0334269238490823
0.0431599626448381,0.0917529702000768,0.00323730614808325
0.0400288406431785,0.0863338919451231,0.00348643751825105
0.0441212152614226,0.0893555905020528,0.00740506692939874
0.0424469126966498,0.093197016598585,-8.33385912422518e-05
0.0405429749599784,0.0952433841747724,0.00250360814291017
0.0443095423571052,0.101514449990978,0.00887491897255133
0.0478747142138704,0.103044153861298,0.0104262074419646
0.0453783336631981,0.101407828868622,0.0021370344877117
0.0411207580271863,0.101676000308364,0.00760432414200607
0.0437428139900213,0.0954355032184908,0.00476192440790095
-0.017418247516935,0.138731763584987,-0.0282885620190277
-0.0199636197830962,0.140039563428757,-0.0283392654128147
-0.0103598221476375,0.141221063078439,-0.021922699793247
-0.0166252359543515,0.139952751747115,-0.020942642827839
-0.0101305845577935,0.140410719583509,-0.0191728858391132
-0.0140407504037801,0.141753077033023,-0.0171417094218152
-0.00974000667780282,0.143907997020644,-0.0242673337760186
-0.017975497006978,0.139818094206129,-0.0185547781379822
-0.0238473580423401,0.137731046316459,-0.0265641445598754
-0.0151077352031695,0.133143435983496,-0.0236585624133695
0.0149770255863848,0.121549299507843,-0.0183074573816653
0.0072641285892771,0.131808037868771,-0.0157416579482287
0.0111748058306262,0.121608015595404,-0.0168062136883979
0.0189754117153956,0.126410876800424,-0.0157525949460754
0.00749656266810044,0.125974353905007,-0.0140257535066486
0.00683194805593872,0.129822955282578,-0.00723304157610014
0.00618549668876683,0.117043247920566,-0.0173493458053549
0.0155129373318082,0.124983182607681,-0.017656748028902
0.0125616588098404,0.1210514079949,-0.0235621720053609
0.0189208891256534,0.126480295762859,-0.0217003566233921
0.0156092819849979,0.122691730089632,-0.00410177527075834
0.0143273373865013,0.124518345992213,-0.00497549758145031
0.0115413402409501,0.135690710336556,-0.00170419592567441
0.00988396984939303,0.126979677921316,-0.00462385383159513
0.0167663639389441,0.126743715955233,-0.00663175299810645
0.0125600313078922,0.127502632559363,-0.000253918934621008
0.015493244875431,0.132229627768748,-0.000799887683444907
0.0142434583835049,0.13549432178535,-0.00799012854105027
0.0103816305242437,0.12110095786504,0.000366294370961407
0.0119144402478872,0.126683855159731,-0.0101562970081024
0.0134895793789137,0.112730070560317,-0.0239659783253697
0.00818320457072567,0.110721054308014,-0.0195085272859273
0.00627487585762311,0.113041037278076,-0.016004848756813
0.0114200207010475,0.11097685866881,-0.0172111397245035
0.0173876600195158,0.111982567863002,-0.0202542739329859
0.00729651230040394,0.109858135312949,-0.0159234064554951
0.0126414623520092,0.116827245951113,-0.0156267200718921
0.0146553307979369,0.116835611003846,-0.0121715133858773
0.0155154374685649,0.115472891811637,-0.0183959820579971
0.00829486138631492,0.111749193061253,-0.0168794775991498
-0.002822490838149,0.135713884849596,-0.0291894014100443
0.00207871441391877,0.135046885876443,-0.0303427197002849
0.00164566092918794,0.133806115838151,-0.0266781244839559
0.00142722605276052,0.123276564403193,-0.0322982458882029
0.0026277325003396,0.137680036382159,-0.0247898201973963
-0.0018672795055174,0.136884619970747,-0.029316679347183
0.00111962361590568,0.133940104350123,-0.0303377413432716
0.00256891680009747,0.134791492283855,-0.0328683607348364
-0.0021183374703993,0.137704214120625,-0.0310177546826983
0.00777380689159135,0.130144400929452,-0.0324716292657385
0.0228662577793629,0.130810914953077,0.00470347183307859
0.0180608400308991,0.130544929589848,0.0141944522516226
0.012148663160058,0.131653987930011,0.0115544952238523
0.0182508934259661,0.124278179843356,0.005088502924896
0.0177746586680788,0.124153554362658,0.0182377803716683
0.0182077186438534,0.124486868390137,0.00898613830865677
0.0150492310789913,0.133467684142907,0.0116355687877722
0.0178522757736164,0.129673553139,0.00900039874985539
0.0172140351492147,0.122954004791253,0.00671657095195276
0.0240753740487226,0.128254466102802,0.00957217497226355
0.0084112305787259,0.130849966176572,-0.0189197018840248
-0.00403405165337972,0.132656524982993,-0.0258228423482817
-0.00225601704579838,0.134552948845747,-0.0185821481069117
-0.00174065989826707,0.129162922069121,-0.0189145638600228
0.00267973648791673,0.123909668425009,-0.024716378137194
-0.00524104771006908,0.130465464186529,-0.0267306535492002
0.00470890707008712,0.126733558776205,-0.0242245264595027
0.00911419919066254,0.139404967379124,-0.0230283431039512
0.00185413992843451,0.138607446724788,-0.0218645020520249
0.00892253258013549,0.134034663881271,-0.01943334727306
0.0106006210674317,0.131429419277648,-0.0070506492878519
0.00953184399606324,0.126227727678902,-0.0133582747241502
0.0127082566022723,0.130784334511302,-0.00767040798208144
0.00912317851251393,0.126048758692282,-0.0125401742538553
0.0202882742499256,0.1174820239932,-0.0123379527977422
0.0153457919259982,0.121375457744913,-0.0095791245540403
0.0149268772725708,0.129687617195255,-0.0133095483505505
0.0116777770584838,0.12277013217905,-0.0100085107246553
0.0138835793344688,0.122182361015304,-0.00630126278568494
0.0141605518749198,0.122767499108665,-0.00834786167314743
0.0191726222759319,0.122235547128218,-0.0124718308680357
0.015023437295168,0.115782722844181,-0.0141977964133038
0.0134663926871665,0.116934769859027,-0.0113443019957989
0.0211663345610617,0.120646445810531,-0.00677962923513804
0.00930831384043231,0.118353867681383,-0.0145605258366713
0.0219302901743379,0.120268210068367,-0.0161857838040461
0.0177357069858183,0.120832891201777,-0.0141084855396141
0.00745537603146811,0.122355441148597,-0.0287535223530456
0.0160494655279348,0.112057791479012,-0.0161559747657029
0.0212517460315343,0.116209217553259,-0.00701479641695408
0.00757061714075541,0.133350946854544,-0.0126380660369994
0.0025189399151419,0.135834746439724,-0.0184536700944502
0.00700815232084428,0.135454627222424,-0.00564349418445098
0.0127830662944703,0.133041789890437,-0.0127883480254213
0.0093564923544574,0.137915098307868,-0.00938493805478258
0.00230876803187793,0.135332436088429,-0.0132791949604707
0.00499150123830599,0.131785068917736,-0.0119839604258978
0.00864318688030091,0.134458163334521,-0.00324882316120424
0.000469902370266225,0.135297827451404,-0.0127842298786155
0.00733407247710205,0.13955690412668,-0.00445165296734052
0.00299968245200246,0.129684654581193,-0.019711959587195
0.012841657467053,0.124768088059163,-0.0262964834449315
0.015118862747038,0.124929516912183,-0.0209572798932091
0.0122640031368856,0.13710469923247,-0.0104089986559811
0.00635861467146051,0.125061200175754,-0.0155791890672249
0.00338359435517923,0.131933843591848,-0.0207347097835669
0.0173150884325095,0.123438213530178,-0.0231084993386972
0.0210175062592778,0.12930979192829,-0.0206023627082514
0.00766978945142074,0.131371142047476,-0.0179393646527265
0.00278719294900886,0.123344595845175,-0.00737201929968405
0.0166470404718456,0.119242252273226,-0.0328900783113125
0.015055550550313,0.130018721973572,-0.0299330185093267
0.0171822874634123,0.127168974702675,-0.0330671361861732
0.0215077897977456,0.125779317815288,-0.0310231208882408
0.0176368766833439,0.126972622537831,-0.0311990807279933
0.0174054327765216,0.135692482444179,-0.0268911500292181
0.0143165714373732,0.12376229363987,-0.0299550135582056
0.0106726048167222,0.13454341346054,-0.0281253339863137
0.0123623745787778,0.127722847823018,-0.0346592946304926
0.0193845069790419,0.126514546681138,-0.0286598355546163
0.0209825898875582,0.114122740075106,0.0176702027487802
0.0137057052336262,0.110292296636279,0.0176753080870269
0.0213122787452709,0.103289144096178,0.0244590935326909
0.0208761315625729,0.106261634575676,0.0198138214986214
0.02303996949139,0.120413742828171,0.0197365765066204
0.0252540855277827,0.107265259737085,0.0220268037256561
0.0189337252414826,0.112068909726602,0.0192652574645577
0.014115367624871,0.109624784971595,0.0230749783406231
0.0178133587241248,0.109970488655872,0.0229830964219936
0.0220315890872351,0.107773508714502,0.0203605405095638
0.0178873382891054,0.119163767254359,-0.00821222702590219
0.0206326816913904,0.115374178196391,-0.00555569193852196
0.00878281707131924,0.117402195736206,-0.00311287377701914
0.013222086107839,0.114482375631401,-0.00928469711873661
0.026598405573971,0.123844087030419,-0.00401877889248014
0.0141241997438691,0.11927632976364,-0.0025715336761162
0.0123372862081112,0.12157686425679,-0.00701627691173754
0.0224824360236323,0.110787807297248,-0.00369622719014977
0.0181783592091333,0.118312386741443,-0.00835484488086616
0.0184095871111049,0.118493704831356,-0.00554090163055363
0.013000761413861,0.12880521198514,0.00241582910302513
0.0110445420994465,0.124603757999067,-0.00828046121309298
0.00374517426937865,0.12786610502371,-0.0144180526380067
0.0104070645622134,0.124680454123051,-0.00275885899159546
0.000434678821972018,0.129452881989891,-0.0081553474502704
0.0063800909686641,0.1257457099843,-0.00508367449630963
0.0098878364268927,0.119902787651273,-0.00113002323592749
0.0124062116662002,0.122953080238309,-0.00102871994386845
0.0131174914263572,0.120710520103616,-0.00334833945194952
0.00449870117130669,0.121549224445994,-0.00516457990046853
0.0243199587994241,0.130799690857776,-0.0351816903828274
0.0259809844515629,0.135564728149183,-0.0227181685010896
0.020455711499699,0.128942109426624,-0.0313951025881851
0.0237685307249307,0.131526198948795,-0.0303489803363931
0.026476304974557,0.133926329906735,-0.0245721308818679
0.019814421297772,0.125163692410051,-0.0245291800399405
0.02864703997086,0.125357195816803,-0.0359081568058086
0.0286322389193488,0.130271010901912,-0.0223013698019424
0.0268592313665917,0.125643386130765,-0.0286771814673058
0.0196065213088417,0.13123642012753,-0.0222214094609843
0.00664099873600694,0.128699295828796,-0.00232118272523538
0.00645632345140838,0.135261316044395,-0.0156117879232398
0.00796964250603001,0.138080185243417,-0.00578135669388296
0.00218974909433496,0.134178813881868,-0.0107374570513756
0.0136800114902746,0.133817849094886,-0.00779535147004845
0.00299674745099661,0.140742457666189,-0.00699381002983818
0.00687583808590254,0.140857128444627,-0.00417992846102243
0.00975544562432102,0.128568500439765,-0.00593717503052295
0.0105034382200215,0.138499439645088,-0.00314553630916193
0.0151495069770224,0.142093809872595,-0.0111813336866363
0.00979981808933048,0.111859456737661,0.0139261555945619
0.0128302797846754,0.117259022774702,0.0144354816640393
0.0120273130545685,0.111436149076183,0.0193235703089099
0.0173444757552353,0.11174872160431,0.0154217912140694
0.016956608398969,0.115239708051936,0.0187076000014579
0.0263118685796233,0.112473374727104,0.0181848087236387
0.0129375232625631,0.114812256059934,0.0147846634005866
0.0173267768892743,0.119662980642574,0.0172908654672498
0.0130466824678759,0.110092710068546,0.0151205706723477
0.00652960304763617,0.112131691502262,0.0135547439193089
0.0300817800594484,0.126383328672549,-0.028832154385522
0.0306756392600786,0.118657368964334,-0.0276678198527132
0.02087276066406,0.123186485826607,-0.0278871277710338
0.02869381792105,0.122413472827567,-0.0266426577568816
0.0309830732401069,0.122339633755362,-0.0327580071281939
0.0251247594696731,0.128267605409517,-0.0287176929741906
0.0219280968924852,0.126220552615181,-0.0278294967634672
0.0234367284615926,0.121278003499652,-0.0268503306976741
0.0253046268658785,0.124308019954941,-0.0310506142682392
0.023255993430299,0.122291189777709,-0.0326198506441967
0.0178448725491755,0.122474357522257,0.000987183442409546
0.0108506518895503,0.127681726249654,0.00581705244453338
0.0199331582105763,0.120322113784331,0.00502422457036861
0.00871118908675198,0.128095543026407,0.00578221549768467
0.0145325698234105,0.116847688867633,0.00587854782076245
0.0155196484224332,0.118318582561335,0.00843643697715312
0.015095413942945,0.130553975803111,0.0108670606971784
0.0167074192648161,0.122023168974993,0.0060542934514161
0.0131650238731598,0.119866898178944,0.0129248015506079
0.0160606915059786,0.127290171429807,0.0135466308218787
-0.00164385186290763,0.135571013015987,-0.00197725465061901
0.00341334781211511,0.141313158659638,-0.00023032602366465
0.00484743763041224,0.139060994984716,0.000870984276656599
-0.00120734072421841,0.141037644620363,-0.00949243298503789
0.00502531275147406,0.130780016074987,-0.00298810793161939
-0.00251138590679722,0.133243711829937,-0.00239998905695434
0.000218710016354321,0.143524480650589,-0.00312833458167818
0.00121625293187802,0.138851995150281,0.00226247360640342
0.00344367730838411,0.137922255850627,-0.00304323465367082
0.00605462480606195,0.136921754127514,-4.08931414301525e-05
0.00804256645308522,0.111460528411466,0.0124633661988054
0.0141640803489183,0.118740681570413,0.0065473025361008
0.0156574088757974,0.115196015186736,0.00895806581625172
0.0183563414918363,0.120256490458752,0.000211603253237798
0.0130397412788993,0.111107346303797,0.00808572562693713
0.00909053202349065,0.121006221940422,0.0143162814795334
0.0138621064539922,0.117321982950792,0.0112527821413225
0.0143900941506079,0.115513470806979,0.00877429652062338
0.0136979512057619,0.113268716016042,0.0079790687334579
0.0106006989760761,0.114155791800102,0.00965695754627527
0.0369215831773186,0.120673296169453,-0.022249155128776
0.0277906710389915,0.125363822490929,-0.0208143618016976
0.0281261356244035,0.128578232053249,-0.0224402025293638
0.0251981843058034,0.120414642675396,-0.0174225142709918
0.0274960296114277,0.128296567254255,-0.0220337569785046
0.0280416961545051,0.124993035377762,-0.012051887387114
0.0280893245026279,0.123417531592987,-0.0184668017118149
0.0247277757219806,0.131322353488591,-0.0195267986006519
0.0204553516386639,0.12476129631228,-0.0128396709018295
0.0295456074474746,0.126222605863204,-0.0102033059799792
0.00182085286385359,0.132537229111939,-0.000400992278434596
0.00102920903351056,0.130123724920652,0.00574564553329428
0.0124062716436376,0.134696850869047,-0.00106025965052551
0.00337774516280493,0.129283311461326,0.00212118726130982
0.00892761030092132,0.133010664139053,0.00732820179642385
0.00662851782972121,0.128329539393286,0.00715415533439071
-0.00117910261091655,0.134700241786867,0.00589844441848254
0.00863161906242166,0.125822116587333,0.00275439361966813
0.0043087208925543,0.131902489638411,0.00714343812904962
0.00704672266202062,0.134109146961271,0.00442123623611157
0.0304072636250307,0.118733636363267,-0.00350976388363203
0.0214027542251054,0.119787913686744,-0.000942846287826503
0.0188061687297984,0.120797748510245,-0.00671528731336061
0.0268747987208867,0.112172497190463,-0.0115289026752112
0.0302238709221512,0.119436345878039,-0.0115106470252297
0.0169872944642902,0.119686339370927,-0.00233877692473217
0.0250868859916844,0.12430199316584,-0.00216728107446772
0.0234473393164616,0.124225053457744,0.0048056981755931
0.0238523289414234,0.119071928977159,0.000793459586601729
0.0217206471469367,0.114101707311299,-0.00371706333697729
0.0212433901448303,0.121414986563557,-0.00222733568812241
0.0178779847375378,0.118113861824295,0.00613458409711319
0.019745673009026,0.123429431145615,0.00477780040725572
0.0195017097435051,0.112908618693525,0.00390487970978629
0.023090058017528,0.117821426654262,0.00245485433984894
0.0185098613722948,0.1276371536358,0.00246965494681279
0.0210941583804441,0.116640573522671,-0.000280133196273357
0.0148539169790382,0.123746156747699,0.00515951967515413
0.0169684165586871,0.132382391585427,0.00647674430842579
0.0219058156755314,0.12849655000089,-0.00695311203015712
0.0328887186561924,0.127883330787998,-0.0125265821750404
0.0291002364076941,0.130099518310218,-0.0221253591758956
0.0336833940144959,0.129737688627346,-0.0133514136660723
0.0347109092469893,0.12492726048677,-0.0109198995104606
0.0317547767734763,0.121345415198485,-0.0142894666386706
0.0307729204984341,0.123883686229992,-0.0109591167523347
0.0334136611177667,0.126963130052433,-0.0151006162747643
0.0399569311839427,0.132674062481265,-0.0135964841154448
0.0335953433824734,0.134032291378349,-0.00559772789528542
0.0376577431419299,0.126678661150965,-0.0150326492393624
0.00121312504229554,0.116820264040286,0.012639165960268
-0.00321654138519866,0.124098719598486,0.0176291987658877
-0.000818486407482274,0.124774200019604,0.0179999772298163
-0.00635545211770963,0.123643575864889,0.0190362146168354
-0.00215799858588866,0.118623058795385,0.015021882871637
-0.00190399320612108,0.117073146682109,0.0152208093735898
-0.00775848353788091,0.118200633748233,0.0145659940699057
0.000494720602258279,0.126095069159823,0.0215501726128711
0.00236701416735513,0.122980043486343,0.0196639168881091
0.00117499291712009,0.117355845407791,0.0208796345592881
0.00135308977380711,0.126908947484452,-0.00144407574869991
0.00226005307855684,0.122619810395466,-0.00325601031547507
0.00620038382195554,0.12887649029086,0.0010265465295259
0.00811345509048015,0.125082003552308,0.00694052470982431
0.00549126188310329,0.125605737724464,0.0120332721250561
0.0107030467612676,0.120698481121914,0.00671073039209877
0.00241450415821127,0.124473481419997,0.00345814991271684
0.00958443477413132,0.122844806421129,0.00452120540378381
0.0131760930128902,0.116811913600556,-0.00186815611328953
0.0108693457941111,0.123258059752732,0.00235515630195769
0.0253627077070904,0.132250871001038,-0.00444394326836639
0.0180228670528736,0.123048625741166,0.000834645890099436
0.0220778258743481,0.122108768284081,0.00578012205150574
0.0180034450835868,0.124174532956069,0.00492942062910451
0.0231334885207705,0.120870121583103,0.00152150943041359
0.0203538187740433,0.120959891007009,0.00652072561500436
0.0208231583851944,0.121046618576974,-0.00184698682782412
0.0220887642791614,0.117375260889584,-0.00533900364463766
0.0223654117588951,0.118199548085955,-0.000285064870018418
0.0246850010232204,0.127047226353271,0.00756113052826604
0.00738067115635837,0.138799296397725,-0.00398939727427863
0.0164176705379996,0.136253105220315,-0.00196118985156003
0.0159543139991582,0.133725627060364,-0.006997716573812
0.00606885504259419,0.135022470156012,-0.00366319947622524
0.00840063368577271,0.135660593621156,-0.00644217292107057
0.00963427556018242,0.138489783605467,-0.00168288724770292
0.0159418281124858,0.131032631131942,-0.00542435192398248
0.0139562636626382,0.130198626683176,0.00289536745495055
0.0122559041385923,0.13319238148533,-0.000612125744396657
0.0128181596387625,0.135809492219295,-0.00739596690730762
0.0249897302088079,0.117108370942111,0.000813367009367518
0.0338475595499551,0.123420634723544,0.000322743880822195
0.0353360185166988,0.123632309870734,0.00302993360585872
0.0282039803966714,0.124530801822477,0.0030809819718521
0.0279402545714631,0.121971789901197,0.00576208008870934
0.0261326931093676,0.128428264222489,-0.00486066069167823
0.0254229991575763,0.125858718344116,0.00510398910484923
0.0302327456218609,0.121009026191063,0.00679624838533237
0.0284604768829299,0.124675280155489,0.00672785760737306
0.0317358551000553,0.121727486399402,0.00149108823808045
0.0178682951954912,0.124124643411655,0.00650541459467511
0.0203191929297784,0.123873003303301,-0.00145827517896703
0.0167273305225459,0.125767977940983,0.00668709453427114
0.0261698210241478,0.12792021205581,0.00135725350213375
0.0197559531912062,0.127142027829195,0.00641036220877082
0.0251055493471879,0.117203798434382,0.00254187410438249
0.0173233763979647,0.123794498274674,0.00973569376469661
0.0180620257389915,0.118944304729486,0.00356986746610389
0.0206556034714323,0.124017274946285,0.00644649009867486
0.0233991148230221,0.127183162336845,0.00188766150685324
0.0131791760181973,0.124361285137456,0.00550843317259511
