0.709795116884278,0.00916942507297543,0.695812546881529
0.710311915400857,0.00144657621788069,0.701672330402191
0.700505376593233,0.00112489065596696,0.729404342896075
0.712059139855671,-0.00792425518061697,0.731064752828805
0.69734983179601,-0.00207544841745128,0.723813649361436
0.688181250812796,-0.002965011185723,0.732010067254842
0.691707116089279,0.00415879834875526,0.732212378389001
0.67405314242419,7.73993184952811e-05,0.741270877033485
0.677936630022483,0.00108428787402429,0.74099025484755
0.66934967239988,-0.00319895317309129,0.73762669198724
0.670656884840384,-0.0109815415562498,0.740397007427795
0.657488939851878,-0.0205442366145618,0.757082321592953
0.658457593915058,-0.0101728235508292,0.760861610910326
0.643543133615021,-0.00748349880620475,0.756893050896208
0.648939876912897,-0.00598083379333447,0.757836357544628
0.642410954743332,-0.0089410947691694,0.769329902231046
0.643219336616535,-0.00314063589980417,0.765873683673446
0.633306219403646,-0.0153266172675406,0.768594836283371
0.62802640224552,-0.00216063425155812,0.774254050940084
0.625033768815256,-0.0115181827713069,0.787598689335078
0.612822972761493,-0.0107926667775026,0.788653400013174
0.618838152142603,-0.00379830348500297,0.790168446718337
0.600919538369825,-0.0157934936997131,0.788247921382674
0.615147942691554,-0.0157213253256937,0.801082110026708
0.597427705166431,-0.00876030222410943,0.797272078499308
0.586348766227704,-0.0208739766177967,0.80726044202257
0.587419919540772,-0.0152998084676621,0.815607568192364
0.584687971996295,-0.0138866283861759,0.820109304248997
0.574107746322073,-0.011947399987686,0.819974137865836
0.571788499131433,-0.0149057030434604,0.813565314267153
0.562121484944602,-0.0160119015121752,0.8265694426541
0.575620257847368,-0.020421637490496,0.827426122196429
0.557089465335927,-0.0273018924252561,0.827793442516646
0.543315467583685,-0.0139831757734744,0.829014287637962
0.547554244965115,-0.0214546527852567,0.838405453559008
0.538795268813991,-0.0168278126155483,0.843985153045103
0.545077871215645,-0.0207925616122781,0.832963996074383
0.527020638014186,-0.0135919478910658,0.841629240296817
0.530702329127715,-0.0202863142804791,0.857474416988747
0.510751077064574,-0.0224353635845517,0.847519161233895
0.52973288529169,-0.0178597498621994,0.863687107151145
0.504518675114265,-0.0248665541084088,0.858630030144562
0.509898107191254,-0.0244491250204852,0.866666354599632
0.488723200811324,-0.0253639590830729,0.862172995205383
0.485653400826861,-0.0215884314680458,0.870799010651896
0.488242810133174,-0.0313289392723077,0.878090469148707
0.484343570249451,-0.0266867710639374,0.87559700337697
0.475780713535064,-0.0344720379632367,0.877049351131691
0.467412848844628,-0.0311451840411335,0.875656031276477
0.463362078653449,-0.0367891461153507,0.889184880676205
0.463071759312639,-0.0274015574887657,0.88708071242976
0.45090386776646,-0.0227320758430096,0.88944433628931
0.445727115262799,-0.0215912880244849,0.891807328406017
0.440741776809269,-0.030338327426406,0.891477100688155
0.43245573454786,-0.0167595288815798,0.90674444177018
0.433946027605173,-0.0361937097588133,0.896854396105683
0.425860402833268,-0.0264682483782729,0.897200945451858
0.409411429952394,-0.0381866433754435,0.90817209158953
0.417318422408216,-0.0291972029448627,0.908460913737701
0.410564411139688,-0.0343494205641973,0.915994366935224
0.397105454178926,-0.0302051728707321,0.909976650165978
0.396491329966471,-0.0302266762492464,0.92191550029747
0.38681351495308,-0.0271961763444658,0.922484421384277
0.386282658874133,-0.0349830548136987,0.920523039622008
0.379311291006057,-0.0343977991042336,0.924258495705312
0.379146780008272,-0.0273828191149036,0.928691096792018
0.368142561689392,-0.0323950204645023,0.929590552488369
0.358202209895699,-0.0312767246409924,0.932490932406729
0.358172330605357,-0.0339470529843356,0.934507081823938
0.346920157114914,-0.0378340106902671,0.934677332332327
0.343084614292265,-0.0291094263036815,0.9331995506131
0.337428870186923,-0.0415761707539586,0.933840674181159
0.332976445663267,-0.0398812821731368,0.949458495161608
0.326768875967529,-0.0443253578943077,0.951884587180016
0.328250646078681,-0.040644357198871,0.938358356204835
0.313904492326977,-0.0407664360679298,0.949253952049274
0.308859561348983,-0.0382586966315337,0.951780057486569
0.297937337546255,-0.0457032530135998,0.948024470324336
0.295664838913374,-0.0430525325848314,0.953664119648215
0.277059314880143,-0.0442194969021608,0.961648071522631
0.280861288607356,-0.0377491110858306,0.958983694572309
0.280027919135152,-0.0419873763850302,0.951165199736584
0.273717200965101,-0.0353603454887515,0.961202665751504
0.268302755093496,-0.0475299151014071,0.962239290314444
0.263202889654464,-0.0422046739123965,0.962173662070285
0.254793669243407,-0.0346942468890133,0.954352128711788
0.261047719683303,-0.0435995175056426,0.972212174194017
0.235494221545823,-0.0487106861908537,0.967351233866451
0.239833420931183,-0.0545832345123242,0.972591059813188
0.225550893750206,-0.046371536351352,0.974947587417024
0.227136448782823,-0.0417581101922488,0.978130638550925
0.21612360498411,-0.0463533212355431,0.969754274698267
0.206637415280435,-0.043480327501001,0.975813731447936
0.206831441384641,-0.0440132044769831,0.980085070480217
0.202708428458824,-0.0427804944534957,0.983021065527866
0.195999579131188,-0.0529449897227097,0.976335559408221
0.194596811484686,-0.0580122912618516,0.980653418702359
0.172720050300238,-0.0453091235409394,0.98622785185959
0.176290771480221,-0.0512227908488873,0.970592485268846
0.173004434750379,-0.0622862851271166,0.972493183360018
0.164305037631554,-0.0565205334703183,0.98717371801717
0.161090484885148,-0.0479419938467409,0.982648105363975
0.153746388829566,-0.0521785255582662,0.9911828007663
0.147968116569421,-0.0486417913629238,0.987302184129737
0.138333327724829,-0.0485404108319497,0.978213852548834
0.130322828226151,-0.0603787953999906,0.987750258294197
0.12986025149893,-0.0503422313758215,0.985380276532499
0.118027518753384,-0.0542292831604044,0.9897482158112
0.115653141142444,-0.0533567874301399,0.987270955439765
0.107016492946824,-0.0664574417339107,0.998321463607898
0.0985074513841955,-0.0622552349626906,0.991959454994021
0.0882578461139523,-0.0567777770868322,0.99102098016198
0.100034313080529,-0.0514171513156801,0.981895576167752
0.0850928068258948,-0.0645346400386629,0.993620988143207
0.0774456085484481,-0.0542382338886757,0.994007813076222
0.0782394183089948,-0.0608130219507499,0.997447898820031
0.0674130810924291,-0.0584123020012802,1.00061287892727
0.059434382879783,-0.0631873591056579,0.987539492789968
0.0608378528130789,-0.0627161341462931,0.997401853428451
0.0480852084050837,-0.0595508243773685,0.992640554299793
0.036653451556611,-0.061167052757911,1.00479852979119
0.0284090128301955,-0.0570415202145706,0.999146814165736
0.0252635246242242,-0.0666704495525236,0.996343353320991
0.0197180245618237,-0.0691517460911437,0.998845718370185
0.00975782921758872,-0.0626936180682971,0.999647004848535
0.00306326436401198,-0.0640797987553888,0.999757758993484
-0.00787585156477372,-0.0578731945451143,1.01013162977013
-0.000182722372191221,-0.065044944427311,1.00011468537118
-0.0164426453949912,-0.0544882186652566,1.00259770990719
-0.0136085656550217,-0.0686668278709478,0.999376917974368
-0.026618664454482,-0.0662529612614995,0.994770477722308
-0.0352368339728173,-0.0696463446689434,0.996374769923059
-0.0448822825562218,-0.0624698593312176,0.996599374009381
-0.0391705291032212,-0.0645633053475139,0.99938429605533
-0.0563586259766733,-0.0714149956674856,0.994362775989257
-0.054669488570032,-0.0610705534746412,0.994793231122345
-0.0551826083441771,-0.0647361084679789,1.00171934205812
-0.067125775996752,-0.0707947417501723,0.988007904874888
-0.0732505340843419,-0.0638137656279814,0.993478546329697
-0.0829964466217855,-0.0698440207053336,0.988945568501188
-0.0890189163667986,-0.0695972243774119,0.994105267884241
-0.0931307025565668,-0.0660279924222566,0.993830677133863
-0.0899959460499566,-0.067914112909741,1.0016751040277
-0.108931933619548,-0.0672294814216591,0.990680470382729
-0.108561733213806,-0.0672789661380044,0.98034127358121
-0.124439347851555,-0.0778385086116726,0.992530854518
-0.11669012921378,-0.0726507473385629,0.993794118468887
-0.127545506314445,-0.0766564864478351,0.990891360040624
-0.140259570155665,-0.0641970503355468,0.987873395098845
-0.134541557132546,-0.0742821464898256,0.990076310377796
-0.149251290945424,-0.0826435252990004,0.981272149063573
-0.152084629494247,-0.0731834434071501,0.979603592592351
-0.164482753171681,-0.0720351097699173,0.97920742334387
-0.162673358957819,-0.0768583334475429,0.992152955786591
-0.179138018085283,-0.0730293259870187,0.974400532971453
-0.183540498640567,-0.077360410062933,0.982870311194647
-0.181388164585696,-0.0732590100601523,0.97781722394148
-0.188190461621617,-0.0711326806282084,0.979063580385354
-0.195573076918197,-0.0734272036678311,0.972268796851035
-0.200784975673275,-0.07913964895183,0.97288618982342
-0.209843430470426,-0.0777520073242784,0.973910029785218
-0.213888322561623,-0.0713395605369754,0.97220391231567
-0.221355019881653,-0.0781228516212529,0.972927541299378
-0.226912829054615,-0.0803716767383044,0.971700923925838
-0.232217579432288,-0.0771801918965938,0.97748451784796
-0.244366766358236,-0.0816797948493576,0.958555930492471
-0.242862830050501,-0.0740102255672924,0.965337383248652
-0.249004257215104,-0.0777766397929104,0.965583883425568
-0.259003194698401,-0.0768432890157918,0.962992957317302
-0.251692167077718,-0.0852226408868203,0.951529552774107
-0.277382574992836,-0.0852006697732931,0.956911160781045
-0.278561003554664,-0.0811696262938817,0.960025861293765
-0.28180072502448,-0.0766621870904278,0.964412341568162
-0.28364882073122,-0.087174351856761,0.942040123417943
-0.291259988189733,-0.0902743681615361,0.952144546856283
-0.301585954194179,-0.0702968001481432,0.949552662633605
-0.310281627048445,-0.0805884186652125,0.949177909534387
-0.313364160195021,-0.0851435550748362,0.939848325499449
-0.318088734263636,-0.089146541533625,0.938775111070364
-0.318959243162834,-0.0848566098122547,0.941171576866143
-0.327047296047303,-0.084590901351339,0.944919659565195
-0.339189583635948,-0.0783529418350069,0.940781724360857
-0.344433699181091,-0.0880703932337281,0.930244388835253
-0.350609625175894,-0.0862559180720225,0.931204181225792
-0.350218263628316,-0.0858753490548799,0.93671639994495
-0.363656614972388,-0.0798440325549182,0.92610012377241
-0.365963730982387,-0.0801715141455244,0.924317893421784
-0.374871424778085,-0.075324934882768,0.928782199757695
-0.380658656546925,-0.0824122099350696,0.919829519641867
-0.380772657119643,-0.0788910333894739,0.911173277162765
-0.384945908940996,-0.0789921427853718,0.916962547478602
-0.387131398028149,-0.0858150833526197,0.908032405799777
-0.412586844146758,-0.0885674302118467,0.915242110581392
-0.405772978425131,-0.0851390500403471,0.906209032430988
-0.412364375506783,-0.0957054693779651,0.902677854488515
-0.422886211064736,-0.0852168651085244,0.90375522904963
-0.430261018358973,-0.0881648315076173,0.8976886865884
-0.433491029964249,-0.0840964842373104,0.898980637248192
-0.433822691941408,-0.0842957318355093,0.896554827427279
-0.438699788069451,-0.0855974338750985,0.898710887933729
-0.444696668707366,-0.08224608832417,0.890139609644409
-0.45291936074038,-0.0810938960322865,0.884611259725254
-0.458280236951132,-0.085292871021661,0.885006754491392
-0.456808925851121,-0.0850115539413282,0.882778210707749
-0.473271175947816,-0.087636953011573,0.871434773645368
-0.473690636818815,-0.086714826533765,0.87640559712202
-0.476025966341395,-0.0808475400902231,0.876917667747627
-0.48458190093665,-0.0881168269258348,0.871348276931373
-0.497962815514795,-0.0936887145541534,0.872232483192917
-0.497060183225242,-0.0889743755357968,0.857930209769432
-0.501952878391549,-0.0891631737052732,0.852974397884978
-0.505950616677519,-0.0933502977320848,0.851869283464369
-0.513269064266426,-0.102197357565068,0.842677907265
-0.524338317941705,-0.0979415535418197,0.84416944089672
-0.532432412228951,-0.0918191118440251,0.838746602786444
-0.528584805427683,-0.0895945799077992,0.843355544919594
-0.533979822871318,-0.0956886593563971,0.832568826912546
-0.539952554250285,-0.0892600072364101,0.845255465803731
-0.547151002741725,-0.102465303295515,0.833944652587618
-0.54836335649782,-0.0957262940200482,0.823883804576798
-0.545345731515964,-0.10665030577628,0.823560871555388
-0.56727601538036,-0.0982927691215795,0.824149408780472
-0.565155716307236,-0.0989235347197413,0.822861783972981
-0.567889423437993,-0.0923889769185199,0.813232559275956
-0.57089108744994,-0.0925766571386896,0.824256011342373
-0.575926246664744,-0.0903481834869385,0.808296098922869
-0.59277177891401,-0.0982397838559725,0.800529071409259
-0.594212543901958,-0.0938571561021031,0.797788884453302
-0.600907458671951,-0.0989269429581223,0.795991150772555
-0.599400555606423,-0.101889222701734,0.794573197619121
-0.606048401983048,-0.0907481355176355,0.788080150344894
-0.612077909844232,-0.103469142352887,0.778347601076928
-0.614795529574154,-0.0991003883181368,0.783889219283859
-0.625729274727138,-0.0885492390978382,0.778047064681934
-0.620923842584319,-0.0994635363189103,0.772657797432874
-0.627576738967471,-0.0957855616627847,0.763872569259468
-0.643533206056542,-0.104287369004772,0.758367814575338
-0.640389189238452,-0.101086242685086,0.759548924089495
-0.652283524375638,-0.0953623809093966,0.759497950638466
-0.650692660761046,-0.0943828183947932,0.748812698162707
-0.652910868302678,-0.0979732837026039,0.750780514607079
-0.663344219129282,-0.0983063278200332,0.742281592785716
-0.668867428998087,-0.106180176868378,0.745837114934657
-0.67327554908202,-0.101249978416738,0.730367256781319
-0.67516531906768,-0.116765436705406,0.726708814121286
-0.685418764208105,-0.105895604258797,0.726781149988766
-0.684493077052515,-0.0913177272212184,0.720663448681397
-0.688668926865098,-0.109100921270406,0.716781355385403
-0.698633565931651,-0.101315737433697,0.719050954633665
-0.694419640773149,-0.105181482078114,0.702221530819439
-0.693610195343115,-0.0916375745660941,0.70653712054994
-0.710301070800122,-0.0961065957860387,0.69850353304204
-0.712113681172888,-0.0978694878606139,0.690044913692599
-0.723933068630719,-0.100402133458113,0.694451082040092
-0.718029669492727,-0.100224561810881,0.693307335093671
-0.717980464821429,-0.105751517008571,0.687367274298648
-0.72626485873426,-0.10563531995398,0.672744890705534
-0.728165528527181,-0.105072909628304,0.674310505185507
-0.739605132773088,-0.11125280909894,0.670276268735014
-0.740161657125757,-0.097698787020661,0.668740138669309
-0.73876539001102,-0.107630248465587,0.655336730661411
-0.754528515493976,-0.101586147530703,0.669224164675264
-0.748666440831276,-0.108129803789547,0.654696163415573
-0.762037057161206,-0.111573512109795,0.649308471255651
-0.764345758767275,-0.103056155424301,0.647936420594542
-0.762480991469026,-0.100170950451046,0.628031631102532
-0.765178713019188,-0.0943081505972755,0.633897841248172
-0.780159795263438,-0.106196027868427,0.623798618826589
-0.774478381071208,-0.103298030161786,0.623407202025011
-0.782119413720935,-0.108530700645068,0.613488278129161
-0.77990857630777,-0.114973753542174,0.610431577475892
-0.786668765538276,-0.109145179455374,0.608861684153166
-0.792190082078048,-0.110743679647164,0.602265603000458
-0.796955523621529,-0.108270621995906,0.592861392376557
-0.799056653462322,-0.115619226378181,0.589361744765311
-0.805798888894399,-0.111113629206544,0.589528693374028
-0.810437618460122,-0.104014761936758,0.586032783266995
-0.811203426622697,-0.105490954866619,0.57921633584555
-0.814444328829067,-0.104335857418753,0.564548092283956
-0.812075090201046,-0.112146509961334,0.556536106264535
-0.814259749874596,-0.107669049932757,0.56272166969719
-0.826520687440562,-0.112613282503866,0.539886515690214
-0.825062130918961,-0.109096967178899,0.549016962569732
-0.829621467943041,-0.11491169441791,0.541086703255379
-0.829335523784223,-0.104975264418686,0.533036019199258
-0.849477714229606,-0.110968681762,0.535199358609486
-0.837105164114749,-0.107789911657307,0.52318343483579
-0.843608206429156,-0.114264528028135,0.518634657056598
-0.851695774917706,-0.114692361420637,0.516708253409444
-0.856180980012719,-0.110114587536824,0.510353867672546
-0.856950180432355,-0.111342838921841,0.51341487967514
-0.855035518481104,-0.108666993157719,0.494475817620217
-0.869367488698019,-0.118921548030358,0.509378642509365
-0.859493537132074,-0.10794653453206,0.486003746952776
-0.873169557787134,-0.106625116019208,0.493203046172514
-0.878952040893414,-0.111740394571841,0.479439453667886
-0.883458034869836,-0.105415493086619,0.472251738083595
-0.866914889856702,-0.111702747494283,0.470816113420135
-0.885130579037635,-0.112997323257866,0.457353032400296
-0.880362986840149,-0.103486774908252,0.454636377154768
-0.883016075472818,-0.112638969767589,0.45250478262996
-0.882053337696903,-0.109635144492621,0.441181627815682
-0.895121179427662,-0.111203546977476,0.439761271359369
-0.897930134469429,-0.109566686753341,0.441388415620586
-0.89758651136682,-0.111606904136613,0.418366942735724
-0.902896938626949,-0.117662677189415,0.421745003292364
-0.899054143015508,-0.103190441636645,0.426953345758026
-0.90488808451413,-0.112516455494898,0.41631645263163
-0.904438237109699,-0.10719611756247,0.410371793695729
-0.916839606422524,-0.10842566408358,0.400257989587169
-0.915751965193452,-0.114698782804225,0.401342248754165
-0.918475488454857,-0.117516429727105,0.390211887333485
-0.906812413549474,-0.111304308326829,0.384867898562237
-0.923960257345868,-0.103158952920136,0.378123971731719
-0.918984444335868,-0.11638653514226,0.375926790254701
-0.922018236672089,-0.117500569473166,0.365997971155331
-0.928508964952181,-0.111266902565041,0.358674583557033
-0.929460386608198,-0.117068495805538,0.35242458273043
-0.926895959717949,-0.103269555574974,0.34233798960302
-0.921021970566259,-0.104449731730634,0.343068761539971
-0.936558130932388,-0.115658799358082,0.340462035774424
-0.94063073956535,-0.114558555393152,0.334774788183206
-0.937046069380533,-0.10784722157571,0.326925680229843
-0.943260731900693,-0.114980221543622,0.322416211420931
-0.946604950367149,-0.106555914086688,0.316407510698766
-0.943765362762482,-0.112549510877994,0.30828922705505
-0.929487690688294,-0.113202460860239,0.292673063898228
-0.939424739714256,-0.109663886949666,0.291199359906392
-0.937754734446746,-0.110029407984891,0.289881053182969
-0.956533698281673,-0.11817805628873,0.27352755439991
-0.956523987315841,-0.11818636617216,0.279556704886686
-0.957724210115479,-0.104141546556891,0.277808100731709
-0.95700439698001,-0.114464175180119,0.269942476023247
-0.965206998175483,-0.10974391683633,0.25475198094509
-0.963087650772728,-0.116531677360832,0.254881273657611
-0.96654958319584,-0.118548927035746,0.248663529868685
-0.966310776089112,-0.111479841590246,0.238024872902484
-0.964341820960591,-0.126164880899585,0.235989735689788
-0.957878928647496,-0.108199244159378,0.232081653683215
-0.96976385640589,-0.112541956967302,0.222606079045437
-0.969462902968091,-0.117648745871964,0.213472381054513
-0.972159555422443,-0.115947325759832,0.213258032072058
-0.959895837940495,-0.120206584219415,0.203547398286862
-0.981062424162404,-0.107121425003724,0.203778991248484
-0.983387175623667,-0.103957795317914,0.185121813316279
-0.975125237771934,-0.108222021711207,0.185089503265255
-0.965926767396869,-0.0999925265013971,0.178846031502014
-0.988047037271272,-0.115617126979391,0.167707653295729
-0.983402884358797,-0.119465679980252,0.166126033344046
-0.970074139266174,-0.117439684363739,0.158112769330735
-0.975763799972195,-0.107827779222848,0.155716933085407
-0.977415657774359,-0.109567892399662,0.14514818974978
-0.981311479940522,-0.115445008414208,0.136319507005269
-0.981153025782481,-0.113638118149432,0.133639486041393
-0.983699492034146,-0.109061139782911,0.130290618926741
-0.984977283517875,-0.112623112326388,0.122327772771058
-0.990574785782305,-0.110108749037656,0.122857048802498
-0.990085834577028,-0.104422682432202,0.108667486923696
-0.989307424900942,-0.118566491282383,0.0993188689861558
-0.99348729531301,-0.112324170455548,0.104993382061522
-0.986679211307148,-0.109836092212616,0.0974412992670374
-1.0023687385999,-0.114956502507122,0.0862173292913968
-0.986799657494154,-0.120652762395667,0.0731397147780494
-0.986907688783532,-0.114719355229547,0.0746481875954141
-0.996099816416208,-0.122311700987718,0.0693995411571301
-0.985725831710275,-0.105986789358741,0.0516407675844603
-0.998732677547048,-0.121518890342986,0.0527992017319757
-0.995442258992006,-0.107579662195667,0.0394358628364293
-1.00135302130802,-0.113122887177774,0.0463776551020102
-0.996892178636689,-0.120474763033362,0.0333665340683345
-1.0012573100824,-0.114055225507388,0.0319539469676232
-0.992143616254472,-0.12368173407018,0.0188256051822627
-0.994859912305934,-0.105059357278841,0.0197808123652985
-0.993712804075089,-0.107570411998445,0.00367910118102133
-0.995206588045724,-0.107042567173482,0.010110561270056
-0.989811429888759,-0.111637958402115,-0.00663622659796103
-0.989697069997723,-0.118217037658871,-0.00713709160983178
-0.991930823998126,-0.108362470854429,-0.0184427388204894
-0.990038001740966,-0.110074047610804,-0.0271083425764925
-0.992276359840113,-0.106032800803947,-0.0283564171141089
-0.994399810725979,-0.111713101286819,-0.0365951279245255
-0.990400297279912,-0.114645750681687,-0.0416108707113516
-0.990031634497802,-0.10713407030888,-0.0455578085031674
-0.983773478013167,-0.124059377016512,-0.0563595115286548
-0.990475506288179,-0.118063548753339,-0.0667868922188887
-0.988170648755245,-0.11079249042903,-0.0652516908877442
-0.988839887422045,-0.118175323621496,-0.0754758587804229
-0.990870780735809,-0.117226364171101,-0.0776139214314788
-0.977992580631235,-0.116161278965846,-0.0823188312689563
-0.99443246062862,-0.107013457247052,-0.0966811071125181
-0.987618764260229,-0.116763500055816,-0.0955509958148129
-0.987967973275576,-0.11384797783705,-0.0896373649693829
-0.990497799310033,-0.113818131728342,-0.0972352881389633
-0.992364295628901,-0.110772639849525,-0.122295879730646
-0.980721396664829,-0.111852082414055,-0.119911469376984
-0.986473161562166,-0.112214070701946,-0.122063115512763
-0.995619166158157,-0.121554979034091,-0.133596761589923
-0.986642879892814,-0.114816963529531,-0.149401708297968
-0.986979195012647,-0.115301026293128,-0.151783447258048
-0.985834081818493,-0.115332449435548,-0.159099216260354
-0.973799557193962,-0.118106686696561,-0.151521436178678
-0.981349203054182,-0.120362715268355,-0.169923411717076
-0.973733326163008,-0.107762065156526,-0.172241059019778
-0.975858450173153,-0.10981308487421,-0.186542688982692
-0.979054475759426,-0.122062462563284,-0.187691122907307
-0.97021092981383,-0.109256814303589,-0.180197188405146
-0.972895989912552,-0.123556983052877,-0.189372407594157
-0.96605154751427,-0.115616394955072,-0.20288150622604
-0.967260066021613,-0.110706618438677,-0.206679773660685
-0.970376374992009,-0.112749390446795,-0.215879803601305
-0.972377706668049,-0.105363790563001,-0.222438589641779
-0.963574863646952,-0.116674787925424,-0.233987543177045
-0.966001213946145,-0.113583709802503,-0.228769237963166
-0.961016496465412,-0.109535214557194,-0.248090671656159
-0.967347109243064,-0.111143671674854,-0.248718364443667
-0.954481475220194,-0.105362506954423,-0.255986101424778
-0.954941025354677,-0.105003580748218,-0.257570219915391
-0.949546157493068,-0.106579424662842,-0.26418730420604
-0.951587064966312,-0.110828524518172,-0.273404383984814
-0.95244851135038,-0.111526622399705,-0.279214337758951
-0.943617213711965,-0.110506754833044,-0.269789476632357
-0.952146498625842,-0.108695235586404,-0.281567126196837
-0.935174807584036,-0.109900694344474,-0.299458828047543
-0.942921344078815,-0.117918041385613,-0.302892271120344
-0.943658273972959,-0.103768982685979,-0.300340801707054
-0.943196932473506,-0.10649352673874,-0.315124099084314
-0.937757250332052,-0.101431357970943,-0.318712568034423
-0.940531618996558,-0.113400857690493,-0.321879921033037
-0.9302709495112,-0.100163352538043,-0.331144965443895
-0.934033147825679,-0.113844567321979,-0.329294920261196
-0.933079067977695,-0.112934714119143,-0.332359886964239
-0.926468564783304,-0.106872523165944,-0.354221452991675
-0.926126920069262,-0.107737442586463,-0.360553383561018
-0.927167534420666,-0.112244907956415,-0.358337250337884
-0.928778002549711,-0.104655519499953,-0.357922145208967
-0.922929596263688,-0.110022707147357,-0.370168668607179
-0.913025302331007,-0.107245922947278,-0.376557057174177
-0.919049553557543,-0.110888502763395,-0.38130069129767
-0.905778478996758,-0.106762272335583,-0.396207746698901
-0.90954805554187,-0.109936286218004,-0.397192279668557
-0.91029341981089,-0.113744177832333,-0.403354621406819
-0.910567266355016,-0.111038038825347,-0.406926801382493
-0.903184901857369,-0.110157611011682,-0.414022495824371
-0.901263370741815,-0.106652242179472,-0.412581066939258
-0.895670479802154,-0.110239568962555,-0.421712200910325
-0.897301725337599,-0.117570654843989,-0.44213457594679
-0.901909292485911,-0.109711598167096,-0.439175425827742
-0.894173603939547,-0.108179893173742,-0.445033710923102
-0.890921206597727,-0.105190495770249,-0.443471000178179
-0.872745995134178,-0.106580252060134,-0.452717086098283
-0.884924442508764,-0.108920245533903,-0.458869266764622
-0.887922189558747,-0.10908109324721,-0.460458516949324
-0.879051480466773,-0.105171487819611,-0.464820108229944
-0.867831224264647,-0.103605024011358,-0.486628842087206
-0.873023115383808,-0.10282658363532,-0.478889617002746
-0.867126429338145,-0.104992485765761,-0.480726789153188
-0.863296602356167,-0.110811483861719,-0.492772710205857
-0.8619845677105,-0.102374122686583,-0.495285462950358
-0.85505371960084,-0.105956407640974,-0.504613590444402
-0.85429697116579,-0.105448022339764,-0.515228048903858
-0.850485474912743,-0.101727830562026,-0.514203220960414
-0.840260905612055,-0.10339573530555,-0.521148445156822
-0.845601740199873,-0.107404854070538,-0.523214792064895
-0.83773388183373,-0.107317320188193,-0.527480906810835
-0.829372487144452,-0.101027465036729,-0.530978404682974
-0.83883103341915,-0.108181324784124,-0.539202203083067
-0.831834892227927,-0.113459171500084,-0.553275741302695
-0.822742085221417,-0.108946432352705,-0.54057878467154
-0.835491208896385,-0.102732083754127,-0.556212270149046
-0.824637720431587,-0.102772626949125,-0.565407357254328
-0.813000001920716,-0.104276497233657,-0.574835313949203
-0.825832350462883,-0.105844829122459,-0.566087014354425
-0.8091798707254,-0.103967509481933,-0.573532124942082
-0.813397448843558,-0.0969232589480236,-0.586571969515841
-0.802554009780518,-0.105677507894714,-0.586463520561204
-0.808745718740496,-0.096048008585145,-0.589567406638931
-0.785221809133621,-0.0963902001044103,-0.597300571389073
-0.796183185841477,-0.111972415422841,-0.602310798257871
-0.786576962673054,-0.0978513412145451,-0.612164205339602
-0.779852069517792,-0.102524117700635,-0.61626712645679
-0.776077180065848,-0.101352068350216,-0.618539181744468
-0.766652250802632,-0.0994314738347343,-0.622855350233805
-0.770711094286847,-0.101838024918593,-0.626351510267454
-0.765859200994919,-0.105084684056274,-0.636095062124361
-0.762321952354833,-0.0924337317293271,-0.638509296220719
-0.765156282486013,-0.102842271721703,-0.64423508970004
-0.757666438907035,-0.0990605672342092,-0.64727926006654
-0.754908287340232,-0.103443864647831,-0.658030303641578
-0.752110846861841,-0.108075169946741,-0.658760013999019
-0.749085532732713,-0.104329353150889,-0.662424606151438
-0.745479293958284,-0.10067203085723,-0.663924360946055
-0.740080711555762,-0.0947855302405381,-0.678240065314693
-0.732981580388641,-0.107556763353281,-0.676689256244721
-0.733370992719697,-0.102783962600766,-0.68329930887305
-0.728376155885979,-0.11000881130296,-0.681373019515984
-0.70812126796785,-0.0883408645933107,-0.691234455355809
-0.713994101621841,-0.10155750024046,-0.692941602721525
-0.713971491226036,-0.108595630971717,-0.698023670870563
-0.711088452744125,-0.108278275277737,-0.690462490821823
-0.701686536297089,-0.0965127787823505,-0.700835653602244
-0.704472566413891,-0.0962307932207201,-0.708725340716196
-0.691134575332511,-0.0972701747902854,-0.718281480517079
-0.683408059576847,-0.102069779473325,-0.724002845127636
-0.678842664160964,-0.0891465331777403,-0.726303334473822
-0.680413438839668,-0.0952963498385453,-0.72333113068622
-0.668439716867255,-0.095741736017363,-0.736157429218628
-0.665495474836204,-0.0972426586705296,-0.730363902768586
-0.671023273608465,-0.0958926407924772,-0.735033901305634
-0.661768261290779,-0.0994735176146459,-0.75035494896771
-0.655972209495738,-0.0971008968851161,-0.749177613533417
-0.654254160165889,-0.0954327485654371,-0.757025332631194
-0.646913904328769,-0.0997817445114436,-0.759532904590903
-0.622427978858087,-0.0782969741963447,-0.756470280508119
-0.63152248485178,-0.10146735720429,-0.769181782868367
-0.633711849115395,-0.0921404914583145,-0.767867275963224
-0.625203281634894,-0.0962570399516045,-0.778904133918842
-0.620824868326515,-0.0885967831267465,-0.77609989455597
-0.615027315700467,-0.0907403420932599,-0.779246253025659
-0.619071110018288,-0.0936673765120072,-0.788196880554785
-0.616190942839701,-0.100135817138929,-0.791534761431797
-0.596901382474688,-0.0943696245057326,-0.792460843398017
-0.60050213651333,-0.103738081400373,-0.797107633321558
-0.595728027171423,-0.0868153283270007,-0.792675062163044
-0.587766860503363,-0.0864389715192774,-0.800323681030195
-0.587896446001894,-0.0922933933952872,-0.807495619100772
-0.57309588050896,-0.0884643040854449,-0.809106276591099
-0.567185480149004,-0.0931310716441852,-0.814226697630553
-0.576685785822644,-0.0971281709411283,-0.813725220273664
-0.563546212177118,-0.0893651777507395,-0.815773872292896
-0.55948590128923,-0.0955142641055952,-0.829324749259469
-0.547612732314328,-0.0914548441413367,-0.8352638778606
-0.552437437899319,-0.0919938280628246,-0.834961167474021
-0.541981700350831,-0.0911621952771305,-0.842779880464838
-0.531270852946537,-0.100433569722163,-0.839993730843868
-0.525361902461009,-0.093511064939977,-0.844382750474567
-0.521917065701985,-0.0920447853419668,-0.847512375547427
-0.515963448972218,-0.0933605368542198,-0.846581465856994
-0.507178650350992,-0.0867703056794949,-0.853960879113652
-0.51308065389107,-0.0856017518082383,-0.863360851824974
-0.493890838525341,-0.0851416537491598,-0.859168520732883
-0.498379310954253,-0.0983519813964986,-0.8696476090884
-0.489131396469594,-0.075102948426066,-0.86311041514224
-0.483936416015252,-0.0895681639659453,-0.869308016746418
-0.475181472954058,-0.0878194999821476,-0.863533778667908
-0.480582694403754,-0.0881205441310458,-0.875768762162762
-0.478720699828567,-0.0831003246934002,-0.878645388457533
-0.462998408323749,-0.0816402957031246,-0.876784354155439
-0.453823371849908,-0.0876427034174646,-0.885169067032664
-0.450481131933546,-0.091265672481257,-0.893014321397233
-0.448779257775383,-0.0842747571648619,-0.881742210576005
-0.437036345838685,-0.0865553795913753,-0.896669540928502
-0.427714292733418,-0.0703532953467,-0.895478528374686
-0.432120834030317,-0.0907607356965427,-0.89419672666031
-0.422603995762574,-0.0775452433427811,-0.906335334706239
-0.417158873858396,-0.0863156855192474,-0.898101263216745
-0.415410164519995,-0.0831540200026858,-0.908863350907449
-0.401960394116303,-0.0802446708408811,-0.91475726923328
-0.404353403885666,-0.0872836335956651,-0.909783678852921
-0.393773946138752,-0.0898987357456973,-0.924385962451815
-0.389863681889808,-0.0779006552145455,-0.916510872902844
-0.391593098138322,-0.0888089434887002,-0.915486099790929
-0.378798096377783,-0.0826428121121256,-0.915670453268093
-0.37623558677484,-0.0796944335318812,-0.922555713489018
-0.36232105413285,-0.084301809920018,-0.925214617578159
-0.346830692598711,-0.0872516983798545,-0.927150881068914
-0.355860057721624,-0.0834773851642563,-0.935763265113812
-0.346345770821209,-0.067417333855611,-0.93781797718873
-0.340240610831041,-0.0814426552109641,-0.92617434811827
-0.334318574275256,-0.0789871349835343,-0.935128876793209
-0.331152821239478,-0.0724102462137768,-0.94128994415963
-0.330801828355366,-0.076361008351193,-0.934653124953586
-0.325234718258595,-0.078450375838666,-0.939492984884793
-0.322896385658294,-0.073755195875487,-0.942773555103772
-0.306260000346694,-0.0803757540632806,-0.948557600139072
-0.300880902577422,-0.0714888719918211,-0.947150167964193
-0.297105408877915,-0.0677046723752854,-0.952629939109283
-0.293413375217774,-0.077633479820157,-0.949952850933549
-0.282357929015592,-0.0706327808091868,-0.955731957706684
-0.264872736408407,-0.0830394112913422,-0.959951839997696
-0.271689757273724,-0.0738974346213211,-0.952347495755057
-0.2641223566473,-0.0745489756592344,-0.96100308092019
-0.255402580998037,-0.0770510179722282,-0.960771650425447
-0.260915293344999,-0.0736255556924985,-0.969376001931257
-0.250274519176883,-0.0714450252492343,-0.971895396328882
-0.245865293975491,-0.0800614644942603,-0.978977085997226
-0.235578657985703,-0.0662913538572843,-0.970270260744738
-0.229882101747264,-0.0769600586857052,-0.962931485112509
-0.223841588598349,-0.0648760155067418,-0.970487076325093
-0.217783119421923,-0.065553521977011,-0.968795045849588
-0.210889805321194,-0.0641010373956611,-0.966172268057973
-0.20451702735685,-0.0714741580654876,-0.974388314492547
-0.196278421492693,-0.0657715781206983,-0.978983404130895
-0.188302022207391,-0.0641779457546195,-0.978072790213103
-0.184943861140375,-0.0753027747762968,-0.986040705741371
-0.186842944077032,-0.0748612355170369,-0.982129407716157
-0.181428561115257,-0.0570165381307545,-0.978795710852216
-0.177503594923341,-0.0736251121645586,-0.984127234793066
-0.169534506291153,-0.069755756411932,-0.979196345493188
-0.155587869498332,-0.0673948415563188,-0.990680250697571
-0.151338995577906,-0.0734172094835662,-0.984833007670526
-0.144608057662468,-0.0623418215593646,-0.981410453608757
-0.130741719811421,-0.0660305177544284,-0.991019907598649
-0.136023105289237,-0.0648598665655284,-0.984566665424113
-0.125377819952098,-0.0659135446264078,-0.987107288291712
-0.113118835125903,-0.071724507988727,-0.989974454412457
-0.110219918200286,-0.0649870285904429,-0.987256353394665
-0.106776229747714,-0.0679521867370459,-0.991046887059359
-0.0964083742356055,-0.064497102726104,-0.989113581826701
-0.100045660992459,-0.068370932050145,-1.00908283803388
-0.0835930551320697,-0.0675366960491936,-0.99557598788331
-0.0748949133563518,-0.0619102042827387,-0.997061389214573
-0.0779215912703727,-0.062949263074732,-0.992353941066215
-0.0749956233600748,-0.0616697555227235,-0.991926466116294
-0.0682504524499273,-0.0575602534042104,-0.992852552533735
-0.0592875791022847,-0.0680071529161738,-0.994493792563135
-0.0445635526561942,-0.0571659154505709,-0.993196433382565
-0.0482415084496338,-0.0567158314652625,-1.00022234115309
-0.0388621108951902,-0.0669874872988293,-0.992093278725483
-0.0289029955650182,-0.0537613558994229,-0.990271714778509
-0.0291863556900515,-0.0551342027924779,-0.998083390336565
-0.0126498476280371,-0.0523791810964766,-0.994070462138064
-0.0150295543107973,-0.0581169183848903,-0.996965725743225
0.0111311821967168,-0.0509167257047261,-0.986757274220457
0.00369120305591991,-0.0555544570350005,-0.995329016478361
0.0052598848807877,-0.0499678972835828,-0.999177795437101
0.00731044979948021,-0.0513824892917793,-1.00618749361382
0.0112362655115486,-0.0538538976068203,-1.00301496642733
0.0221820721881064,-0.0556634513807372,-1.00058090811926
0.0318989059043233,-0.0530496264313949,-1.00381545487729
0.033167357594951,-0.0644621025406893,-0.99972083668911
0.0488840303582143,-0.0570292781937609,-0.99502024200155
0.0545364114286774,-0.0481159535760873,-0.992297690811166
0.0546607361367274,-0.0569041503850365,-0.996680792791651
0.0610484022407261,-0.0449050121471161,-0.989662151136606
0.071113456151522,-0.0538516249006301,-0.993606470757322
0.0736186382026239,-0.0518868513970927,-0.998372485059335
0.0836870480566047,-0.045164306015726,-0.991527935485563
0.0951328691815471,-0.0549224346948973,-0.993822045975297
0.0907502295681419,-0.0479660432277073,-0.992533873044663
0.108396764145863,-0.0439338807762561,-0.990298156363275
0.105633968010318,-0.0513483611580495,-1.00318461953632
0.112157564730104,-0.0562612628682293,-0.987600883247146
0.125143920595511,-0.0473492574924615,-0.993425939592921
0.127579807400666,-0.0395494447615063,-0.984032929776758
0.130847424427536,-0.0462650560034113,-0.995586356576784
0.141313073541816,-0.0429428074113123,-0.984649801235694
0.137867498702435,-0.0436445606009402,-0.992598074624783
0.149849125536708,-0.0417556946527365,-0.985873812754514
0.157115392909215,-0.0421887067112217,-0.978241089590972
0.161012479484801,-0.0514980360310815,-0.99123447345955
0.165597795256669,-0.0476273010554109,-0.981510534518732
0.166072734338895,-0.042613685883012,-0.98721774938545
0.18817469188152,-0.0475921359194204,-0.982180633054777
0.184156908361219,-0.0462414746021929,-0.982373020502793
0.193861227233444,-0.0449756579359503,-0.974245805531085
0.203908433400945,-0.0325923303939591,-0.980050189903231
0.212635345138378,-0.0518792955733789,-0.974208850035916
0.215295648858226,-0.0427675942701535,-0.972623428943317
0.223954027212454,-0.0352408307598949,-0.972661499568486
0.22868997906885,-0.0432896790398797,-0.978858074675182
0.230456242430368,-0.0384961337798191,-0.967210684144732
0.233942125815222,-0.0413841458871305,-0.955637821973237
0.240872643464932,-0.0288416860128935,-0.964210850585238
0.247277619884968,-0.0384809988400301,-0.968560488318252
0.258505122150367,-0.030623620033816,-0.974103534950174
0.27231708675629,-0.0330650622654702,-0.967050673667798
0.267618643801873,-0.0349568751549677,-0.96117883672581
0.280292121902831,-0.0305032686997608,-0.962768687325274
0.279667083981449,-0.0317833905210385,-0.958651012432772
0.292015661508939,-0.0383824812322165,-0.955133847686319
0.293781528995537,-0.0274844736891017,-0.962421530029705
0.298337654892978,-0.0336700033210619,-0.965567545322339
0.310556545860527,-0.0193836474035099,-0.95314526109275
0.311721196201687,-0.0352437608069955,-0.948151461560472
0.314344438715804,-0.0329191661182546,-0.940033484306511
0.317952306322738,-0.0347778349939341,-0.94651755232704
0.327458079248364,-0.024188624993424,-0.933958058570962
0.329148276773064,-0.0340756585457516,-0.939451105241399
0.338041263217062,-0.020390262640231,-0.931776052460667
0.348631731967335,-0.0270189344220527,-0.939512203770222
0.355532910365417,-0.0236811310734867,-0.934940167308481
0.367219308025894,-0.0254449967893465,-0.933989457484615
0.365283107720853,-0.0227936820965078,-0.933183762300069
0.36883610501581,-0.0158873160520781,-0.931279857752527
0.379815473938495,-0.0231386737242262,-0.918646059131055
0.383519180765128,-0.0390298314532735,-0.928497665236272
0.389237917584056,-0.0248879674566166,-0.912030449112418
0.399485473398112,-0.0231643105678198,-0.91899984141974
0.390470477080212,-0.0158029598263326,-0.916278917289224
0.39622590158436,-0.0224212689931515,-0.913933185386575
0.406831084439026,-0.0215899400641748,-0.915448381910184
0.408653215290263,-0.032292977947903,-0.911156778032075
0.417951794310481,-0.0207855907347096,-0.914242020612595
0.425723183301023,-0.0299754959549542,-0.895035464526288
0.431839540860741,-0.0157810080446386,-0.898929187652715
0.442610143524597,-0.0271439918202264,-0.892400352115817
0.450955095366606,-0.0312164628250329,-0.896819399595488
0.446039561657871,-0.0195079099317541,-0.897401635333035
0.456284794403064,-0.0167619523747966,-0.889105301306435
0.459869255613286,-0.0256499737749203,-0.887184393010674
0.463409357311416,-0.025052256164055,-0.884861739236802
0.470500043947238,-0.0171494780026306,-0.876692517975832
0.479945260569738,-0.0110326105322914,-0.882339589792678
0.478237712388202,-0.0174863602080778,-0.868781298917952
0.494556273059252,-0.0170897270488542,-0.875651595095886
0.485892432018555,-0.0125490568464307,-0.869488536751102
0.49304481901434,-0.0170274449637517,-0.875651366545712
0.506501893641777,-0.0156695041259345,-0.855215138263328
0.502952860064787,-0.00939068224759803,-0.859486467368551
0.51554072966859,-0.0101022734006179,-0.851036749382762
0.515129557748226,-0.00653216202316526,-0.859820004240441
0.520450680461448,-0.0159292576696268,-0.846819947744835
0.525786859901866,-0.0103313732683586,-0.84514170011984
0.537201483099895,-0.00866929722514488,-0.849730915691937
0.546741635296898,-0.0103104642359136,-0.836848863491883
0.542037354968121,-0.0100525386913131,-0.832710546012413
0.557255015659034,-0.0101677881292218,-0.842932759630618
0.551907581249168,-0.00808497915291767,-0.826227705870101
0.564892451966026,-0.0116720631011343,-0.815478185928646
0.56810128207904,-0.00371086402802436,-0.825247476940346
0.567304929334906,-0.00404042711158739,-0.814417142504095
0.587107912976323,-0.00953861804914248,-0.8241497064366
0.591177560406246,-0.00499871418244449,-0.818017965263631
0.585366118060355,-0.00978808485005194,-0.802917720276346
0.596170028710662,-0.00395332368504553,-0.803829157159897
0.594125861953939,0.000376551014724859,-0.799576820320165
0.601927716113719,-0.00493326932975523,-0.798063317010741
0.603774148679215,0.000277734998498809,-0.786808202922609
0.625530610953711,-0.000327753376952283,-0.794065152235008
0.619093333041316,-0.00729956767820084,-0.789171177351587
0.619696295604714,-0.0058461664118001,-0.780336213251672
0.622292269768822,0.00224171002585994,-0.774341614437733
0.63790930117927,-0.000609894827511394,-0.771284219935304
0.646564816266384,0.000345217433186619,-0.771298841765074
0.651214175688071,-0.0118745485349749,-0.768692604358692
0.659280332845763,-0.00109735629942525,-0.765181592401825
0.64574702050046,0.00581633352090884,-0.768870132505796
0.652607336739636,0.00527934473459389,-0.754238479788683
0.664422747426438,0.00367077800175922,-0.746708282660611
0.659538527983046,0.00472431670385599,-0.753797502742882
0.674537988483071,0.00267757251316769,-0.738510949648667
0.672553518302569,0.00647137670612211,-0.732311145114736
0.66993475804467,-0.00390983859190284,-0.742508417022867
0.688641557398269,0.00805318326510708,-0.732595425620496
0.696431932239258,0.00731756489824474,-0.732725306064044
0.688351664600198,0.00030496141269037,-0.715696542311532
0.694924888078304,0.00197540855513575,-0.719008199208499
0.698203665872735,0.0127046325545323,-0.709359739958314
0.708324804007477,0.0111247750099981,-0.707127523120267
0.706468205082951,0.0123612288139866,-0.707016472582591
0.71022392335209,0.00489120244205815,-0.694104114348106
0.724831221246449,0.00207718507143975,-0.694706199896251
0.725499556327185,0.00843021466337851,-0.685647640044517
0.729797077171314,0.0113299667910495,-0.687699573430964
0.736166130628046,0.016953788186691,-0.677999308847793
0.735809110291024,0.0179265594013077,-0.68028710893767
0.741927896460236,0.0209191706666931,-0.672081771590687
0.741154722296192,0.0242709683155587,-0.667722367630615
0.751720576324668,0.011153529228098,-0.66037829024839
0.755956358263836,0.0158133562117341,-0.655488748440578
0.763723036283504,0.00939008033384461,-0.651368721623503
0.75179284674349,0.0171739621875279,-0.637995969889413
0.770472962366959,0.0176196968507686,-0.644566624090732
0.772396632723746,0.0235623591003067,-0.638003637100851
0.781786552311187,0.0148232656332804,-0.643243310550962
0.773898493295495,0.0185318338008672,-0.630270936467459
0.777298407741815,0.0268414885779461,-0.631616986878402
0.782940945538882,0.0159368628257724,-0.621010045988143
0.785902790314322,0.0238044410529796,-0.618924943012141
0.788932546336484,0.0225485341543261,-0.60335612561556
0.787533946124277,0.0316730868768411,-0.608200736537684
0.803784347674198,0.0285547000904805,-0.592202867289591
0.801666206485733,0.0240621136320464,-0.594616482779613
0.804900084328127,0.0259338604404449,-0.586974794197406
0.809810130699095,0.0258729895850404,-0.570340718267836
0.815144978849109,0.0293996853362554,-0.580939398250978
0.81612216856139,0.0247573152055778,-0.570699651466751
0.818300117995831,0.0178606924671037,-0.568129970870931
0.823639362312366,0.0291657323547419,-0.562824711850631
0.832947890958375,0.0329108185961555,-0.564705911638339
0.825127356252085,0.0315616642027471,-0.551354240167998
0.831469366507592,0.0358800356495538,-0.547508323652861
0.840164760155248,0.0317073292156111,-0.538668660297998
0.850517856052882,0.0296734373821,-0.545838145391484
0.851277710514652,0.0269913929008985,-0.525690910369994
0.846544408213625,0.0397353093348035,-0.530643345506379
0.847176634357709,0.0377114925754695,-0.528112630143617
0.859356522000601,0.0357658704612647,-0.516677616478578
0.857425967668397,0.0445168233992281,-0.512478066080226
0.861328589826559,0.0301861830456352,-0.509297237502738
0.862473308866343,0.0440806005274011,-0.501787199943445
0.8650185737707,0.0339460491592072,-0.49084925320912
0.864933324827208,0.0399779892636145,-0.4956447214975
0.873866286080187,0.028364167877651,-0.480857045520154
0.880958745655416,0.0347182104211401,-0.476478708629404
0.881247764081261,0.0446098864029873,-0.471936317167086
0.888535095425751,0.0388898327419935,-0.470313374738095
0.88601716162589,0.0391374765069285,-0.45713935913339
0.888760510563328,0.0365893456587261,-0.456780155164622
0.89778315921017,0.0393834669367974,-0.453739880725002
0.899523778543137,0.0426276247202056,-0.446684045388945
0.89363790396608,0.0353867763573669,-0.438510460922855
0.898439647883977,0.0450460947327265,-0.440950166345097
0.909290971132968,0.0465540487710708,-0.435874215656524
0.910588429930405,0.0418476729076633,-0.420887392174279
0.908985946648399,0.0410630930240426,-0.431046907969715
0.913115985306009,0.0444134490910446,-0.414054834243054
0.915046320580561,0.0433457662426111,-0.40201966688826
0.916183671026335,0.0425091033492522,-0.3954862358564
0.920242939573575,0.0543990453142944,-0.398413174388326
0.915798926207439,0.0503783508992206,-0.384879714056562
0.926784383180518,0.0495187564370905,-0.383644534637738
0.928239919674348,0.0599843415554803,-0.372277953973591
0.92769393525138,0.0479655544096634,-0.368423763195164
0.927109500065569,0.0527077719733264,-0.361238990683853
0.936373409651149,0.055134622395911,-0.352434583334082
0.943193258920474,0.0433849645513125,-0.362398241010234
0.931472301841871,0.0435639716488599,-0.349457663160291
0.936514781752966,0.0554870154585513,-0.340395709039768
0.936840144760778,0.0508505476226204,-0.33200111039508
0.940398310174211,0.0487442866615062,-0.330045676072137
0.945328516094283,0.0542293168162705,-0.32089622013403
0.947399281864447,0.0559053115579643,-0.318538971593462
0.950486418283524,0.0554484654962666,-0.317686503027733
0.949305276915712,0.0589882560102683,-0.303946034825549
0.95178275051812,0.0567435918276486,-0.297581580590145
0.953178308191404,0.0637543706502528,-0.295071269149889
0.955489417273411,0.0599497058597189,-0.293276597763302
0.952623327394276,0.0562935916711799,-0.27378380232642
0.957956562962685,0.0664933608211067,-0.27498934977279
0.96991548543144,0.0671191881448914,-0.276887006277474
0.960606556529179,0.0676355007400306,-0.263318431703406
0.975154430583336,0.0636321687783017,-0.266516211053423
0.967596546194999,0.0600077854815596,-0.252497849177535
0.972275953966012,0.06680393734092,-0.245225804352303
0.967371091260117,0.0652279957871395,-0.241209411711493
0.955795543545605,0.0686244454688285,-0.229704210574222
0.964697317604671,0.0597470831270302,-0.225503350805931
0.965004607172359,0.0596596597873706,-0.218608303044988
0.970589206759269,0.0749818177429933,-0.222951342507712
0.972068868207967,0.0706672941032515,-0.2076724149733
0.978720382314958,0.0711184980274741,-0.205489874253917
0.974689230964589,0.0732668899387409,-0.200189494727098
0.980857979307141,0.0770071569034809,-0.203409511409501
0.988898330011848,0.0691133382927954,-0.179481364965703
0.988721319443448,0.0656349776742862,-0.179073297560652
0.999343453097433,0.0726131244566097,-0.171414684920523
0.984676702021194,0.0807333666974119,-0.162275656187699
0.979261440343028,0.0729098135529917,-0.15988852064925
0.984634354663055,0.0884864868854961,-0.153282307372274
0.988007868247478,0.0723333852730067,-0.155878718576873
0.990646101502442,0.0762464421547661,-0.139956119547938
0.983334296868013,0.0824243677263185,-0.146125248043918
0.996102511267089,0.0828897739607952,-0.130358475398114
0.983202132596197,0.0773830986361424,-0.123484960283338
0.995746230718079,0.074917405303359,-0.112123876385729
1.00420861722805,0.0783235399482774,-0.110095204482431
0.987703291119439,0.0729314743220808,-0.0989223498506984
0.995043271674429,0.0796795793433425,-0.0995406608423221
0.990967378605373,0.075642019116027,-0.108348917870064
0.992383909000308,0.0813567842868563,-0.0906473410729707
0.98885722770534,0.0753021752567437,-0.0841971221921309
0.994321048785396,0.0797993416863576,-0.0731580891816504
0.992537645589011,0.0853219683601314,-0.0763761558180147
0.990428312813359,0.0886015690738836,-0.0669985857233031
0.995368219605134,0.0971628361448077,-0.0528893617366252
1.00001748546765,0.0997981907032661,-0.0448042145921616
0.997050911244612,0.0984767954616389,-0.0490189407981887
0.991843942097709,0.0995368033940004,-0.0360376329977476
0.995197611472744,0.0924617546486778,-0.0334432288645437
0.994062571655473,0.0889632753578123,-0.0287053498729171
0.990879160388041,0.0913251447851462,-0.0226216521366578
1.00284332028018,0.09352990698335,-0.00845440296217898
0.994932081066877,0.0926731698040655,-0.00108357198714039
1.00293204654995,0.0939750422646398,0.00727335413837286
0.997887123246948,0.0963831587494376,0.0159557772404345
1.00306698083019,0.0998077317384934,0.0131906747149964
0.992537702498692,0.0954270258765113,0.026471525249413
0.984924131749735,0.0935506346384533,0.0225979541078788
0.995536102697711,0.0885492826266211,0.0323658025120235
0.998167475307077,0.0935019077229034,0.0346003261687945
0.988136224138603,0.107059965061627,0.0439381731382939
0.992595684744141,0.0950453028029117,0.0487350695263208
1.00187882231988,0.101784972385251,0.0561764308672531
0.987023931159444,0.101976135629092,0.0644558210507872
0.985648148306702,0.10752442429155,0.0790638036081003
0.984256411679614,0.09228804339362,0.072531524191465
0.995293410709889,0.102951927704292,0.0782561346610076
0.990943411471951,0.0987768843168017,0.0769787346690295
0.998192980579669,0.106303374107887,0.085405655162642
0.995000499537337,0.0990945269559583,0.0968755680002674
0.992621565690807,0.102119576134277,0.101872873506462
0.988324102677255,0.116827504874056,0.112045995276334
0.985398997486413,0.106681877935469,0.114474709387076
0.993110211699868,0.107130775587824,0.11803716945979
0.986922172295722,0.108823954237361,0.132075599619711
0.989620262958967,0.115477910179371,0.137452836103189
0.987051344956944,0.120304664914373,0.134518048866035
0.981179162296723,0.103059518756873,0.151009664629743
0.982012110858024,0.110785366888049,0.143895342998952
0.981772039442274,0.111731297593878,0.151807052115056
0.97397982359014,0.109968578041591,0.163402717265111
0.970397150454901,0.113617763990947,0.173798270729081
0.975593357734305,0.111787400667782,0.178298224781263
0.981779776486628,0.113795046025247,0.180493746105433
0.967854861268039,0.111890659350108,0.191898150089999
0.973187276070263,0.121353843026095,0.198250967866097
0.974318106186083,0.122116732301071,0.208542836170868
0.97396906244612,0.121166400062354,0.20672577081598
0.963481556197822,0.117265473376929,0.214575343205511
0.962705923092841,0.122885476313761,0.220555284586834
0.967295619179883,0.122806672964783,0.225047705249643
0.965180079620549,0.122011274391995,0.235552224033952
0.963295469745387,0.109605513876936,0.234440315792222
0.963147263110998,0.128366643625697,0.249728323134282
0.955842456667367,0.128129770072676,0.249961219569429
0.957852915568952,0.12520712588105,0.254565121492579
0.957904308167352,0.127029960688958,0.257270600102127
0.950248038748486,0.131430058612919,0.265440898824319
0.960779117601351,0.122740079666867,0.269468650439808
0.959009166202971,0.135159426812564,0.273182124231942
0.951094731392712,0.135587905002364,0.2908663501674
0.941760189651186,0.137735768251507,0.293374257227335
0.947407082437967,0.129278125063088,0.291086740613171
0.944794404668279,0.129885032891032,0.313305199628103
0.943281942631488,0.131064934023187,0.307509166293768
0.937243731550262,0.14305477738815,0.316575899834484
0.938621210709576,0.139076498537825,0.319023078663524
0.93566094913662,0.131442005389794,0.321895401551587
0.942039120347072,0.138833077846709,0.331177751392324
0.940368629435641,0.135874815446942,0.337949265314301
0.922541724201845,0.138899605269162,0.335003974104497
0.922458209513068,0.14203726837217,0.349723529891525
0.920760690763855,0.136067406274026,0.354961525200179
0.923908913538428,0.130269044824587,0.353347373411283
0.911595204206546,0.13923252549755,0.356452020956224
0.921584564802582,0.135336906200704,0.365191322736763
0.924607847289753,0.151945952042383,0.372277121984534
0.913014296198935,0.151719355058816,0.379306197193608
0.919296272506051,0.146774195206831,0.387902895796791
0.906417156462332,0.15191222992411,0.3967818263884
0.902457921849665,0.146181952219066,0.394421347175997
0.90377046588009,0.152650050770746,0.407038050826989
0.89659655057675,0.147503420337429,0.406440311090038
0.90782587048078,0.137568336742284,0.412164934864749
0.898886351011125,0.143208955255358,0.42106747769062
0.895567040999716,0.154373468540445,0.421840398499067
0.888675866957406,0.146501409992623,0.431384372344671
0.888569308375144,0.146541973609759,0.441417619336025
0.886017820771201,0.148049149744359,0.444239852821729
0.885933911694693,0.156152566263187,0.451625520486102
0.877782311351204,0.148863229598721,0.454810493177883
0.872837365207926,0.151080446279726,0.463700444923124
0.879430257141484,0.156497659440648,0.474709811668323
0.861542428393505,0.154410011394761,0.470267447573934
0.874221457454088,0.157581466470658,0.473499652257241
0.865846778867049,0.159066293536541,0.481339863175397
0.849832038923954,0.161748901254218,0.46825675749816
0.857377580816756,0.149656700162256,0.489206276735903
0.860650751981768,0.15562628053457,0.505814521865161
0.854345103985808,0.15774211040341,0.496936978132859
0.844736016989725,0.161628019445445,0.494807002707768
0.847020843131272,0.161934454976608,0.515937824024836
0.850880736794738,0.159700413921582,0.512103226500123
0.843206851882962,0.166574472173319,0.52143212455625
0.830974752349979,0.164128980309683,0.521616903216231
0.830874091404934,0.160478016496332,0.528266309680451
0.831953132274225,0.164603034963262,0.544193158295742
0.81821961758406,0.166436666905789,0.537259191844293
0.823251725417695,0.172544961949301,0.552637371958087
0.806056544729593,0.170213277899379,0.552570478895805
0.814748963585391,0.164852801901821,0.549256027286792
0.813954673398593,0.165840205671704,0.560822814080696
0.806714707331495,0.181845182868933,0.578877333105038
0.795631138764133,0.167577185980884,0.577259954660565
0.788180243512425,0.176954740860638,0.575636913388295
0.801832360159869,0.167122323608909,0.577466845084278
0.802668157390205,0.175249282684698,0.585372303501244
0.782161470416833,0.178613818199851,0.593449268677647
0.772206527306268,0.169368841134574,0.611381909967581
0.77963807789477,0.164676134414615,0.596860000533955
0.773738187905224,0.178935630963538,0.605229709044864
0.772456910235486,0.176162702209327,0.605960129962234
0.773895082235332,0.175215228371747,0.613137717540212
0.765058893098187,0.177496794508419,0.617514653887468
0.760743365082831,0.189186888609587,0.627470589418028
0.752827557478358,0.175064751828389,0.628185737569659
0.744189529205911,0.189332076853928,0.63499159048297
0.742190502215002,0.181597617100149,0.631316490583025
0.746828930323846,0.18087880602564,0.643281585459895
0.741608003560188,0.186846585898537,0.643533577823057
0.728317181434622,0.182850721114769,0.647952043221613
0.733603203520898,0.174889276053473,0.660816753554435
0.728808521689914,0.179397686875748,0.659367863973445
0.727236694738458,0.197880918031827,0.663601558400832
0.725700766537419,0.182238704132975,0.670766972708766
0.713469972753759,0.189036946714924,0.671589880342159
0.703090091904329,0.18677575700031,0.680598913786275
0.703329237387354,0.188002134971496,0.684702818501499
0.704192454284958,0.186050436548501,0.685615089532476
0.701459310014078,0.192167005873604,0.68445332686504
0.700429512760379,0.188225090328583,0.691907386099124
0.681130029769119,0.191555449163895,0.699065517191167
0.682166474186858,0.188701273072238,0.695426403202857
0.694348929046275,0.201199269483547,0.706055362957904
0.674193112767243,0.196285684178882,0.711881719426506
0.66737148641816,0.199957713682202,0.710313670712803
0.67544020389553,0.187267999968275,0.718422037205622
0.665422843785361,0.197470573846944,0.716527338297297
0.66105026231278,0.19849430910877,0.723943455516867
0.653816365811341,0.202256193293035,0.742883345599031
0.646661350806083,0.197801927571382,0.733351443989476
0.632803629820931,0.202677639146283,0.729487576668356
0.636373907033753,0.199493575331125,0.747839202442343
0.619127961568499,0.206257327974207,0.744840589686112
0.621756083575213,0.202421794756814,0.752396396411623
0.621314141007605,0.195916783590309,0.761023748626428
0.619612704040268,0.20052849701313,0.764804594658772
0.615629816592035,0.198524346451062,0.765528073427707
0.599961961885113,0.200371974379614,0.76684942100957
0.606118326005973,0.206813102067798,0.760064110634778
0.603256089431491,0.213569029898267,0.779172032561442
0.591389209344676,0.206090573530692,0.771822613584545
0.590548379123186,0.210120684261591,0.776595108068287
0.588929883083593,0.213921024551992,0.787248969892794
0.575578161642497,0.203768078010239,0.790703283415401
0.581573622589479,0.20481047730437,0.779847880350146
0.57648907160622,0.211753431872642,0.800192244213825
0.569186234318621,0.206769748265559,0.795525792594707
0.555013450632004,0.214562045731292,0.806866125403196
0.554377140439846,0.203964594534316,0.810527857056502
0.548999396623931,0.212968427900164,0.797119449403149
0.545724461987179,0.21729346800741,0.812579266209602
0.533313541098812,0.213218348890971,0.809522724882325
0.542471058147021,0.21356887543396,0.816305626125052
0.523892624934771,0.223026502079529,0.82037938751178
0.523498308207255,0.22397183585157,0.826935020935654
0.5218360268526,0.209413171474218,0.827743074005834
0.517490832898577,0.222629087400877,0.834203447843105
0.518000057785913,0.227924409357484,0.827095626440791
0.497960108036477,0.221875054718289,0.832481908254781
0.496414126913956,0.22942709382172,0.835987353727739
0.490058840842358,0.222951188387268,0.84493201791745
0.49133641751313,0.224144691826391,0.842855004290139
0.48546562861775,0.229311309713343,0.849728025151745
0.491756892870466,0.226656370890879,0.851805739769176
0.46961951636159,0.230383039353881,0.850252101295514
0.469670227679075,0.237249596799318,0.856046633583631
0.458868066762461,0.226089991175449,0.855960679813791
0.445253711736782,0.229442027393739,0.856595346048866
0.454596457415187,0.231293217602708,0.86391530542585
0.449839525374868,0.222439218924864,0.867892448750929
0.43207138488027,0.228904130658217,0.870104782440339
0.436318104750364,0.228741440717543,0.87411148770332
0.43363524009091,0.229452774792243,0.868882975080742
0.420753309885059,0.237666424835658,0.876313506861614
0.411184067977594,0.235911342832895,0.879768266326591
0.40748229711053,0.2305369348965,0.883301024809442
0.404215692745564,0.23512827434469,0.880323671004656
0.396039736679915,0.233411091876286,0.880599240486093
0.399265829813028,0.237343656034443,0.879438536142746
0.384881208452925,0.244656782803224,0.88764096546057
0.390579502488414,0.236261207313142,0.888778890473297
0.370884441095246,0.24678195414173,0.891819126252054
0.372481038605484,0.233526112855965,0.893995998006304
0.368022463205062,0.236168718474707,0.899213448495363
0.361787684875033,0.252266956569598,0.904235374843299
0.358086378836324,0.242407448570282,0.900166546601241
0.347930479020707,0.240516110556296,0.910665224625153
0.345810800120689,0.250599198498276,0.913316395673944
0.3356641359534,0.243704920891317,0.911561645369472
0.33622436316622,0.251686578975289,0.915545668201072
0.33224505282397,0.249675334164827,0.918685807181327
0.318894243732885,0.252950085698646,0.907458111297928
0.320892547994551,0.240931965164647,0.917278104949892
0.305669223137398,0.244815471617032,0.919665791095631
0.303269690415933,0.258470286965173,0.920370787060629
0.298695003570803,0.253433497928564,0.928687557114275
0.295648444271605,0.253075101112227,0.923596456714643
0.293072303524462,0.252628206689223,0.928853138328939
0.273953748609022,0.25081952204827,0.930428222897667
0.275748563292393,0.260723344933701,0.924462177855199
0.27174987969165,0.257096086674561,0.928867229579819
0.269250174849989,0.264225194722973,0.919288262930761
0.256723268138019,0.25359221368014,0.930447493767048
0.245898055094965,0.26676918852411,0.939514686694826
0.245966517715309,0.262967197187797,0.936926686351387
0.24072343432629,0.26150978746686,0.935032285894253
0.233948366653471,0.259506993451086,0.93520424903991
0.224160333250765,0.261418902624494,0.938429859368788
0.232260599653331,0.256546313567512,0.934206850709348
0.214918059634179,0.263212353724396,0.93705298112574
0.20940263835929,0.268033150774526,0.936035460094242
0.199802337794883,0.258631347949831,0.943284457756259
0.196728916550406,0.269286332330129,0.93845936707012
0.191460148529789,0.265959386859585,0.951837711574031
0.185563952758158,0.264792363181826,0.944682092016585
0.17540164905211,0.275475629243041,0.944182107666232
0.164096358336351,0.268076425063817,0.95332799160339
0.169490268394647,0.270705053854655,0.95737236032604
0.1572742696466,0.271981675939965,0.944882988988967
0.150308238887173,0.269766524562318,0.95323900870534
0.158549674246875,0.276284523308858,0.945366224432213
0.141280950594117,0.27031904877405,0.949939486997763
0.142232288196986,0.275779543724776,0.957006549342475
0.1333697449888,0.270729292240514,0.957309110789101
0.117619102565956,0.279493670991233,0.956221403682819
0.123889193147114,0.269196857528538,0.952735071971653
0.112490308957971,0.277598005125068,0.958626899447363
0.109915844446603,0.281156842276081,0.955591450343546
0.108802234724095,0.27707162190423,0.955620028976662
0.0915469550584957,0.279189640395267,0.959119522472224
0.0823006093727093,0.281251927887564,0.952156582644754
0.0863850569541367,0.271270175799241,0.946353937499277
0.0845695760150962,0.28114961279177,0.946552892939046
0.0620217977639042,0.282261540836699,0.958155629049703
0.0661442377782699,0.288830350279986,0.958469662311653
0.0580930080628169,0.289533219841376,0.9672473187126
0.0525979464426834,0.283890656411058,0.962255227197681
0.0439327879120826,0.278476515451103,0.956602061709342
0.0417002945643474,0.287419305184504,0.951577534304231
0.0314951999149006,0.284091111225041,0.961938512547648
0.0278329482412332,0.291533566733727,0.960112923482087
0.0215328523553411,0.279180322900401,0.958853988521572
0.0200251103315387,0.286118878441302,0.956835512980116
0.00830889571180809,0.299185852600977,0.956609926629178
0.0055507507042594,0.286237208720835,0.952890479083669
-0.00823537091065974,0.295916030828824,0.959369727135877
-0.0115751261787738,0.307507925256241,0.960657855368588
-0.0113830733422114,0.303446977948719,0.943474070574343
-0.0198425894366097,0.294538762715375,0.9564044862652
-0.030550790915147,0.298104847350078,0.943933501386594
-0.0307905292225802,0.298448152246842,0.954390435318445
-0.0354706642960432,0.293230446834318,0.956881374672157
-0.0451259601534349,0.289548203745741,0.952083037533302
-0.05230876948055,0.293515835812562,0.955621703826103
-0.0549584491969688,0.298159659622152,0.949782699124917
-0.0527248416345765,0.306092565943649,0.950962909947095
-0.0666169392018997,0.308584310605599,0.960223613469851
-0.0674734436315072,0.300185945119748,0.947654470912682
-0.0751598657471803,0.298289892869486,0.944487733851077
-0.086619512153221,0.308181050144887,0.949874406665703
-0.0895381752872977,0.30981819027337,0.949449386448732
-0.102369042394603,0.309197397465024,0.949818609204285
-0.103025073493705,0.3037139323062,0.943837085824712
-0.108603363070444,0.302568413147262,0.943084648032022
-0.121809981139375,0.304769328780328,0.941227594792258
-0.117374450868242,0.31542861167771,0.948881896234892
-0.120907289804381,0.312325746067579,0.945410819310937
-0.128262514838232,0.306086088817886,0.945779927221561
-0.143868376741542,0.313619411312377,0.93635066864147
-0.148583142463574,0.309047916093663,0.932860814397359
-0.149497478442342,0.31765835403601,0.936951962514288
-0.152936931413162,0.313704491641154,0.943045335104649
-0.162036271120898,0.315148059366282,0.948075178266269
-0.161333708267187,0.309802538632737,0.94004898175617
-0.177496889133466,0.315309485064565,0.934573372822419
-0.174327077596682,0.314061479446438,0.934455510614127
-0.175619970843053,0.307307839655872,0.924985396165405
-0.184275500862577,0.316152632721212,0.928744461910607
-0.191401839043409,0.329524421284402,0.920955455994897
-0.206327294520212,0.318807981477845,0.925960505493376
-0.206998180309077,0.31841914868171,0.930512716779087
-0.21781943779924,0.321786961846618,0.927783333852906
-0.217123630216132,0.318441669299727,0.921821142694567
-0.226303197856053,0.319338713139945,0.926331642456639
-0.231409506588564,0.320231561102348,0.914097342308287
-0.235508254829071,0.316426404983241,0.907921603224901
-0.240830743554682,0.318240403511594,0.91239233229446
-0.243586868166303,0.330083235475982,0.920317489407563
-0.258167788862443,0.330538842235144,0.912388613208004
-0.252501091230756,0.328138514760299,0.912969756539012
-0.258696466920427,0.325761161330742,0.904684349032338
-0.276655871970738,0.328163788307028,0.906827202584442
-0.279329904867974,0.329742590646524,0.901292740133604
-0.283362557680555,0.33405979710346,0.905145741093551
-0.281038545816846,0.325518642525882,0.898337537410256
-0.289066429211739,0.325255986088511,0.906570642309486
-0.296723081417465,0.32977758789773,0.899984656653919
-0.301536516409692,0.333827939880548,0.88926825929724
-0.317767203768388,0.32924233949627,0.887254697032863
-0.312180606980756,0.337910731542766,0.88433516868383
-0.315790108434366,0.338952931296503,0.885378232453577
-0.330159395755611,0.34085319164095,0.883066549342413
-0.335927237135405,0.338431107816426,0.884007963413174
-0.343608598097263,0.347277913557056,0.868285220436084
-0.349901131016035,0.344841721902029,0.878262465234601
-0.349277651777255,0.33955487135194,0.87786508081912
-0.356864762640608,0.344912473493747,0.875232853529445
-0.358125169369296,0.342002032129139,0.866106234853792
-0.367540242913369,0.339876225802944,0.871862482572526
-0.369796312704413,0.340334997093746,0.859259719083177
-0.379588042068364,0.343476541273543,0.86675970654012
-0.373068826149719,0.34693916036526,0.857382224805539
-0.386351841230836,0.346738253207217,0.860950093499398
-0.384912097414924,0.335086782380058,0.853332749806482
-0.399868424865257,0.34409596200455,0.859510196170668
-0.404154873929836,0.338803509924176,0.848955113508712
-0.40610360237984,0.345914493695079,0.849670244846339
-0.407845644892113,0.350641101206394,0.841058340738867
-0.414101734455192,0.348073702134289,0.840510962981422
