0.999999956226954,5.37667131700993e-05,0.000183388498783684,-0.000225884682804478
0.999998398999237,0.000140213629658218,0.00177774042672674,-0.000148250043806435
0.999987612346619,9.75416549861015e-05,0.00493688084009782,0.000626774683464464
0.999967606059286,0.000373268790993666,0.00792692834512039,0.0013458489819709
0.999937217759419,0.000440847469370659,0.0110453863370475,0.00183456635926538
0.999896808261237,0.000414521786313225,0.0141574174021579,0.002401777088254
0.999843882183446,0.000546310230930009,0.0174238347184517,0.00288492446546611
0.99978129723897,0.000416618314238931,0.020619268428139,0.0034684131574891
0.99970768572309,0.000452813826256324,0.0238468416013742,0.00395805652579169
0.999626115124801,0.000404740827098454,0.0269998556593199,0.00429813212193263
0.999623542601003,0.00119151168688895,0.0272293432712522,0.00314900662699439
0.999541170179913,0.00110412536860345,0.0300415270273654,0.00370630225488837
0.999443261322797,0.00112739403203075,0.0330727003601307,0.00425357144483698
0.999334476440249,0.000939750828153079,0.0361680949571608,0.0046465012044804
0.99921442470828,0.000950851567368088,0.0393056089719053,0.00496975246317199
0.999085678734996,0.000931412854049853,0.0423946748302355,0.00544339625284298
0.99894211935219,0.00101544152944973,0.0456113504043176,0.00576331301856457
0.99879967260967,0.000996440939688169,0.0485949194056057,0.00606258263708806
0.998633811274387,0.000967289647066967,0.0518522562175018,0.00639678477707603
0.99846556747487,0.0009850730683502,0.0549335284010463,0.00691719997878306
0.998123077594979,-0.00232799762912448,0.0605671189399413,0.0087479427684954
0.997900030613803,-0.00253718035753793,0.0640539813114495,0.00928326962647774
0.997680258796157,-0.00301197173526221,0.0673092039264472,0.00972112655439211
0.997447966558526,-0.00309309508571787,0.0705805834817989,0.0103134866277611
0.997194262765874,-0.00344178593073644,0.0739980723422391,0.010772265595704
0.996944497856285,-0.00390105675524938,0.0771833756019747,0.0113655831771848
0.996673537503786,-0.00423411165949887,0.0804918079580687,0.0120416273727842
0.9963877213465,-0.00452123142091474,0.0838391669960888,0.0127303296803058
0.996086220281002,-0.00492618600406064,0.0872334621462702,0.0133528101812568
0.995780024802168,-0.00529377453309813,0.090578553370448,0.0137711228846661
0.995926035246516,0.00106313534806905,0.0894262772362122,0.0115387608112379
0.995661997745001,0.00167053040903673,0.092280061669294,0.0117807382152762
0.995402727101413,0.00200624822046508,0.0950039731055959,0.0119846126887341
0.995109651802868,0.00216219305038134,0.0980011698216127,0.0121604491521892
0.994819542646627,0.00251829575587598,0.100861717837482,0.0124358204278415
0.994509923855954,0.00280607210372093,0.103823293542843,0.0127617016611843
0.994201599306035,0.00329303615647248,0.10671965039839,0.0127770133066781
0.993867191610979,0.00353396743549997,0.109765377590484,0.0129258808554092
0.993533242054254,0.00398121038768983,0.112689211120437,0.0133037060274908
0.993198920034169,0.00410701560781573,0.115577236511159,0.0134513964405605
0.992175310327379,0.000601643316909046,0.124178625269396,0.0129406579543308
0.991745921424547,0.00040830576482121,0.127548454343775,0.0130863447414532
0.991301169870637,0.000439282558798067,0.130938472156561,0.0133009079857247
0.990847962830426,0.000136367816413086,0.134315277444084,0.0134053050592989
0.990369795045895,-0.000107547525101188,0.137776461170014,0.0136126500634213
0.989904304037072,-0.00017953762124551,0.141055823247816,0.013881330736082
0.989414505302884,-0.00023892708490548,0.144436393412779,0.0140359491309348
0.988934997331741,-0.000363037176299255,0.147670876064262,0.0141686844446043
0.98843446190725,-0.000559135343969707,0.150979121663444,0.0142234561034358
0.987935584076186,-0.000694052431108623,0.154185076861458,0.0144831654169526
0.987717591766225,-0.00375413638465065,0.154924631488149,0.019955548947509
0.987184885664882,-0.00424290878056859,0.158182848706377,0.020644263489631
0.986635577503681,-0.00472724389914125,0.161472153677675,0.0213221470726766
0.986103134730191,-0.00520743148127986,0.164597264922748,0.0219369713636343
0.985506881545707,-0.00570664263031797,0.167998589426516,0.0228055827955796
0.984969462354923,-0.00610054910710391,0.171026940133921,0.0234035740277981
0.984387340850185,-0.00655657635084785,0.174253788064611,0.0239623000897319
0.983828240378818,-0.00719184599092021,0.177254093379867,0.0247236155212423
0.983228005651028,-0.00757397075869997,0.180445851668453,0.0253893380396954
0.982631101450032,-0.00795790228260662,0.183544591951881,0.026156701236475
0.982641096559886,-0.00437592641954516,0.183769429496184,0.0250224579568707
0.982073514006874,-0.0043961208582882,0.186694773297293,0.0256388149309347
0.98148405839571,-0.00450376730821985,0.189685651093289,0.0262319073731796
0.980916002017945,-0.00452290160880762,0.192534211121527,0.0267192420172836
0.980334336392927,-0.00456220935248093,0.195401942084656,0.0272370366304395
0.979713550040792,-0.00448848487578773,0.198418507180237,0.0277724571897
0.9791016888063,-0.00452104989178444,0.201341788268832,0.028300660438167
0.978473470395412,-0.00463401934662467,0.204292606000952,0.0288569702220095
0.977845713237452,-0.00463437095634906,0.207202354498702,0.0293848260020679
0.977223970802815,-0.00474814441443751,0.210040592428436,0.0298950756030068
0.976028060707693,-0.00403219437761721,0.215949436101774,0.0268105793858955
0.97534817560439,-0.00404451156401988,0.218993743938071,0.026857371192708
0.974641878350489,-0.00397203503646838,0.222080421320728,0.0271609714315939
0.973943285453789,-0.00390300884192076,0.225087722306533,0.0274729049850228
0.973225437481916,-0.00376345721688816,0.228176903371387,0.0274478595842145
0.97249056193449,-0.00374856833819269,0.231266964836269,0.0276341484249651
0.971731547162422,-0.00371650719063877,0.23441342976409,0.0278268174584137
0.970998173300418,-0.00380498042771579,0.237419111304757,0.0279326897819637
0.970238576056379,-0.00380687616067942,0.240485698707721,0.0280934501805503
0.969468136180038,-0.00402513296545388,0.24352997614708,0.0284338170848943
0.967138395254066,-0.00824738073245374,0.252527889814147,0.0283719932760871
0.966179605554659,-0.00866950469564975,0.256161603845587,0.0283379994677057
0.965165294548924,-0.00906001416680181,0.259930087869209,0.0284643595025598
0.964198239088864,-0.00943667209337483,0.263469325393636,0.0285765556769752
0.963188225811489,-0.00980884119544048,0.267116933845995,0.0286491177042859
0.962125931769472,-0.0102826886619955,0.270911109221627,0.0285504576305536
0.961088061915788,-0.0104277737554896,0.274549317960719,0.0286996652378215
0.960061709380034,-0.0109810799054447,0.278081943478227,0.028833362234936
0.959052666267424,-0.0113116540678631,0.281513929809315,0.0289816688772479
0.957979299471058,-0.0118006075610541,0.285104018394385,0.0291908571560503
0.95987186074126,-0.00797413791570268,0.278114251267323,0.0351409636127014
0.95908173813412,-0.00803886100311322,0.280747030120368,0.0357589341284398
0.958261094330334,-0.00814546215820404,0.283439847661946,0.0364853298797433
0.957431581473352,-0.00811542128559734,0.286133990043683,0.0372323310642056
0.956583199655205,-0.00803992152355286,0.288859848476758,0.0379990754794132
0.955789062287171,-0.00801495239380122,0.291395976168554,0.0386188299034457
0.9550132028436,-0.0078787967080302,0.293846032222904,0.0392710619120434
0.954146542602656,-0.008028567292202,0.2965334625218,0.0400976676561605
0.95331949311677,-0.00808884280924039,0.299119415404142,0.0405473796178902
0.952549011257258,-0.00808189594322829,0.301503427310957,0.0409969197688062
0.952784248926034,-0.00448859490759135,0.300888783147224,0.0405951683133876
0.952007560437032,-0.00408144834220837,0.303277475057642,0.0410818667153913
0.951241222949009,-0.00364854236016077,0.305591697799296,0.0417197571572898
0.950448234726352,-0.00324168325582493,0.307979665727623,0.0422631055831322
0.949653731518932,-0.00296328089825213,0.310372416574169,0.0426376853076708
0.948916627658709,-0.00265677038987122,0.312545825277387,0.0431889155408527
0.948111228749779,-0.00227134912396194,0.314920976036083,0.0436430721217137
0.947317983281626,-0.00196802315312076,0.317223993396913,0.0442007177477617
0.946513358061389,-0.00161459373707118,0.319553112811653,0.0446728574281916
0.945774680595278,-0.00123055223767636,0.32163879259172,0.0453566575733857
0.941532789698877,-0.0122266523367522,0.333697525107478,0.0448606356579045
0.940369098779569,-0.0131642004836856,0.336866549104966,0.0453165530489476
0.939168038988393,-0.013834647323511,0.340154059874425,0.0454666100240286
0.938029411312329,-0.0145819428446784,0.343194385589227,0.0458890417850834
0.936805553251136,-0.0153672259453561,0.34643049351779,0.046315407000238
0.935612167746557,-0.0159952800284912,0.3495546278802,0.046750237528109
0.934383696958864,-0.0166934513566619,0.352724059961718,0.0472670399264627
0.933186831393008,-0.0175156994097909,0.355801851454256,0.0475455622596645
0.931966328342968,-0.0181291265526781,0.358902815179108,0.0479464999960814
0.93071141130683,-0.0189044108977826,0.362058289813865,0.0482978973550209
0.930987077112076,-0.0105086917763641,0.36167542527107,0.048409879182384
0.929837017450974,-0.0104571979315313,0.364561352398018,0.0488752322452332
0.928749036792652,-0.0103616391339053,0.367275012501257,0.049263863869784
0.927666035527541,-0.0102345165026935,0.369948340707838,0.0496911099502538
0.926522438236429,-0.0101787660422144,0.37274234263125,0.0501568557232888
0.925377351969874,-0.0101307817533823,0.375514427398464,0.0506264608469967
0.924162090031997,-0.0100993963812568,0.378402689838843,0.0513209300690572
0.923002042722382,-0.00987988951751067,0.381174575781741,0.0517258126184766
0.921744622012652,-0.00983800438430512,0.384135246166122,0.0522511063364122
0.920589056669228,-0.00963913365119379,0.386847174818761,0.052651108042071
0.919293679661887,-0.0143579695466472,0.389718262676996,0.053034469736484
0.918110966684781,-0.0148264265522635,0.392421786053917,0.0534562602421948
0.916858467718337,-0.015362750329322,0.395257203007443,0.0539099206661947
0.915610643021049,-0.0156547587948235,0.398071488764539,0.0543246605736305
0.914407278920243,-0.0161786103070324,0.400750502480324,0.05474135171859
0.91311069872902,-0.0165638473788888,0.403631025445434,0.055104320379415
0.911825157216553,-0.0167827581575874,0.40645650457018,0.0555547620661229
0.91058985373673,-0.0172083256227547,0.409164027346489,0.0558103084258107
0.909278899675819,-0.0175924363445555,0.412004081527989,0.0561696144910465
0.908008864819043,-0.0180681953724823,0.414732213652407,0.0564856856645119
0.905039671783942,-0.0151529260862317,0.421638448714843,0.0538014859792862
0.903543693372309,-0.0152100928264419,0.424821299654836,0.0538916561529986
0.902043022486765,-0.0150254925104687,0.427984465937882,0.054054759953455
0.900529444243295,-0.0151608098227003,0.431144804781709,0.054138961997107
0.899014324338134,-0.0152618849010473,0.434310049472835,0.0539916700150851
0.897560210081538,-0.0154143727426493,0.437280734726563,0.0541629525444429
0.896049266747903,-0.0153054158793207,0.440362133641602,0.054246170924052
0.894560779662045,-0.0152951878000035,0.443367766206277,0.054333163076076
0.8929479693852,-0.0154355698906304,0.446589931535145,0.054434366023979
0.891411144638655,-0.0153259036834571,0.449647089867174,0.0544865347060062
0.893596600915845,-0.0188380307740908,0.444229071981806,0.061569270211572
0.892384023376805,-0.0192395642527282,0.446551804170247,0.062226041023745
0.89114792410601,-0.0197494977989626,0.448890724114438,0.062948014283647
0.889930535314166,-0.0199869102691139,0.451162385168136,0.0638487896732192
0.888685649411695,-0.0205643375247367,0.453485460962749,0.0645434833835681
0.887458270542155,-0.021019366850756,0.455740789314881,0.0653937093164951
0.886192011263028,-0.0213692516962404,0.458081117207942,0.066096628605821
0.884892457105993,-0.021712596890997,0.460462111640307,0.0668471857067776
0.883610616236985,-0.02212749007076,0.462801159654066,0.0675110337597872
0.882369576519107,-0.0225023331921011,0.46504421293156,0.0682015795511281
0.878081038160649,-0.0201316851410043,0.473918931446893,0.0630020007010541
0.876453602697976,-0.0202413921457205,0.476900321230845,0.0631304361751031
0.874874483053811,-0.020347538729532,0.479762826553489,0.0633107165208533
0.873304226646785,-0.020440783057694,0.482587817686806,0.0634893717809138
0.871681476319894,-0.0204557309085367,0.485473433518408,0.06378489054326
0.870109423016269,-0.0207412509605132,0.488266617322584,0.0638365326067293
0.868442091113246,-0.0208247789729036,0.491207107097175,0.0639549912110662
0.866796223123446,-0.0208882433377241,0.494083320828812,0.0641066373160192
0.865127696290694,-0.0210322585783293,0.496970726936371,0.0642791550830161
0.863548049778539,-0.021033265388204,0.499726821211413,0.0641519417689521
0.864612382031969,-0.0199038538010066,0.497392398300945,0.0681914038080088
0.863203769873487,-0.0199070250877595,0.499749111813053,0.0688025237212973
0.861732213472698,-0.0198084475660888,0.502191592576739,0.0694897259579014
0.860386340673705,-0.0198316891484144,0.504452377743599,0.0697842924766116
0.859045019433455,-0.0197594162750051,0.506664508009808,0.0703014678241099
0.857490199241362,-0.0197985675718465,0.509215076672528,0.0708419410836807
0.85602609340741,-0.0198556437982307,0.511587135683037,0.0714400687193925
0.854610195632731,-0.0199339295728028,0.513884012607006,0.0718837503146115
0.853224978403423,-0.0199776437681914,0.516116423640858,0.0723316474727408
0.851781403158557,-0.0198969837904731,0.518432860145935,0.0728005548755387
0.846840472852432,-0.0259668888165705,0.526490726297573,0.0706714181753242
0.844960136616361,-0.0266240557487528,0.5294248480072,0.0710130797621245
0.843181363266098,-0.0273466476825056,0.532190237803801,0.0712102540901764
0.841365498450018,-0.0280447152220794,0.53498675317721,0.0714616392967047
0.839524772641172,-0.0285566347977496,0.537802029524577,0.0717750079767529
0.837613193794752,-0.0292958180507272,0.540701643733006,0.0720251698374931
0.835692478783847,-0.029971142366608,0.543599567883204,0.07224487058985
0.833693103723488,-0.0306324180839368,0.546576240451584,0.0726076933943027
0.831766566149097,-0.0313562985625288,0.549428827645554,0.0728637449561186
0.829800056938703,-0.0320607951359528,0.552342514161592,0.0729501060275287
0.827635283962732,-0.0270733008681955,0.556066861769119,0.0712496902608822
0.825705401170715,-0.0271065912882689,0.558943554424384,0.0711190983750145
0.823768527444064,-0.027354056648406,0.561750391935618,0.0713699232008393
0.821795968604886,-0.0274738845331065,0.564626313939728,0.0713701426386081
0.819930738549404,-0.0276050302490764,0.567325239810697,0.0713695912872687
0.817925682377016,-0.0277895827115479,0.570189666522993,0.0714776985584269
0.81594487447486,-0.0280377802490121,0.572999512484555,0.0715500062150671
0.813899730515724,-0.0282076722325974,0.575879282914825,0.0716561749129654
0.811845834267883,-0.0282885146066964,0.578761153604326,0.0717051490607336
0.809786819911592,-0.0282995605525393,0.581623251838097,0.0718250241300549
0.81072363257249,-0.0342084904488414,0.579358034555975,0.0768195194277857
0.808881259848987,-0.0349566108940869,0.581815100632686,0.0773326030577792
0.807071357982815,-0.0356580162653673,0.584205639363898,0.0778980098283193
0.805250893654562,-0.0362397552614813,0.586611043436045,0.0783910844802594
0.803455335895131,-0.037093136342005,0.588949820708441,0.0788779509460755
0.801629027332793,-0.0377736518650833,0.591316161503173,0.0794307931938844
0.799718711541351,-0.0383722946896921,0.593782780195984,0.0799972459127001
0.797885048782124,-0.0390396653901337,0.596124759704594,0.080564411021958
0.796094358810342,-0.0397783850957018,0.598366911867989,0.0812926240878886
0.794259645338642,-0.0405588491085996,0.600684247119943,0.0817620376915088
0.790165235595109,-0.0349985395624406,0.607024816883109,0.077038135838368
0.788153565619703,-0.035106537042945,0.60963690229452,0.0769697045501828
0.78624613614215,-0.0353054705922905,0.612100299074985,0.0768359357339492
0.784264060695033,-0.0355438293022763,0.614623239982811,0.0768426455407452
0.782196292741023,-0.0358622219039052,0.61723400417124,0.0768442890334239
0.780083250137582,-0.0359438837524221,0.619896447495309,0.0768541115248556
0.778045121554191,-0.0361109845135789,0.622455496835337,0.076752459782466
0.775889735881686,-0.036099809040043,0.625122163219279,0.0769038529123751
0.773898456896285,-0.036198266121487,0.627572438900772,0.0769655629192888
0.77182434281295,-0.0363289402699812,0.630125866235996,0.0768686193485629
0.771057770092201,-0.0376700819459575,0.630539916483506,0.0804381366492303
0.769086277007226,-0.0379769601502009,0.632861447974753,0.0809347680803077
0.767114050209741,-0.0381432362439449,0.635184609963369,0.0813734524604228
0.765059697661638,-0.0383611056952967,0.637604904857721,0.0816827392114968
0.762974306001194,-0.0383606650609384,0.640034210736742,0.0821880577984014
0.760869433111134,-0.0385216250020285,0.642485197332156,0.0825018870899644
0.758852739272877,-0.038902304823985,0.644790740333697,0.0829097820365932
0.756769984786785,-0.0392240256617153,0.647166806806819,0.0832813911036765
0.75473759667867,-0.0395384444734709,0.649462100016139,0.0837069424298227
0.752734564950535,-0.0397201120988473,0.651722894373823,0.084084816540151
0.751821182235266,-0.0435751977528011,0.652419243920558,0.0849425820498684
0.749944442975728,-0.0442683569256482,0.65448543344939,0.0852787337352726
0.74798682068797,-0.0448136685865996,0.656627106142986,0.0857221946942566
0.74587824676754,-0.0454937708833781,0.658911693321764,0.0862052098984577
0.743914583357693,-0.0460307892937941,0.661045961589959,0.0865476502878386
0.741899169186163,-0.0466657088877234,0.663224818301698,0.0868376344885437
0.739979049015882,-0.0474720305724589,0.665254214906839,0.0872596291509601
0.738005289731311,-0.0480980774306742,0.667347329087981,0.0876487857030275
0.735931378622253,-0.0487867419980788,0.66951340666745,0.0881853619197001
0.733852005535423,-0.0494731080311854,0.67169540796204,0.0885377008741585
0.728532943292331,-0.0456148268297162,0.678150515011801,0.0852696728053837
0.726174707322412,-0.0458802863052698,0.680650917012868,0.0853207064158362
0.723898397425161,-0.0460402997324778,0.683037989553487,0.0855014960837437
0.721563101510974,-0.0463600666108498,0.685481918044702,0.0855100859282634
0.719431487914096,-0.0466069187992886,0.687703002085912,0.0855026914182933
0.717127327785221,-0.0468950888983662,0.690070827720931,0.0856241736275015
0.714618688852365,-0.0471554814616314,0.692650148220563,0.0856286300315546
0.712344616832837,-0.0473749830104186,0.69497113571835,0.0856497423953392
0.709934944001251,-0.0475943635383277,0.697395134169644,0.0858322706318874
0.707597806660474,-0.0478581178144166,0.699762238972697,0.0857190380047903
0.706559634716302,-0.0481722736166179,0.700522073791332,0.0878734247384471
0.704199957828399,-0.0485015053439579,0.70283742225627,0.0881452281749411
0.701864037369276,-0.0488482096261745,0.705123720240037,0.0883247678676125
0.699530433910017,-0.0491703745861499,0.707365165781177,0.088735384915427
0.697188083913595,-0.0493026125690961,0.709625747967058,0.0890467622372903
0.694920947063147,-0.0493848192953175,0.71181102309924,0.0892809293771112
0.692656452456521,-0.0496667600576949,0.713976435806265,0.0894309841671252
0.690365550347022,-0.0498299038973598,0.71615548102689,0.0896309911067422
0.688145442452881,-0.0500739462639464,0.718232493788467,0.0899474002030327
0.685718870215804,-0.0502483249141878,0.720500911023586,0.0902395372742012
0.685817735200543,-0.0554382097905178,0.719834818499902,0.0917522373287649
0.683620034377859,-0.0560453143687107,0.7217912998338,0.0924115296852095
0.681537318142841,-0.0566462671834448,0.723661811187554,0.0927990701547968
0.679486774622745,-0.0573774787307025,0.725463860470443,0.0933152463352467
0.677299714503526,-0.0580522895481356,0.727384898768319,0.0938415550567205
0.675096934451437,-0.05887323710155,0.729334154555104,0.094073173895899
0.672780857866623,-0.0595324797240331,0.731372847819499,0.0944222358269194
0.670626443105657,-0.0603950207783,0.733219863861711,0.0948748992687652
0.668423992296299,-0.0610690993783091,0.735125064245058,0.0952421731298616
0.666295001426068,-0.0618577335483764,0.736942818274042,0.0956026907006644
0.661310821249478,-0.0583415029449006,0.742074024602899,0.0926844579318778
0.658896063626637,-0.0585943231706074,0.744192158043476,0.0927400373953674
0.656496801365106,-0.0588915714919673,0.746278637162065,0.0928004758615062
0.654058340474034,-0.0592728219253706,0.748384944596921,0.0928137626541342
0.651719931263929,-0.0595968195497563,0.750394529884007,0.0928299510559693
0.649291684741205,-0.059891114506049,0.752458032266007,0.0929530645407649
0.646743125236577,-0.0601879928004583,0.754607764231674,0.0931013299752041
0.644213919138857,-0.0604714472846431,0.756735297196514,0.0931843357435002
0.641675958618681,-0.0608973869985546,0.758860439179733,0.0931359556534799
0.639259950662847,-0.0612766037355925,0.760886797969842,0.0929686720802571
0.637253281867422,-0.0593275127519471,0.762476185011407,0.094966142757926
0.634879666879666,-0.0596818757109494,0.764417501231661,0.0950356044076721
0.632422407051593,-0.0597616380230446,0.766424313045358,0.0952061870511722
0.630049660368786,-0.0598864251990568,0.768346592348324,0.0953653793196127
0.627525457102491,-0.0600271724893006,0.770391912687771,0.0954192858730751
0.625050562189007,-0.0602528580084307,0.77233274418836,0.0958306843526615
0.62254981487569,-0.0603925423420681,0.774329204137608,0.0959101269278952
0.620135674566654,-0.0605482519967136,0.776233905957539,0.0960550756170972
0.61770773065079,-0.0607104527943862,0.778122471169055,0.0963162513676429
0.615200738091713,-0.0609129010508008,0.780057973447775,0.0965775770949872
0.611986446659083,-0.0674384595083755,0.782046393336631,0.0965819960132004
0.609385120191841,-0.0682829638189656,0.783996608807542,0.0966257187251342
0.606881400248338,-0.068925836323641,0.785821086860112,0.0971051727030845
0.604249320652605,-0.0697147860326901,0.78777229742211,0.0971463561518008
0.601548032377476,-0.0704353830934401,0.789728907681442,0.097504225157397
0.598930917359444,-0.0713102541807535,0.791599344084507,0.0978114631555547
0.596205868894257,-0.0722426012998885,0.793532395830897,0.0981116976733536
0.593591998137884,-0.0728655326209619,0.795426968501921,0.0981585028532017
0.590983597853864,-0.0737938440114451,0.797257300000186,0.0983547317119595
0.588220533468634,-0.0746053287727716,0.79921142238706,0.0984466924311622
0.587528196417889,-0.0696952596532332,0.800123856440145,0.0987674215070924
0.585045932357272,-0.0699178118553194,0.801917904566321,0.0987948933575758
0.582558846626171,-0.0701908347473291,0.803672881475197,0.0990370461817807
0.580023643776338,-0.0703516151727654,0.805450576969831,0.0993609126466161
0.577552874623539,-0.0707532231029614,0.807179824154121,0.0994353554484074
0.575151255335106,-0.0710277162727245,0.808840657732083,0.0996638721255772
0.572495808891541,-0.0710807493098644,0.810689785039038,0.0998906818102989
0.569989489246222,-0.0712326082197606,0.812411769682044,0.100124992669814
0.567394339189593,-0.0713648725572865,0.814193420770533,0.100298516412083
0.564806663577239,-0.0716784327641461,0.815928095131006,0.100583192587583
0.56108908306745,-0.0770765407636515,0.818102017370189,0.0997363369152082
0.558516892226125,-0.0778382551019698,0.8197711029973,0.0998770535775927
0.555856624151814,-0.0784482083299847,0.821530989165253,0.0997803880405662
0.553033493501005,-0.0792543471314234,0.82334224504297,0.0999012064714332
0.550425010918013,-0.0798937829916294,0.825019493463727,0.0999606232475955
0.547835002143797,-0.0806069557446143,0.826669185478342,0.0999869336076809
0.545130973276371,-0.0814035758299373,0.828368687134909,0.10005497484505
0.542518834586804,-0.0821813622061055,0.829999093547239,0.100105157386054
0.539686577616603,-0.0830052843667885,0.831773592206753,0.100006059892101
0.536866401860942,-0.0836301980871843,0.833553522002531,0.0998447919420978
0.53864481693572,-0.0767887323719401,0.832511802925863,0.104352047215774
0.536372976190927,-0.0767431519717144,0.833907226530871,0.104944064039482
0.533996482165325,-0.0766838168420292,0.835377848302826,0.105409676190259
0.531724364572874,-0.0766309707995466,0.836759947601534,0.105970205830558
0.529303916593263,-0.0766120132540659,0.838222814244398,0.106538617338462
0.526990494537412,-0.0765663392112533,0.839623182720422,0.10701180030926
0.524728444830419,-0.0765111922095327,0.841031078043043,0.107111261864858
0.522379869755594,-0.0764729798170328,0.842460192872118,0.107387049768143
0.520027662640804,-0.076319117224229,0.843894354882997,0.107651940210412
0.517804487650022,-0.0764995459048755,0.845185894844484,0.108107054357126
0.506670971317838,-0.0842857602432928,0.851970568742497,0.101619818148997
0.503326554384076,-0.0849861986479924,0.853899844405594,0.101463202272154
0.500157843593844,-0.0856725625462997,0.855715015948605,0.101262801651869
0.49690749274849,-0.0865904052369687,0.857536731538792,0.101073237966694
0.493759495286739,-0.087351223526473,0.859297558290069,0.10089118335781
0.490635572239763,-0.0881291325016182,0.861023256725369,0.10074196064953
0.487394503398661,-0.088982304922184,0.862802318048352,0.100503270782092
0.484397478760185,-0.0897021736027302,0.864441308874129,0.100268769483352
0.481092276278462,-0.0903433849944279,0.866262866125057,0.0998846397889068
0.477842323245301,-0.0911347869097739,0.868003425276607,0.099655498787182
0.482779066582152,-0.0899623495013887,0.864745136908212,0.105104694166599
0.480329204111298,-0.0904893076521453,0.866007219403961,0.105484770553203
0.477980830100172,-0.0909393359908321,0.867244235105651,0.105602082850251
0.475351215129359,-0.0914970835831599,0.868569043493598,0.106100530891387
0.472686039816089,-0.0922895218354863,0.869890794436822,0.106492054522551
0.470094459317639,-0.092877253986771,0.871195881369181,0.106783665867533
0.467373945794345,-0.0933869136420411,0.872592483020724,0.106877676475335
0.464892726103983,-0.0941465232557053,0.873781227117219,0.107319860752788
0.462475388433824,-0.0947647550574136,0.874948281557726,0.107711006359949
0.460049702075007,-0.0952868921040643,0.876155002311195,0.107828993034881
0.456337221312743,-0.091125570845222,0.87859407298568,0.1073542067044
0.453659688641653,-0.091257100990614,0.879951419302383,0.107473383160989
0.451081436300406,-0.0914495503996855,0.881236712877851,0.107630727179086
0.448461432619658,-0.0915746792656154,0.882539622270169,0.107797201695367
0.445746994713802,-0.0916747074979998,0.883877374753376,0.108009958373524
0.443094089284214,-0.0918024037307174,0.885171264638808,0.108220972867502
0.440368892125147,-0.0918591195992315,0.886481434412488,0.10857166958697
0.437557943089494,-0.0920588853104887,0.887821270410471,0.108819115422885
0.435003476348943,-0.0922706779272071,0.889026861035355,0.109038240616821
0.432301603179982,-0.092315358456988,0.890293421849245,0.109411249389347
0.429630327792964,-0.101479987428024,0.890775183731456,0.107884964848252
0.426956270271357,-0.102613982801654,0.891895804418074,0.108169255664398
0.424427565026476,-0.103720175752931,0.892980247615356,0.108118659611999
0.421772988473803,-0.1046975443225,0.894123811603822,0.108113736082743
0.419229874637676,-0.105714422909083,0.895178408189419,0.108288459734801
0.416438162630851,-0.106882243088065,0.896360202045348,0.108138018320698
0.413877816718424,-0.107988790799569,0.897392312470675,0.108307947116412
0.411086526671394,-0.109223057395731,0.898523429298933,0.108322843035359
0.408349864287631,-0.110254183954348,0.899616317581515,0.108558207418456
0.405766815402464,-0.111352285697817,0.900635915760914,0.108668796024954
0.398601618001053,-0.105237097804929,0.904737476977349,0.107200751514158
0.395681214728613,-0.105609196946272,0.90599517704983,0.107031831684319
0.392398104867461,-0.105910558037754,0.907399283005442,0.106926246514903
0.389179511740019,-0.1063749798628,0.908753800612056,0.106724885449148
0.385916567320258,-0.106620624477601,0.910124754311139,0.106646036465703
0.382766756554668,-0.107005179042742,0.91143805567942,0.106396298779467
0.379720772889354,-0.107269727476138,0.912702850589141,0.106201914907235
0.37649663472698,-0.107664398945233,0.914015881522433,0.105988818107335
0.373308548142549,-0.108085526934601,0.915303216190089,0.105727334133853
0.370026560016184,-0.108440803382292,0.916614917876662,0.10553686261375
0.368574588276371,-0.107701203377419,0.917019471460121,0.107835581469943
0.36561117759051,-0.107925570859517,0.918173800784381,0.107876825725882
0.362501718943364,-0.108122705150517,0.919378154480517,0.107915677535937
0.359723106203421,-0.108323545677935,0.920453253416694,0.107847598905798
0.35682512608809,-0.108664730881423,0.92153833597247,0.107865198223421
0.353777538880579,-0.108864163887816,0.922686646459362,0.107886047523226
0.350869484085637,-0.109128536424067,0.923761959673074,0.10791389871737
0.347926882127875,-0.109336376898553,0.924838105697985,0.108013515952574
0.34498564032765,-0.109431750392233,0.925942233292948,0.107891522272523
0.341852509410337,-0.109814175606382,0.927044895630196,0.108006805951042
0.33701973957126,-0.113729550292635,0.928532899096954,0.106348200850609
0.333797292309707,-0.11407325896499,0.929655580869679,0.106335131511998
0.330566888562078,-0.114463317309851,0.930757169278455,0.106370921842242
0.32731093745173,-0.115226950032991,0.931818649225231,0.106321705999437
0.324078933056852,-0.115756028161408,0.932904327940906,0.106126820371455
0.320827069471014,-0.116250330884079,0.93397159987375,0.106079699722668
0.317735186341626,-0.116887724552622,0.934934273628504,0.106205062045574
0.314554163687999,-0.117666883409423,0.935923517476715,0.106100669598591
0.311368638541631,-0.118380796199611,0.936904679168385,0.106043293876897
0.308184104395696,-0.119113845725286,0.937872052869929,0.105973874138398
0.30876419438988,-0.119234568166886,0.93754495278031,0.10703855162039
0.306018318923888,-0.119881174818216,0.938358507121826,0.107072893485229
0.303041842469494,-0.120441940352213,0.93926322663165,0.106976501225222
0.300111824635678,-0.12117025583475,0.94011918703061,0.106895163556126
0.297389500125454,-0.121803841034069,0.94089539637175,0.106954021013362
0.294414352201681,-0.12216208689529,0.941788328669746,0.106917527676705
0.291704277606415,-0.122569477172342,0.942572349512331,0.106970573648186
0.288872934083663,-0.123099934375806,0.943387984472286,0.10685478400093
0.285936610462012,-0.12361098261038,0.94422307688876,0.106786519965376
0.283033239680135,-0.124200843286536,0.945019854320329,0.106788626283249
0.281015357547775,-0.123956611535692,0.945434200893853,0.108716599740274
0.27830516193672,-0.124537799671613,0.946148793551729,0.108807323985738
0.275501487691175,-0.12493290852242,0.946891811785287,0.109025664052342
0.272657974127147,-0.125567876775877,0.947622763847668,0.109093697822489
0.269812567655901,-0.126138529744784,0.948332370373787,0.109343335187786
0.266887900410174,-0.126683205349384,0.949085545174833,0.109356490604103
0.263940661489543,-0.127154321994941,0.949837899667905,0.109430662818666
0.261033493332816,-0.127612564354743,0.950579229090406,0.109433440954594
0.258204070209801,-0.128140994313748,0.951272969072817,0.109500146186034
0.255380467287512,-0.128676727236157,0.951949080913661,0.109617809426385
0.249779475233169,-0.127618251621379,0.95376094651643,0.107999317152608
0.246618830234471,-0.127865649069124,0.954544604494356,0.108046871276431
0.243545035955853,-0.128262333308917,0.955313994392887,0.107748602926074
0.240593900041751,-0.128639387870598,0.956020151161813,0.10766593576207
0.237346667170718,-0.128896133665056,0.956800168597014,0.107637278309509
0.234166229752325,-0.129322274183251,0.957530140007774,0.107600916447518
0.230892248609649,-0.129697292182184,0.958286070755856,0.107495062807054
0.227828992108881,-0.130015077049325,0.958972718995929,0.107523738383967
0.224540134426069,-0.130387456751959,0.959717694659002,0.10734423930556
0.221481794176434,-0.130607228381764,0.960397987395344,0.107346506928703
0.224484719448462,-0.134670705499426,0.958817057646703,0.110182856108157
0.221889218690578,-0.135528972738102,0.959282858703113,0.110333445409007
0.219306933099929,-0.136402228227392,0.959731420235927,0.110519239233883
0.216785138178759,-0.137124770831992,0.960167199175741,0.110814939047513
0.214093855949816,-0.137760606096666,0.960636475166497,0.111190821708027
0.211530521179207,-0.13849244907886,0.961064881861938,0.111485304006815
0.208936949668869,-0.139209370519708,0.961512480481168,0.111623707614143
0.206388648955895,-0.139932815006923,0.96192125075539,0.111937662167762
0.203812792383053,-0.140796023378816,0.962337986657644,0.111992968071418
0.201270866309851,-0.141585218537032,0.962733479442904,0.112195863678043
0.18936859617903,-0.138319632613737,0.966187044375448,0.107190528013535
0.185960433782223,-0.138693665089233,0.966819130842661,0.10697454168299
0.182551987941541,-0.139077398608894,0.967448496862002,0.106656714810779
0.179059046843804,-0.139331927959182,0.968096320639011,0.10636722032551
0.175651672729011,-0.139634009610302,0.968715244729437,0.106017016824837
0.172406350799312,-0.14022066500729,0.969246079097539,0.105717801069763
0.168970776676505,-0.1406813817474,0.969800613685258,0.105567017361851
0.165520801338477,-0.141131849291706,0.970357554732021,0.10531325374455
0.161999847775433,-0.141446709333892,0.970932707609646,0.105064527949026
0.158557893242022,-0.141778681817398,0.971512309229181,0.104508530221012
0.156804644883348,-0.140041011329405,0.971700357662206,0.107699737269806
0.15350832227377,-0.140153096428118,0.972186637145671,0.107914072806539
0.150151438881204,-0.140231523830532,0.972689423844629,0.108004397442302
0.14682381769155,-0.140604426051469,0.973157306648805,0.107879647984498
0.143430898561041,-0.14074434559248,0.973635165918678,0.1079498504317
0.140081874304082,-0.140799379605302,0.974111383546466,0.107979700126498
0.136864266626874,-0.140967027286406,0.974543118969356,0.107991569153347
0.133472572301909,-0.141099717076833,0.974990924448533,0.10802147715591
0.130171652758641,-0.141289671212935,0.975414660189441,0.107975971003473
0.126867135804806,-0.141587690796607,0.975808369941006,0.107961478410807
0.124592859917486,-0.148723555408076,0.975479800985965,0.103909004387223
0.121353184362896,-0.149605780216255,0.975812755926497,0.103348829417686
0.118161265902775,-0.150435587394105,0.976116313006202,0.10297569018376
0.114981358047426,-0.151233126643934,0.976421298616525,0.102514761449698
0.111692309660878,-0.151995674931935,0.976744797710482,0.101939898519245
0.108512282244307,-0.152828690400177,0.977005547545032,0.101629897465905
0.105466698326281,-0.153814409658389,0.977224221145157,0.101245861805983
0.10231650314235,-0.154445825669396,0.977508228350942,0.100774419493355
0.0990182218253815,-0.155325526047953,0.977728644107832,0.10057868161557
0.0957541434483395,-0.15626763926315,0.977939372738593,0.100230495255909
0.0960213556213714,-0.155515735544375,0.977726310342863,0.103179539280118
0.0931024913815914,-0.156099693831189,0.977895244925117,0.103371667478058
0.0901954204151923,-0.156707799872864,0.978078235377777,0.10329771089151
0.0871453285422817,-0.157498999231557,0.978223160231696,0.10334024260001
0.0842814517827803,-0.1581572137554,0.978374431634331,0.103278284971788
0.0811969544965382,-0.158812893177845,0.978518105227145,0.103381996902976
0.0781907534204203,-0.159487591617421,0.978683542707897,0.103094313288083
0.0754458799876656,-0.160152381062423,0.978785200697104,0.103143903984932
0.072456588633703,-0.160931994206963,0.978895536653913,0.103026522425939
0.0695697233213893,-0.161680056426103,0.97899835922808,0.102868000757104
0.063803945968135,-0.158063567793407,0.980006799824534,0.102623765829315
0.060615873087619,-0.158314759312837,0.980198534236525,0.10233760987101
0.0574504085591604,-0.158542363291725,0.980365021874953,0.10221640515291
0.0543650667515428,-0.158856987471134,0.980504088104362,0.102081488328342
0.0510289453735273,-0.159149296154488,0.980653091293165,0.101916940715253
0.0478807622634029,-0.159444153854011,0.980763835354522,0.101918073311567
0.0446696571692265,-0.159708160168856,0.980880445777888,0.101840445769025
0.0415564307251076,-0.160080852239937,0.980961085934633,0.101796521028326
0.0385257105594613,-0.160365629596879,0.98103836420805,0.10179568960363
0.0354198614474106,-0.160637408373097,0.981110012621203,0.101804712958897
0.0365962261433661,-0.16688666398842,0.980070081227655,0.101351830261217
0.0337195186358396,-0.1679043692681,0.980007735226525,0.101271692687674
0.0310945005225206,-0.16877222969907,0.979954760533852,0.101181687210185
0.0283686400945992,-0.169691151331367,0.97988051094452,0.101164804601823
0.025778001772419,-0.170466818771862,0.979817775243862,0.101161680682908
0.0228322663451033,-0.171381281995749,0.979771790408487,0.100768956106467
0.0201092965245789,-0.172217614013624,0.979699877736581,0.100622359243212
0.0175149860819542,-0.173052225347552,0.979606512500557,0.10058445819959
0.014889625733315,-0.173651601460812,0.979544435582727,0.100578919632966
0.0120676414063942,-0.174388566246938,0.979467332146431,0.100432789721168
0.00660966946303329,-0.170150367297454,0.980143069080002,0.101610673221693
0.00360109710666018,-0.170549912460145,0.980095927035666,0.101546704858225
0.000705200420355987,-0.170965265837765,0.980041452668424,0.101435356858221
0.00244310780155626,0.171366049017316,-0.979984868007393,-0.101278659869677
0.00550166299510411,0.171610433293553,-0.97993139826184,-0.101262261428839
0.00850378718466434,0.172021359809698,-0.979854333355498,-0.101103030504494
0.0114974509705242,0.172231289834396,-0.979799641715812,-0.100979470768699
0.014546526400465,0.172449541104212,-0.979713441782169,-0.101050117931469
0.0174818979711469,0.172879110907541,-0.979590173932967,-0.101045966713786
0.0204654501312103,0.173208423434992,-0.979477949092058,-0.101009675994468
0.0260511256910528,0.17562205881939,-0.97917938015368,-0.0984173398752658
0.0292098032505921,0.176187649290304,-0.979017201575458,-0.0981326584322317
0.0327281234679127,0.17666586156855,-0.97889473768361,-0.0973813936327062
0.0358193790674486,0.177258248528875,-0.978718357813945,-0.0969889761244763
0.0391227173143207,0.177758274739596,-0.978530132661845,-0.0966963713090511
0.0423130774745732,0.178390052181133,-0.978316382013056,-0.0963516966240192
0.0456622687159774,0.178902731334087,-0.978108389762662,-0.0959830600304406
0.0489618765186596,0.179395656693716,-0.977895682343114,-0.0956031770491862
0.0522207567651528,0.179971922397947,-0.977639685799266,-0.095413544434608
0.055355579139542,0.180522334011324,-0.977378084088003,-0.0952865548002184
0.0539007500057397,0.184266205159528,-0.976759114224427,-0.0953011414645036
0.0565127109209616,0.185094891950199,-0.976471832290351,-0.0951259965615718
0.0594656251031303,0.185794584359296,-0.976187144485198,-0.0948834590204512
0.0624014613842982,0.186573912953338,-0.975883988199696,-0.0945868605982829
0.0652296609681142,0.187402470229212,-0.975556627212955,-0.0944175438298298
0.0680938166582283,0.188209831735318,-0.975241764858125,-0.0940414347375011
0.0708548627227312,0.18903752388315,-0.974920768057246,-0.0936690931062098
0.0735946830625178,0.189756095430402,-0.974585620239016,-0.0935912159087005
0.0764519959170261,0.190470383913224,-0.974251718098869,-0.0933258536186727
0.079168627921539,0.191365659842206,-0.973878853573854,-0.0931208416406027
0.0868928655107735,0.187282970645274,-0.974005590188827,-0.0932085248811682
0.0901306038437705,0.18764696907713,-0.973652864383799,-0.0930869965362912
0.0933499812903067,0.188105884242219,-0.973281777634111,-0.0928683941496682
0.0963730540862197,0.18843602008793,-0.972951943050654,-0.0925668260959192
0.0995197191549204,0.188798798631865,-0.972596881424114,-0.0922287665458971
0.102695329590797,0.189155249734008,-0.97222659146785,-0.0919207028971651
0.105843721381447,0.189426942228551,-0.971866566724406,-0.0915964883900256
0.10909251641748,0.189796516150785,-0.97147346002439,-0.0911889345642752
0.112388287032383,0.190261940792568,-0.971023489370172,-0.091009065016342
0.115646593043543,0.190614153647923,-0.970615354326115,-0.090542497717354
0.122562085037378,0.187092441232177,-0.970265734630641,-0.0925167981868087
0.126377895330581,0.187004790967102,-0.969810404446845,-0.0923342577476568
0.129900455306727,0.186947971867913,-0.969366889142438,-0.0922180121228596
0.133453066608427,0.186729820839683,-0.968946214562498,-0.0920080774008013
0.1370156100173,0.186658674313775,-0.968460085234727,-0.0920343697873679
0.14068112111716,0.186582643979063,-0.967941722658097,-0.0921116749640196
0.144337504284938,0.186442748342846,-0.967443504102416,-0.0919720219262448
0.147845944320078,0.186406121811745,-0.966936987396235,-0.0917997652736813
0.151275320814736,0.186450447209373,-0.966407496757814,-0.0916981911387499
0.154871887442861,0.186221088781532,-0.965890996152854,-0.0916023368902406
0.147137892927751,0.195611285086781,-0.965261269302482,-0.0914185298287044
0.149914755902153,0.196526195233047,-0.96467604627125,-0.0911216017225806
0.152337036761977,0.197295134329405,-0.964142775825754,-0.0910865798212456
0.154974064281445,0.19828082094704,-0.963532657474717,-0.090953688349443
0.15745508033926,0.19903869825476,-0.96298603523448,-0.0908261538092674
0.159990180098234,0.199945491686283,-0.962383791624715,-0.0907875555596848
0.16253647912687,0.200944728603806,-0.961766584516032,-0.0905988184677331
0.164985803374558,0.201758878595194,-0.961181623079304,-0.0905700118554519
0.167335622559063,0.202815495724122,-0.960559556902747,-0.0904986284964989
0.169934231657652,0.203687515145223,-0.959929853102546,-0.0903793682618637
0.180624345372239,0.199614449758932,-0.959184479225493,-0.0865681934616157
0.183886696931522,0.199882774352936,-0.958554824013391,-0.0860535215388943
0.187201861972611,0.200228842099301,-0.957880776881639,-0.0856054375970794
0.190386851445385,0.200601627145414,-0.957226809459203,-0.0850215810008175
0.193468347553972,0.200997439122605,-0.956592792522257,-0.0842630242476523
0.196662195276862,0.201461745620807,-0.955884408727558,-0.0837982288110511
0.20013935599937,0.201962008842856,-0.955109260975713,-0.0831978651333195
0.203361327582429,0.202173555879449,-0.954436087966152,-0.0825940538709548
0.20660954944907,0.202517260210612,-0.953715937415832,-0.0820070979384057
0.209978230907545,0.202935617106107,-0.952937667535677,-0.0814621362742491
0.212414234237868,0.204073138240109,-0.952002937019403,-0.0832151143026574
0.215598605520182,0.204432523875978,-0.951227977467977,-0.0830055381383246
0.218875444008696,0.204806588936498,-0.950412319804646,-0.0828506095435865
0.221966867760256,0.205287182787737,-0.949618684283675,-0.0825362748076023
0.225225437964658,0.205714637686566,-0.948789318704395,-0.0821816198888912
0.228549181216973,0.206204476466273,-0.947914780483296,-0.0818691308835355
0.231691821666432,0.20657973704131,-0.947091254528964,-0.0816202647115652
0.234929952199493,0.207063045895455,-0.946218166444157,-0.081264962161419
0.237872092673648,0.20762452151007,-0.945403356379066,-0.0807553053487521
0.241045790096051,0.207961261104188,-0.944554880179607,-0.0804059654864886
0.239261630416346,0.209413976621953,-0.944516591210903,-0.0823897295372879
0.241878601008091,0.209956048080733,-0.943742346290935,-0.0822410120680097
0.244588054245114,0.210578233633807,-0.942897256164532,-0.0823301618949717
0.247308407846008,0.211242592144159,-0.942038816786042,-0.082328526898289
0.249854970874014,0.211987450766361,-0.941190944409958,-0.082422208219731
0.252650296996707,0.21258231460512,-0.940318439754642,-0.0823275093878143
0.255251690220888,0.21299055653542,-0.939530716083597,-0.0822412974214006
0.258060803734293,0.213532034911753,-0.938649206593187,-0.0821362198085435
0.260852748626153,0.214012676667504,-0.937777831346555,-0.0820192464897354
0.263665372038854,0.214423612730982,-0.936910811975133,-0.0818609570864146
0.269919408024901,0.213045730772403,-0.935651793568128,-0.0794402351701245
0.27298593528693,0.213464050651105,-0.934698526409819,-0.0790597428686371
0.27606737192093,0.213852819304086,-0.933740675706855,-0.0786265118574563
0.278932016954406,0.214333293971682,-0.932803569736076,-0.0783305132156562
0.281837172101629,0.214673243009415,-0.931866422331162,-0.0781548340750435
0.285074507981661,0.214951919416059,-0.930838926286532,-0.077891530657072
0.287995034575778,0.215269097839888,-0.929876634472298,-0.0777658037788408
0.290978651272827,0.215489766717627,-0.928913702614718,-0.0775559026641038
0.293945835658962,0.215952160292808,-0.927896823830477,-0.077252795994296
0.296809623701706,0.21626566833127,-0.926935020920919,-0.0769719102635274
0.297054779109588,0.220827066117001,-0.926032020858465,-0.0738820778206707
0.299740395916859,0.221708333048273,-0.925011436539955,-0.0731775401530422
0.302498706296808,0.222385653471647,-0.92399298144147,-0.0726369332065254
0.305204712481933,0.223118577049584,-0.922973385903593,-0.0720299449385173
0.307762940366805,0.223917122037682,-0.921982748926268,-0.0713505828813153
0.310454632763611,0.224639628810769,-0.920955525029014,-0.0706815328208496
0.313089164519874,0.225396108819988,-0.919922940003583,-0.070096744890324
0.315761529407475,0.226134129644536,-0.918880309326188,-0.0694045321918546
0.318369674102143,0.227158473100612,-0.917754918559714,-0.0690339638884123
0.320955367037576,0.227988909734338,-0.916696504113015,-0.0683829566112822
0.329003369899889,0.223951402946412,-0.914759144106097,-0.0694136873183585
0.332174127939187,0.224171457085342,-0.913589748782126,-0.0690020106684348
0.335372527601108,0.224352864015409,-0.912403226339455,-0.068639731234039
0.338630980818092,0.224550251386576,-0.911179277729102,-0.0682536978446918
0.341673253524131,0.224772603324583,-0.910016357789767,-0.0678740979753757
0.344865060288502,0.225035641979557,-0.908790593400535,-0.0672808098774155
0.348088475083238,0.225350735130228,-0.907509855178968,-0.0669127973076923
0.351110567425132,0.2255194135667,-0.906335064146584,-0.0664764247334385
0.35434630219684,0.225692486609138,-0.905073957388637,-0.0658994026109551
0.357564208731931,0.225953173159648,-0.903771296418298,-0.0655014804671035
0.356108884281437,0.229343167619156,-0.903442412129352,-0.0661814322007324
0.358816493154358,0.229896488579944,-0.90225030621071,-0.0658992695080924
0.361564537453448,0.230415034656828,-0.901074489023923,-0.0651518402690367
0.364269405449613,0.230980774933325,-0.899869457314938,-0.0647351655308301
0.367079804573672,0.231587349099394,-0.898594230171235,-0.064405949369886
0.369863317956148,0.232286308830261,-0.897285397200377,-0.0642114688466386
0.372605447280433,0.232907782484023,-0.896000538192482,-0.064048271437302
0.375284537036941,0.233518922722743,-0.894740671762945,-0.0637930974680769
0.377978141070779,0.23421862264769,-0.893444550235737,-0.0634901357043662
0.38048452339872,0.234795163536697,-0.892241960255469,-0.0633012084663743
0.380805982248566,0.236220061108733,-0.89185248531609,-0.0615307325570301
0.383344217535871,0.236842976565345,-0.890640507000616,-0.0609270270336934
0.385737729915798,0.237490727218273,-0.88946217667712,-0.0605111102653266
0.388340544045497,0.238034319435586,-0.88821902976655,-0.0599853297219739
0.390749409332386,0.238672678196125,-0.88702519004294,-0.0594690172978092
0.393193258676566,0.239375253357569,-0.885782980966987,-0.0590513339437947
0.395733662591347,0.240001737369192,-0.884518845023362,-0.0584845889986979
0.398061478598741,0.24070647875903,-0.883320736704666,-0.0578958240872283
0.400552511764853,0.241320588669165,-0.882054888250603,-0.0574563566235513
0.403049572333186,0.242000485171059,-0.880773746567342,-0.0567839306206957
0.417561175605841,0.233935673296234,-0.876016078503202,-0.0592671543941328
0.420956551090801,0.233610491548801,-0.874491171397957,-0.0590500760295335
0.424453884759864,0.233464482402528,-0.872859771629361,-0.0587286492260717
0.428100047217384,0.233141773008778,-0.871188218450459,-0.0583639553484257
0.431613267890008,0.232998170330007,-0.869503299534371,-0.0581880718276404
0.435161020824006,0.232716606614575,-0.867832283203757,-0.0578359333853911
0.438715975807004,0.232500430154782,-0.866105586009788,-0.0577317627670448
0.442268047741262,0.23223356316383,-0.864386468136675,-0.057468076264738
0.445799857807095,0.231857267328561,-0.862694007396939,-0.0571291866519786
0.449150508509081,0.231688468313661,-0.861008412435069,-0.0569981409569224
0.438789464487038,0.243783639322078,-0.863304411896677,-0.0523338843751693
0.441058623875697,0.244770004821142,-0.861896739436781,-0.0518550440456998
0.44315581907609,0.245822799484104,-0.860565890998599,-0.0510922550156689
0.445312799484428,0.246808636443418,-0.859203499992831,-0.0505109215155638
0.447468874321486,0.247706929197457,-0.857865192661852,-0.0498015558017086
0.449798565967263,0.248771709564881,-0.856382015920207,-0.0490278429303536
0.451777115103491,0.249761172400197,-0.855094862470876,-0.0482656317265145
0.453916971763018,0.250722122155975,-0.85372129471858,-0.0475157989633635
0.456158774693777,0.25173546981124,-0.852272065615789,-0.0466985190320013
0.458250633989973,0.252856522368442,-0.850853990536809,-0.046015457523691
0.468228568083326,0.245767230810708,-0.847404270899689,-0.0476075409073097
0.471089472604186,0.24567523927394,-0.845874622378926,-0.0470585680244498
0.474134701045965,0.245771255100092,-0.844172841729351,-0.0465294392527009
0.476995750189981,0.24595863125019,-0.842528517950724,-0.0460988335425853
0.479942942179365,0.246320303445687,-0.840773857904144,-0.0456114045784733
0.482801364621455,0.246660533506643,-0.839071235135306,-0.0449542645184179
0.485670519670958,0.246822399193426,-0.837393169161514,-0.0444469326340869
0.488564165294804,0.247105508291827,-0.835656656007538,-0.0438392225287824
0.491456847293019,0.247280422021384,-0.833933672435836,-0.0433265520369673
0.494195383749253,0.247480671469366,-0.832285316295842,-0.0427246089312819
0.496466349358791,0.248076524522991,-0.830608391124449,-0.0454851902117847
0.499205457266955,0.248483646103514,-0.828846569818184,-0.045421941334826
0.502145373465153,0.248789131954109,-0.826995641636364,-0.0450799339343037
0.504835169947733,0.248979131105697,-0.825310762903188,-0.0448663358639027
0.507571433002297,0.249034011976925,-0.823626750350162,-0.0446349345950273
0.510267060133808,0.249201317141379,-0.821913967747964,-0.0445383037193843
0.513113953344923,0.249239493231038,-0.82014511831581,-0.0442236452525613
0.515798677319489,0.249347603281409,-0.818432735048757,-0.0441061833974934
0.518682901004448,0.249405431865825,-0.816605913837707,-0.0438150687174419
0.521412036926699,0.24966544453403,-0.81479881818721,-0.0435837060643192
0.522237378540645,0.252363145165898,-0.813636342533516,-0.0397097661243937
0.524758934240247,0.252920217644957,-0.811873590032537,-0.0389961312074388
0.527347425455247,0.253419282870028,-0.810066598823916,-0.0384117873212936
0.530044382803643,0.25390383108104,-0.808179647291833,-0.0378345678437618
0.532591089022824,0.254269012430557,-0.806422591754234,-0.0371026241586069
0.534869232693492,0.254795430231521,-0.804769166679386,-0.036616676708508
0.537371846214587,0.255103473247416,-0.803034339792368,-0.0359105269700508
0.539858265691486,0.255610122364979,-0.801233827470088,-0.0352260134953595
0.542523703819704,0.255956545475506,-0.799341899163185,-0.0347391114478742
0.545068490659639,0.256299198013457,-0.797518235631907,-0.0342888527403711
0.543247214944299,0.25839818832328,-0.797996673806222,-0.0362511837146783
0.545202328352031,0.258945773961067,-0.796490347680534,-0.0361197087331861
0.54730515577061,0.259630750869564,-0.794831827689091,-0.0359347375422964
0.549250130613978,0.26006784960856,-0.793361683838869,-0.0355843538210519
0.551400429055526,0.260623433960572,-0.791702015347958,-0.0352265723845372
0.553333829372663,0.261166213686573,-0.79019137400187,-0.0348062430239274
0.555171158311262,0.261848805966491,-0.788691147010561,-0.0344450638033994
0.557233171954406,0.262474865844963,-0.787036604805482,-0.0342274680565137
0.559304548974957,0.263067448512614,-0.785383510952915,-0.0338626601473545
0.561233191979213,0.263645528641787,-0.783824085917908,-0.0335878219444744
0.568599563820072,0.261644442997987,-0.779312988181584,-0.0301328379577507
0.571137844878454,0.261887959259569,-0.777399408993211,-0.0294349764644056
0.57373027459812,0.262311847584616,-0.775370790607189,-0.0287437593138574
0.576251212335469,0.262483634277053,-0.77346524560915,-0.0280783876565183
0.578700778609938,0.262931940055847,-0.771507419365146,-0.0273588303706913
0.581281135121976,0.263169597342174,-0.769503620323856,-0.026798942041509
0.583763334055167,0.263565446195625,-0.767502145434078,-0.0263454386675257
0.586218036287627,0.263788470159061,-0.765578668038662,-0.0255609073854835
0.588796964372298,0.264021817563995,-0.763535960686189,-0.02496900749308
0.591314061320566,0.264257605319456,-0.761530990867367,-0.0242105114355451
0.596665644611287,0.262283167893402,-0.757928652649671,-0.0272361133984335
0.599338212055478,0.262244738807416,-0.755839787494999,-0.0269744356287085
0.602078324385311,0.262231942610712,-0.753673001258986,-0.0267040587413501
0.604790782400554,0.262410890894229,-0.751445345912177,-0.0264296418884486
0.607444917023036,0.2624953659963,-0.749287378325316,-0.0259861558472815
0.610139363746846,0.26244579454775,-0.747122841492047,-0.0256830966132118
0.612756393473634,0.262719912204189,-0.74489107306889,-0.0253995915496
0.61545031865781,0.262666304422078,-0.74269591470583,-0.0251017143740884
0.618037467524299,0.262597078745196,-0.740585146842655,-0.0246191642157741
0.620729935748567,0.262702453746248,-0.738303309049715,-0.0242897407874342
0.619209457669846,0.266889685100061,-0.738220859116296,-0.0194809313176176
0.621356729015175,0.267614924610745,-0.736171536068224,-0.0186959063994913
0.623562026463866,0.268290572792612,-0.734078434458805,-0.0178723184114307
0.625744405740404,0.268659210323949,-0.732102442252016,-0.0170933156916339
0.627964673527584,0.269167691431478,-0.730030682294424,-0.0162580933562481
0.630270955277437,0.26957933995299,-0.727904744080529,-0.0154979337086022
0.632468780281055,0.270055582706053,-0.725834342968658,-0.0147557035191078
0.634746057701079,0.270383676076604,-0.723737409729271,-0.0139381384196675
0.636905071092004,0.271083465651923,-0.721592741773716,-0.0130230598141409
0.63901008780134,0.271619942294011,-0.719539758971479,-0.0122983696312978
0.639553320721519,0.271799138768801,-0.718974760822098,-0.0131175996060131
0.641659123131896,0.272128329810409,-0.716982046296537,-0.0125094805901228
0.643650745915666,0.272606303082916,-0.715025070407664,-0.0117758010422293
0.645619775076862,0.273189489461582,-0.713036344099277,-0.0110354370533831
0.647401012901658,0.273786783350226,-0.711199618980003,-0.0103840126801628
0.649303425938701,0.274435221920544,-0.709223185451195,-0.00963552033604821
0.651388134629065,0.274956128839513,-0.707112283403201,-0.00921107693854414
0.653440676069558,0.275354280894931,-0.705068030773689,-0.00862408438652225
0.655417350599048,0.275795760444732,-0.703066381300905,-0.00790307148429295
0.657445200274375,0.276268859979434,-0.700989068371358,-0.00746000440388589
0.659806033442953,0.276126781696489,-0.698824986236586,-0.00732374724113493
0.661849697420316,0.27640340479409,-0.696786301318363,-0.00670717063642732
0.663772293308026,0.276783142874374,-0.694806404626899,-0.00644162608582559
0.665769163415389,0.277272456649499,-0.692702890645086,-0.00584047264073609
0.667722487849404,0.277864898414269,-0.69058679150937,-0.00525935758668723
0.669635852621966,0.278111745842059,-0.68863587598326,-0.00472355974911684
0.671545759991597,0.278491187460355,-0.686622786134799,-0.00425444528886869
0.673595439101885,0.278782100992627,-0.684497065669513,-0.00367310183648382
0.675576714341898,0.2791779787407,-0.682382907064205,-0.00305407463342985
0.677594673755772,0.279547025476779,-0.680229588153582,-0.00257411058463027
0.682950509831878,0.277526270471223,-0.675684436981118,-0.0028830435692401
0.685057971458857,0.277747865023028,-0.673458323359787,-0.00236345366987013
0.687255871695523,0.277856975911829,-0.671171838151181,-0.00179761784750864
0.689476415735924,0.27805309117147,-0.6688101665526,-0.00130833857136929
0.691744251779232,0.2782079337624,-0.666400598945403,-0.000690975582106316
0.694033872857904,0.278389090991572,-0.663940092122245,-0.00022674975000242
0.69633579903516,0.278547265051365,-0.661458818888825,0.000327152366452524
0.698692600366824,0.278638250339561,-0.658929958274684,0.000828087239237608
0.700824185555427,0.278782122867116,-0.656600408490955,0.00137567430312091
0.703000244302899,0.278923397969893,-0.654208366663367,0.00195129768161056
0.70632723502719,0.278593579454941,-0.65075476356632,0.00238584179517424
0.708670457614196,0.278398641250207,-0.648283829314877,0.00290786928262694
0.710921513119765,0.278556492409637,-0.645743691872166,0.00345935358829867
0.7132434790038,0.278659629215444,-0.643130024911705,0.00404001994276136
0.7154064880275,0.278968297667414,-0.640585694702307,0.00449594566989145
0.717665378908493,0.279001502473956,-0.638036214236861,0.00493506390018618
0.720016308471655,0.279103914614856,-0.635333920518227,0.00532257648630422
0.722200946551909,0.279158398175758,-0.632821696989496,0.00575163861925276
0.724473388133407,0.279233240026156,-0.630181748251826,0.0061702286237439
0.726715804446029,0.279161021421884,-0.627620950129288,0.00672358876350267
0.725929380196713,0.281476701830929,-0.627504833523953,0.00592327592414388
0.727885030341215,0.281730264507639,-0.625115487519486,0.0064859794093747
0.7298028421732,0.281991005268187,-0.622753642796509,0.00683994791163103
0.731730774667277,0.282211195013798,-0.620382604943994,0.00723452117387957
0.73363386889119,0.282304941090325,-0.61808110238021,0.00781137197910368
0.735557886059166,0.282615845289161,-0.615642503096651,0.00819686699612626
0.737423256384765,0.28282460310432,-0.613305204811155,0.0085971258755315
0.739197436759648,0.283044546852728,-0.611059489470559,0.00890136578729966
0.741084482415325,0.283286309858975,-0.608651230838368,0.00929170429118435
0.742969813943881,0.283698095739293,-0.606149975187028,0.0096671414006234
0.744756863626534,0.284342722332813,-0.603496881654327,0.016671657717098
0.74668559662896,0.284592173897874,-0.600960783016503,0.0177215016047647
0.748516175422976,0.284877382170169,-0.598508658035114,0.0188626221676465
0.750270962211726,0.285415312150414,-0.596016843665179,0.019887305482935
0.751986480676072,0.285737167518505,-0.593654745386098,0.0210866607001645
0.753887119931276,0.286053144493356,-0.591049150362267,0.022106804003104
0.755763299236633,0.286361712726861,-0.588462384954419,0.0230396724120631
0.757545918847599,0.286733222925123,-0.585939171145421,0.0241563123372831
0.759444166764565,0.287034830304346,-0.583282401339393,0.0252429009264364
0.761155569616461,0.287379115203294,-0.580833849659232,0.0262198794209659
0.760824150847491,0.288441041132617,-0.580916831571767,0.0220002744106718
0.762358328711535,0.288736205116398,-0.578733850262314,0.022545799158472
0.763970893387716,0.28909851292309,-0.576406699158844,0.0229312242769328
0.765397197339282,0.28944831416414,-0.574313974560511,0.0234576716069202
0.766859635730956,0.289870115981501,-0.572121730098539,0.0240487192280976
0.768436922211148,0.290256494714143,-0.569779139266976,0.0246494688604266
0.769911181303036,0.290756406880589,-0.56750526050465,0.0252044452825898
0.771401734198092,0.291085635288708,-0.565280567562557,0.025814672976783
0.772852894846417,0.291472668153154,-0.563071057529109,0.026326238247126
0.774286745024131,0.291982081311354,-0.560806417593072,0.0268823856726087
0.78025955650899,0.288959268283646,-0.553941332165776,0.0290958118597683
0.782083865032368,0.28891697741549,-0.551349572797364,0.029756626040176
0.783990743772362,0.288989019438148,-0.548563275919708,0.0303676247947484
0.785850041380497,0.289192799971707,-0.545749178209319,0.0310655981858946
0.78764301260942,0.28927494894022,-0.543068193487118,0.0318657469052099
0.789445282038017,0.289461799192364,-0.540315284210991,0.0323636698201948
0.791250712487199,0.289547473941689,-0.537578551473666,0.033073725492628
0.793027339987774,0.289554775884083,-0.534900534097302,0.0338686937606841
0.794785918406766,0.289530985231034,-0.532246384413502,0.0346545635120912
0.796650834922369,0.289614984503629,-0.529356629896426,0.0353859626568736
0.797936550496042,0.290110375731463,-0.527230115907532,0.0340827838586743
0.799652177102143,0.290249525064377,-0.52451068972014,0.0346431122304209
0.801462187883192,0.290306969579625,-0.521661962997617,0.0353414935798288
0.803148235443373,0.290345844246264,-0.519001855767081,0.0359064944466368
0.804883052067319,0.290319765498924,-0.51628119731867,0.0364887866425695
0.806583619267982,0.290372797795401,-0.513539130288683,0.037203025298711
0.808132554823848,0.290670094365197,-0.510897233152507,0.0376389058385094
0.809743418360059,0.290669333606804,-0.508310382536066,0.0380458924087825
0.811440378989175,0.290672982157061,-0.505552861457642,0.0386009463849676
0.813082799078239,0.290624810341155,-0.502892541599504,0.0391493685881868
0.812928040370441,0.292890255664803,-0.501929499312676,0.0378163593674468
0.814385951148324,0.293144600645536,-0.499380150490914,0.0382260510683527
0.815848024310697,0.293433784899357,-0.496789436894939,0.0385858846934789
0.817287915340046,0.293791493773681,-0.494182381522149,0.038868951856818
0.818759981211371,0.294017952453674,-0.491572605091422,0.0392671710890579
0.820191299507016,0.2942511851923,-0.489008562709626,0.0396622972429088
0.821681525138512,0.294504511202231,-0.486316514756901,0.0400351296024331
0.823119923394672,0.294809012299317,-0.483668892378119,0.0403192326758946
0.82452472670064,0.294908866300534,-0.481172131242348,0.0407567878060031
0.82599747700162,0.295128419051007,-0.478469006529977,0.0411678763798523
0.829460769999136,0.293422180549911,-0.473177125592097,0.0447399464704261
0.831104227814578,0.293408792025471,-0.47022320966977,0.0454662111765161
0.832625540728571,0.29369932703114,-0.467276165775147,0.0461345762567258
0.834142792047282,0.293765233790465,-0.464451361990052,0.0468265121184949
0.835687086356006,0.293864521749869,-0.461524074502389,0.0476053065240016
0.837239736770576,0.293875743977047,-0.458623829028832,0.0482789159075278
0.838878218890601,0.293614134391157,-0.455717923204858,0.0489412752849375
0.8403774196551,0.293502554788391,-0.452949574854781,0.0495855372603452
0.841865664067057,0.293364600552415,-0.450195858397795,0.0502305075539558
0.843460977856837,0.293375285379273,-0.447125627494479,0.0508251315697857
0.841823910107168,0.296241480690294,-0.44810432839694,0.052687762926773
0.843028088019478,0.296599832413494,-0.445500241794621,0.0534950164355976
0.844268877605149,0.296873791971983,-0.44286878949757,0.0542517210462052
0.845508488990361,0.297309740757999,-0.440121275470238,0.0549142602071502
0.846603456660021,0.29771349093276,-0.437613654988617,0.0558887596519819
0.847668093930471,0.298148976003886,-0.43514080304626,0.0567315799565982
0.848720641277372,0.298724704943138,-0.432556336695006,0.0577220868590071
0.849919040601814,0.298997933372446,-0.429878250907234,0.0586732448262049
0.851078452319745,0.29920311811957,-0.427326555614358,0.059455672322521
0.852329233463793,0.299460387137042,-0.424515436737288,0.0603738212349212
0.858358245037173,0.29448217986928,-0.416250406874625,0.0568943555447256
0.859896352768242,0.294268660612213,-0.413147382394467,0.0573886600119759
0.861530017070159,0.294008131466443,-0.409882004157391,0.0576367156127306
0.863068136409592,0.293872847956879,-0.406658299042065,0.0581478199797912
0.864623540351121,0.293500879044823,-0.403557014347411,0.0585243850169646
0.86606679960561,0.293293026651785,-0.400522684696954,0.0590684194936301
0.867479979625045,0.293247851481326,-0.397403664721201,0.0596197099747729
0.868928477944333,0.292870677640929,-0.394435899435922,0.060086501243312
0.870382464707154,0.292654882473414,-0.391310956095724,0.0605245448906761
0.871833432753655,0.29247922101863,-0.388182119439263,0.060638378548206
0.863709878163139,0.302010292662302,-0.397402312019327,0.0697598157332677
0.864256853935015,0.302688564957917,-0.395493515186855,0.0708844306968153
0.864790648006103,0.303409356800528,-0.393539476547696,0.0721566194166501
0.865382911361886,0.304158754323694,-0.391446088582963,0.0732791145155475
0.865999203468097,0.30483587999211,-0.38932899304141,0.074454019632383
0.866629726346174,0.305518668052685,-0.387114867086288,0.0758507782770477
0.867238011472832,0.306258362367571,-0.384869618697994,0.0773267323753029
0.86785881561465,0.307024424677254,-0.38259815665025,0.0785858087657664
0.868497496341759,0.307642947263877,-0.38036828414192,0.079924240789782
0.869056070213122,0.30835567541823,-0.378244057974884,0.0811773174586642
0.879575906489979,0.298480689334914,-0.363306889179325,0.0725507208187945
0.881042485741173,0.298043157971658,-0.360049888936364,0.0727907396734456
0.882425081769734,0.297753402246542,-0.356792546606443,0.0732663988495209
0.883829948204171,0.297315209622331,-0.353577402544027,0.0736974164734502
0.885176145887672,0.297000271783715,-0.350348854194201,0.0742274186312385
0.886548086782006,0.29657473905328,-0.347108474268388,0.0747771426955875
0.887908530991838,0.296298441547965,-0.343754908486218,0.0752212537770751
0.889272543153289,0.295794080860943,-0.340545461241163,0.0756901218743566
0.890666120229694,0.295227576229761,-0.337329989995591,0.0759145464193768
0.891940202463597,0.294836300580298,-0.334217441442799,0.0762425925893941
0.889612411806244,0.30009235355989,-0.33487918894011,0.0799391325320581
0.890687952247909,0.30012062587546,-0.33181327736635,0.0806382701200193
0.891642535837383,0.300262288711682,-0.328955211138757,0.081268784460943
0.892567064965121,0.300556429827849,-0.325978877726637,0.0820221817849816
0.893561622831366,0.300578180330391,-0.323045465928923,0.0827164473065115
0.89456897398016,0.300519159883065,-0.320075159250538,0.0835851527844724
0.895491396251052,0.300550425717715,-0.317312907003032,0.0841256197036765
0.89639891233943,0.300773409527286,-0.314347979674232,0.084792061849839
0.897301404823135,0.300982034376586,-0.311429915987838,0.0852725706940335
0.898185318733327,0.301304215710065,-0.308387388829852,0.0858843479218443
0.899013950184832,0.300087757733144,-0.306094043767211,0.0895973850176134
0.899866044634252,0.300167455232073,-0.303224530662663,0.0905289154812721
0.900806694347842,0.300131177481634,-0.300131283265711,0.0915957888053786
0.901691310726492,0.300096166741528,-0.297212833847335,0.0925181185704693
0.902517988594591,0.300228705462919,-0.29426569009099,0.0934436103460661
0.903357669975931,0.300214567118423,-0.291356102900017,0.094486798487773
0.904201419310068,0.300256280088225,-0.288325627284897,0.0955734912829415
0.90508499078384,0.300310358574127,-0.285167091692716,0.0965120604194766
0.905865334721733,0.300249074730182,-0.282403314174282,0.0975031108043931
0.906690443577707,0.300280270363523,-0.279427640604144,0.0983076417257133
0.906769609276646,0.302012216245204,-0.27852874274846,0.0947588328014921
0.907521411978394,0.30207007114748,-0.27585099700726,0.0952091716579851
0.908287974170747,0.302052511897947,-0.2731493943463,0.0957425944979021
0.908997147769093,0.302162525655292,-0.270471035297532,0.0962674010366414
0.909667981470723,0.302423855326472,-0.267730274381368,0.0967702195726096
0.910383128039961,0.302429425374701,-0.265092839085349,0.0972871497854359
0.911095808980713,0.302535230014646,-0.262283844421623,0.0978981430527649
0.911776865797815,0.302661575273585,-0.259493562976861,0.0986002465635826
0.912449960391247,0.302848624080278,-0.256682861453455,0.0991548753756467
0.913142440244262,0.302867929752819,-0.253984336261493,0.0996687407656193
0.916399840286229,0.30063502310803,-0.245434823032377,0.0979370371579352
0.917281649570054,0.300536373043675,-0.242106294629339,0.0982690487419341
0.918139369793031,0.300405111608709,-0.238831958361148,0.0986719930922326
0.918939722450327,0.30032509450446,-0.235755040006494,0.0988644790879904
0.919787109277169,0.300189442118507,-0.232397993305817,0.0993435712845004
0.920663590489548,0.299975029631649,-0.229033582602345,0.099685268644463
0.921492290957409,0.299838944346043,-0.225719090327625,0.0999972870691309
0.922310281790504,0.299744827031748,-0.222359703314786,0.100264376091358
0.923163656144147,0.299521373415087,-0.218956049805472,0.100568678502281
0.923894274638339,0.299549631278886,-0.215688512498601,0.100835773747827
0.92198341621764,0.300779407204609,-0.217410064162546,0.110504264271253
0.922512875709627,0.300756255981408,-0.214456709346435,0.11191062708384
0.923089977421356,0.300604497765851,-0.211472109960244,0.113231516002146
0.923590889900807,0.300645486422638,-0.208589648000948,0.114378836909506
0.924047934572501,0.30060427141294,-0.205808179866515,0.115825211938602
0.924520996660609,0.300616693547559,-0.202946174530958,0.117061439156784
0.925045760265752,0.300513186706027,-0.199903589718567,0.118409124850141
0.925528073834798,0.300495580775953,-0.196918442045698,0.119680063753606
0.925979485148966,0.300491486918858,-0.19407151381719,0.120843315484364
0.926387014297029,0.300613302054433,-0.191100630918571,0.122144550563222
0.92913562947547,0.298527620278091,-0.184691428021932,0.116091853226407
0.92984788569355,0.298166433913238,-0.181427968762094,0.116462780790938
0.930523733451349,0.297804793989071,-0.178167138561874,0.117022890485422
0.931162386205131,0.297469088661972,-0.175025737303649,0.117536135246552
0.931752620393008,0.297274039486397,-0.171948685170364,0.117893381944814
0.932426015963571,0.296880688191226,-0.168725487078381,0.118217138112749
0.932992381304883,0.296716539971907,-0.165576660197764,0.118612313576197
0.933564268172349,0.296609213567805,-0.162126187134459,0.119146259126153
0.934171696943405,0.296326418955666,-0.158722569200695,0.119670548110724
0.934690216455838,0.296209205376073,-0.155420717563048,0.120244361466146
0.933982356271481,0.297885768855351,-0.154153611408086,0.12319777180158
0.934434245646881,0.297769531389015,-0.15107663575605,0.123862007360387
0.934852295782958,0.297688785386878,-0.14792413738889,0.124703735717784
0.935284922982922,0.297553911881993,-0.144855703591665,0.12538184677822
0.935593924741643,0.297703386506792,-0.141952703800508,0.126040198082366
0.935936232153547,0.297712461133989,-0.138993438776444,0.126773356052694
0.936312922973198,0.297695349473956,-0.135811844361643,0.127478359363676
0.936670270173932,0.297609995232567,-0.132825714081962,0.128196822849014
0.936988453634016,0.297563033167408,-0.129872596076098,0.129003828769544
0.937304145411656,0.297524480458836,-0.126888415444189,0.129766916230176
0.937369769149206,0.298572216343115,-0.12478235073212,0.12892599605545
0.937660529787118,0.29859409433372,-0.121914135373452,0.12950382737398
0.937949035516653,0.298564450426056,-0.11904419656649,0.130151277285344
0.938167752052235,0.298686989329161,-0.116095161345401,0.130955201984962
0.938485227687532,0.298558756970008,-0.113179551818121,0.131523895543939
0.938710598345701,0.298722213109862,-0.110164351150989,0.132103246302591
0.938953094360413,0.298776815379586,-0.10716422109505,0.132722759539306
0.939315964037664,0.298621391592862,-0.104052035229047,0.132981044332752
0.939537514733995,0.298666546808498,-0.101246202212803,0.133479431982758
0.939692274619884,0.298794376793369,-0.0983928963648341,0.134235566677799
0.94096249312882,0.295560701452101,-0.0922785325985785,0.136814219668101
0.941314836275877,0.295196190451884,-0.0889376418588397,0.137388805985797
0.941578254402381,0.29490671214309,-0.0856837801617752,0.138270429907148
0.941807898669473,0.294773457691213,-0.0824130999563365,0.13897687433579
0.942050054815376,0.294532151155556,-0.0790637048818267,0.139790688990318
0.942341513671192,0.294138116040946,-0.0757701586515294,0.140478195324724
0.942591365975812,0.293813974688949,-0.0725594323506842,0.141173630123621
0.942777899334663,0.293547326883573,-0.0693361804887931,0.142099590009454
0.943048950705001,0.293098224940332,-0.0660514028515884,0.142791173720088
0.943235788517539,0.292778508295276,-0.062701981034721,0.143720053974422
0.943279848779241,0.294279597631896,-0.0600546660556105,0.141478204644997
0.943460863415645,0.294179100913233,-0.0568731993659762,0.14179455202075
0.943596792647157,0.294121145767254,-0.0537185385568662,0.142239808541316
0.943722136525549,0.293935136703115,-0.0503637880513743,0.143018017382741
0.943883881225184,0.293656159208188,-0.0472757502952288,0.143576747269191
0.944084133368143,0.293285305462048,-0.0439978699832485,0.144059245310717
0.94417143566838,0.293273362792716,-0.0408524582681018,0.144437223033453
0.944218608811451,0.293321966844517,-0.037573028592444,0.144919667619766
0.944345555374289,0.293042293807734,-0.0343124127223594,0.145465956216213
0.944453243705972,0.29266446013338,-0.0313361117593746,0.146197237757454
0.944532795265876,0.293814928343954,-0.0271732454035116,0.14419501129966
0.944613115916012,0.293720417969274,-0.023828782353791,0.144452644278095
0.944676935259268,0.293685022910954,-0.0205206576059269,0.144614998939841
0.944690618351739,0.293752563856408,-0.0172444980150945,0.144816069944611
0.944723650357567,0.29372125924246,-0.0139526912212107,0.145018511686549
0.944734927671657,0.293647990318294,-0.0104872507382623,0.14538497787326
0.94476630269699,0.293542642085958,-0.00729219725515549,0.145589060113206
0.944809265864321,0.293308403102602,-0.00386911365336322,0.145913199423022
0.944852185343351,0.29313622749624,-0.000553012742844118,0.146031483448166
0.944811428453412,0.29313105751775,0.00271622262906376,0.146281133154544
0.942827568348518,0.293821371566848,-0.00227931832358831,0.157289486872382
0.942659942684612,0.293708559115329,0.000244412315978737,0.158516418780077
0.942402439885182,0.293800562801648,0.0025834345558457,0.159850544139788
0.942159491126217,0.29386792307528,0.00502484600817931,0.161095896877613
0.941891070319389,0.293926715400452,0.00780883353494749,0.162441742619689
0.941591390058805,0.294088911345355,0.0102753055200945,0.163743044088287
0.941340622807362,0.294079572170518,0.0128492014780156,0.165014954189095
0.941102688957298,0.293965754040865,0.0153175877652423,0.166358756287675
0.940830273033787,0.293935107736664,0.0178100396577133,0.16770018565999
0.940531349511608,0.294009382335404,0.020287631861936,0.168960574330411
0.941549334295151,0.292595096579057,0.0265386689924594,0.164829183078604
0.941340704680511,0.29260039308833,0.0293799736608568,0.165527957831419
0.941199028190552,0.292317695780478,0.0322018446271911,0.166306329613034
0.941044909528038,0.292144137096344,0.0350182986539954,0.166913151581831
0.940754272091413,0.292248129545356,0.0380720311377451,0.167698988559986
0.940544088836048,0.292076486123674,0.0409551015045314,0.168495765139573
0.940354675232574,0.291845899545942,0.0439168169057596,0.169205108904333
0.940080880363307,0.291900564578977,0.0466432053087933,0.169901177666156
0.939841519813158,0.291814201763988,0.0495617540965267,0.170546245385279
0.939579788998109,0.29173335830117,0.0524645741350502,0.171256930433248
0.939565572517081,0.290477751448271,0.057514625954464,0.17184667193613
0.939337164191926,0.290188527322465,0.0605487549760905,0.172540310794708
0.939173768861316,0.289701598598359,0.0636719243114526,0.173122793724173
0.938907273720329,0.289400515049681,0.066664046761741,0.17394360612965
0.938718910554155,0.288832668290921,0.0697631914246083,0.174687131232442
0.938471074292487,0.288422943301342,0.0727784084427809,0.175463818943486
0.938182331028236,0.288125604174185,0.0756427294010381,0.176283088963314
0.937860511237737,0.287871402574474,0.0785882590320037,0.177120305394424
0.937539449479726,0.287636549461014,0.0815003145915135,0.177883936331806
0.937278067692925,0.287189596442875,0.0844060066678886,0.178626945210333
0.936933648910087,0.289020178258674,0.0910953308927496,0.174138780255562
0.936530364397693,0.288985057463828,0.0945474033176746,0.174525934031698
0.93620950626176,0.288825562683429,0.0978818885446121,0.174673096442045
0.935843065047794,0.288731557868104,0.101282641336808,0.174853286091076
0.935414627853766,0.288701608763533,0.10470848161558,0.175177021815959
0.935046528245648,0.288551118035107,0.107898745777328,0.175453990995162
0.934654025866724,0.288572446968457,0.111213198286356,0.175440643263421
0.93417774120226,0.288606452757366,0.114542984971409,0.175778746903296
0.933745120881091,0.288597917010472,0.117801632671885,0.175937678931526
0.933309622785815,0.288411293473863,0.121111058704114,0.176307076635347
0.933073452566073,0.284593164485352,0.123368749777524,0.182101110438602
0.932675997343928,0.284078187504456,0.126663713423568,0.182678326750725
0.932202972437167,0.283613400963442,0.129960006141473,0.183497830442129
0.931795477884892,0.283012404012225,0.133172488764633,0.184190810858524
0.931283776406337,0.282687319669976,0.136407146600971,0.184909430414831
0.930809190806099,0.282080871158766,0.139746351736877,0.185729883469085
0.930282214964542,0.281570482178792,0.143084656432483,0.186600764145986
0.929776493879266,0.281174887375432,0.146161333550698,0.187331841163411
0.929205703966604,0.280757210653183,0.149451085235002,0.18819277750289
0.92861511035149,0.280397031784599,0.152900734482311,0.188872567590019
0.927633201494847,0.283045441851133,0.148450285346445,0.193247080475426
0.927033400859305,0.282828812520903,0.151128798232584,0.19436312110074
0.926429687332057,0.282637944214112,0.153632619814596,0.195552665666187
0.925798761205269,0.282551417954931,0.156195998641977,0.196632042075249
0.925132995395415,0.28244920521222,0.158813743821116,0.197811986692449
0.924406762000737,0.282572533001179,0.161416095227014,0.19892145726963
0.923774610419613,0.28235902009383,0.164028633065442,0.200021150007758
0.923070828224829,0.28223038159809,0.166755991957355,0.201193183109278
0.922440144121226,0.282039641560101,0.169254856009536,0.202263725911128
0.921847403351938,0.281679443903618,0.17177748814223,0.203338511804783
0.921753172752753,0.282090492819863,0.182080135744542,0.194017696481867
0.921126366400448,0.28209450066848,0.185157463758151,0.194076334026477
0.920539531081906,0.281846940358387,0.18829121101248,0.194205287728154
0.91988571790777,0.281786082375584,0.191434435744633,0.194318621289523
0.919236203983793,0.28174601062954,0.194628158601202,0.194277807943446
0.918569458838695,0.281559103398481,0.197899075910704,0.194397984392636
0.917920951731785,0.281310042295707,0.201099026547967,0.194537831788218
0.917272407588457,0.281121646163509,0.204183922723825,0.194655788602099
0.916606239541551,0.280936996131804,0.207374803908616,0.194687176110291
0.915962924355286,0.280704130859396,0.210518341171805,0.1946770149639
0.914665987307941,0.27939927789556,0.209548197850679,0.20349871732019
0.913887012918105,0.27902685706828,0.212481338981065,0.204465696973928
0.913078874589283,0.278892619646222,0.215296209512408,0.2053129748828
0.912294284419994,0.27846366116275,0.218223524086538,0.206290139274034
0.911521363167056,0.278223359303493,0.220921583395212,0.207157478306008
0.910712169576406,0.278009607898896,0.223638534145795,0.208086059471693
0.909815850614179,0.27773338277129,0.226612740711721,0.209155329391188
0.90897256625866,0.277508334890499,0.229432448939901,0.21004463627736
0.908121650941306,0.277250925132349,0.232134745851791,0.211093465965238
0.907195406145294,0.27702097300516,0.235014269743074,0.212188992648723
0.907055972314858,0.27211827604412,0.241389247528494,0.211972493754146
0.906175523180964,0.271443728229511,0.244611862468846,0.212906693957921
0.905282111640109,0.270817053712119,0.247780608469729,0.213839172813318
0.904461720813654,0.269975254328376,0.251028839198519,0.214585366518262
0.903618251934733,0.269367100162442,0.254031754256157,0.215367796919673
0.902796867468521,0.268576220830012,0.257043014743466,0.21622561889213
0.901884198110746,0.267783484418664,0.260302875760333,0.217115894263034
0.900954752168686,0.26707034372717,0.263423466514941,0.218087237901179
0.900034692970065,0.266374302086361,0.266567529895702,0.218915587941081
0.899076843119203,0.265759343784272,0.269680225872485,0.219784842815714
0.898351248119631,0.269702970699856,0.266920558975783,0.221311449757191
0.897423137553525,0.269406593709369,0.269620350709404,0.222163601728185
0.896487637198492,0.269177305337337,0.272230319346409,0.223033961248386
0.895540348584574,0.268918374821272,0.275025195732752,0.223722000376957
0.894640006587189,0.268643423847792,0.277530210945731,0.224559460832601
0.893654837773556,0.268265492594062,0.280190221879564,0.22562822511881
0.892672652665184,0.26799105503775,0.282812842585715,0.226568368648506
0.89170602533542,0.267718799880174,0.285412250106021,0.227435388760513
0.890757126451576,0.267435969750184,0.287960621129607,0.228272697531178
0.889805648022561,0.267088984475483,0.290497484383197,0.229173721630643
0.888309444190417,0.268028318045885,0.298731807043096,0.223218412207356
0.887298431093613,0.267789033384385,0.301808824302912,0.223387469099688
0.886260363539759,0.267524063514497,0.304966625328167,0.223537023544235
0.88526686465987,0.267275316656806,0.30789045918279,0.223763152877096
0.884213970639607,0.266995071077507,0.311029209664863,0.223919889427689
0.883117777584161,0.266820138704473,0.314028032320773,0.224268587665063
0.882060517949726,0.266601985120079,0.317031898641579,0.224462467793641
0.880959422361328,0.266254062215485,0.320194850814692,0.224709875213141
0.879892252322609,0.265899570244449,0.323141349347141,0.225092672445314
0.878728924455638,0.26575536688453,0.32615028271137,0.225467415349535
0.877693722279245,0.261482154612746,0.327565395535535,0.232339674481841
0.876583368479234,0.260794581986829,0.330387291779884,0.23330671130996
0.875391101994031,0.260270570599589,0.333416496671001,0.234057873990765
0.874274507333407,0.259604318772213,0.336250047722666,0.234916131647548
0.873050539524019,0.259078447140877,0.339160235266617,0.235863198650792
0.871872797915227,0.258525737582524,0.341952177652432,0.236793106871052
0.870689023642765,0.257751592012429,0.344841163768192,0.237800993887885
0.869527984304632,0.257213927625835,0.347611809164026,0.238596123346814
0.86830665195649,0.256581481573939,0.350456995431057,0.239560839526974
0.867055087743649,0.255968556824581,0.353380052042369,0.240453969718793
0.865938078352468,0.259793228809601,0.355487413240043,0.237249703375621
0.864736080640016,0.25953649307468,0.358212055454641,0.237815985435804
0.863568154124348,0.259163508824087,0.360977209070814,0.238285067529838
0.862446791369424,0.258970358735541,0.363632197753811,0.238519412437864
0.861229854891939,0.258803943695807,0.366460388113227,0.238768590300755
0.860033465906576,0.258432650880091,0.36915217902111,0.239335896187299
0.858732872212785,0.258206991627567,0.371987022762628,0.239859664287305
0.857393152810203,0.258008852509066,0.374761641225263,0.24054547554939
0.856114989177239,0.257810312938791,0.377450517617315,0.241105940612999
0.854917094108046,0.25755126939449,0.38004590743534,0.241555819794908
0.853513785034104,0.256943697964877,0.382369772770609,0.243490270245537
0.852228707696851,0.256663679755984,0.384957776271598,0.244207894547863
0.850880795288397,0.256375541158489,0.387675536101518,0.244910458767034
0.849634101607265,0.256135862305424,0.390170111124772,0.245527183448098
0.848318091521592,0.25592589703379,0.392796987909945,0.246107450341286
0.846926671615558,0.255556063583639,0.395599947328402,0.246793421601131
0.845636339701774,0.255279148392854,0.398199794132231,0.247322989882974
0.84427363847125,0.25487816427194,0.400872874615651,0.248072737634082
0.842793928132588,0.254478789765083,0.403728772166482,0.248881535649967
0.841396397378177,0.25406929788428,0.406614554358138,0.249330099538237
0.839243829489408,0.254631055993646,0.412929649793054,0.245605220443905
0.837846600901709,0.254212925024771,0.415976442213745,0.245667380071098
0.83636058869667,0.253981367157371,0.418983310213649,0.245860563275701
0.834894326453266,0.253823545997386,0.421875881603057,0.24606058537503
0.833496752178003,0.253587911689308,0.424692555835269,0.246196198532558
0.832049528590914,0.253348990864419,0.427530670683574,0.246425234958743
0.830569370919463,0.253099081785357,0.430470814758125,0.246556793723744
0.828967516298613,0.252963109477973,0.433555399050915,0.246682464149252
0.827331866650325,0.252770575721371,0.436573097325681,0.247048475335988
0.825799558675163,0.252601599325009,0.439518388066534,0.247125691626246
0.825955679207203,0.248396117497337,0.436126306137666,0.256691312459796
0.824505398602947,0.247724317561932,0.438556543450683,0.257859784300809
0.823022324699387,0.247099211062371,0.441009534100297,0.259011242557943
0.821571087502707,0.24637648556905,0.443392654211258,0.260235527416528
0.820168064236736,0.245725828133445,0.445720535309428,0.261297470706809
0.818772212932848,0.245090551397163,0.448013140148045,0.262348834949901
0.817396688533198,0.244318549787793,0.450290492029539,0.263456965351738
0.815828065501758,0.243739491256025,0.452736558163473,0.264660606899111
0.814287643133895,0.243195452217239,0.455138462853725,0.265782967647378
0.812802820369194,0.242676091118789,0.457406335326453,0.266906977058324
0.811256287215656,0.241616404623193,0.462316736994328,0.264098436506062
0.809843089919652,0.240813881278029,0.464836050370323,0.264745709255731
0.808297095448997,0.240097105036969,0.467477728720047,0.265468941295074
0.80673652822525,0.239510854453498,0.470015194562046,0.266263856929226
0.805143613160757,0.238925700334238,0.472510616475269,0.267192794110166
0.803605369779919,0.238413066902777,0.474969338569039,0.267921157451558
0.802085895696253,0.237667756052501,0.477463281874501,0.268702564408567
0.800528421086728,0.237087566189975,0.479961832096607,0.269407447411859
0.79905781907058,0.236541072742756,0.482397353208171,0.269903160977463
0.797487345207258,0.235953781940691,0.484916712676471,0.27054672200788
0.795012151562686,0.238285086966756,0.488754774401101,0.268876675628518
0.793391821642332,0.237825221760184,0.491314212928939,0.269404761316125
0.791717957608264,0.237510563873911,0.493848172352205,0.269972943668959
0.790040804615754,0.237088501051057,0.49639575629973,0.270584225037371
0.788389672694892,0.236745532406554,0.498928181454214,0.271042333638805
0.78671254887767,0.236407288254194,0.501409238161106,0.27163161705773
0.78508096829045,0.235970565558599,0.503939913912538,0.272048393827105
0.783504716188106,0.235537491703315,0.506423112876846,0.272356531879137
0.781874944462927,0.235166092665497,0.508890029269232,0.272762567431637
0.780057827576634,0.234877223998074,0.511494603483234,0.27334181145758
0.777796276421593,0.230750924434587,0.516181103901696,0.274488672320217
0.775952167511773,0.230108500768738,0.518951463942446,0.275023071177197
0.774169166047098,0.229406461273837,0.52169257768938,0.275448057265914
0.772394160815898,0.22854504181859,0.524365648439519,0.27607080782699
0.770607765462099,0.227685186480207,0.52707698278722,0.2766098007716
0.768735056092297,0.226889556748143,0.529818037609025,0.277237063895732
0.766942450230564,0.22621467101362,0.532474637383372,0.277663395491708
0.76510612912339,0.225615808571378,0.535048653812187,0.278267957469544
0.763255375078784,0.22491420794779,0.537682028464989,0.278842012154441
0.761404852090481,0.224111334216656,0.540401262885209,0.27929059447245
0.759797526198703,0.229244748466247,0.541230445093675,0.277892370868077
0.757927438838714,0.229033433443564,0.543805337647551,0.278146433675632
0.756019328809462,0.228883298337037,0.546373495741622,0.278429907445175
0.754131638320408,0.228590457578127,0.548903089640724,0.278814047299031
0.752254340634534,0.22834498722905,0.551361788228865,0.279234941017301
0.750364789549243,0.227871680457487,0.553984264588995,0.279514962815931
0.748437331482475,0.227538621606902,0.556490976697896,0.279974158404744
0.746530627094109,0.227350761571626,0.558925400534685,0.280367706165351
0.744575780500197,0.227100898528727,0.561410625189621,0.280802775812787
0.742672974837017,0.226856911850095,0.563888050079561,0.281074831619703
0.740886420987324,0.224072420400634,0.566434330560561,0.282897526986018
0.739025116536078,0.223550938500632,0.568877807812249,0.283275298610827
0.737091884071475,0.223063289026573,0.57127966481561,0.283862410496308
0.735105434826641,0.222655931076871,0.573811987044527,0.284225508300433
0.733122215993939,0.222206378163737,0.576250272715226,0.28476615865499
0.731272896442907,0.22186774348676,0.578560408369921,0.285100875472042
0.729313263561631,0.221441826329683,0.580890223248773,0.285713544794166
0.727457133904539,0.220972388975211,0.583165532725942,0.286173519184516
0.725485240987449,0.22055366968863,0.585530236647211,0.286673308607764
0.723477165068683,0.220093042074696,0.587991198700699,0.287064791824081
0.722014833321597,0.218147279802361,0.589491414044341,0.289147397613086
