0.999981741850186,0.00336565769785605,-0.0049515618574556,0.000818748862605259
0.999992433584172,0.0019552473246229,-0.00305679607523176,0.00140206278721787
0.999934734579616,-0.00536581446897644,0.0100847628782696,-0.000179371030808898
0.999955307021992,-0.00454536186835827,0.00658391730036969,0.00503742761948119
0.999953335181841,-0.00106857985766235,0.00930969341399723,0.00234844721863954
0.999877527313392,-0.00224683562870027,0.0154252481300901,0.00139421068668954
0.999889367155169,-0.000994792490688088,0.0142366726068185,0.00419296923703835
0.99971516107147,-0.00249789195440224,0.0237234340821377,0.000745610474079822
0.999745994793073,-0.00110811285727217,0.0222104718133918,0.00366236575609649
0.999701580237258,0.00111482309248886,0.0242364180103864,0.00284669679239984
0.999682164980251,0.00156260733003729,0.0246481813744803,0.00505909415428732
0.999375615671418,-0.00228421974590735,0.0351258596008479,0.00305534430615763
0.999336482209673,-0.00213287670774762,0.0359926172152483,0.00515535330909425
0.999182298391191,0.000154333464579753,0.040359083484882,0.00241974030412988
0.999236925631249,0.00116340906855788,0.0386023278530416,0.00583722696801956
0.998978351811427,-0.0010992777043836,0.0448000377773831,0.00583102184862006
0.999026366668735,0.00115313241305805,0.0434064020838231,0.00780213076295459
0.998823071043235,0.00145290003624868,0.0480121663100602,0.00672262742235643
0.998625570181717,0.000898811963681883,0.0519374173947872,0.00697620173544639
0.998325788760671,-0.00190613670649929,0.0572322124937047,0.00815229975624968
0.998034149534013,-0.00120775068012263,0.062340070589239,0.0063319271270283
0.998119687470512,-0.000379307366510208,0.0604834880091275,0.00993444955390713
0.997738490660772,0.00108242611261876,0.0668995456979952,0.00641742885252219
0.997791877674598,-0.00133216661462605,0.0651655981019177,0.0127686727082714
0.997428695381158,0.000669079303169467,0.0710726361119624,0.00917770991173819
0.99688554638011,-0.00135184174790619,0.0784451622308103,0.00798351206553346
0.996699158560276,-0.00264772269847361,0.0804821198411097,0.010315293288671
0.99648875113723,-0.00288829439146125,0.0828906842426262,0.0114438227119264
0.996142489266211,-0.00193382300776976,0.0871435778896576,0.0101192015337758
0.996215224008094,0.00103219164991455,0.0862000053127883,0.011122999549431
0.995525867091351,-0.00191175625447469,0.0938906451587335,0.0104470039587159
0.995936482113711,-0.000764636171456162,0.0885514398632131,0.0163884540040368
0.995282396647109,-0.000180359768432194,0.0961753913458208,0.0127754645402177
0.994690491798548,0.000213229110447007,0.102378104669719,0.0104644036211408
0.994570609188459,-0.00136268616024918,0.103117744453598,0.0139347480683501
0.994023399457471,-0.00214766779723801,0.108328184901473,0.0133369115614418
0.994578354832464,0.00231767013424448,0.102602858000695,0.0167683640820425
0.993542075396586,0.00035778211657111,0.11266143731191,0.0134691110105804
0.99318663530943,-0.00314087749619239,0.115239175301603,0.0170403875277138
0.992564635682412,0.000253787210347626,0.121058939319785,0.0126535684872418
0.992878620153707,-0.00290061414266441,0.117281307103353,0.020705725860154
0.991845192950485,-0.00112948761287299,0.126557231706093,0.0150034856495876
0.991812905027941,-0.00229633546215615,0.126287720524305,0.018796273786476
0.990844439444548,-0.000634885674265666,0.134254475613374,0.014234799604387
0.990341874193569,-0.00225119707143386,0.137755025864093,0.0155388924862214
0.990213158580907,-0.00331127179343645,0.138277158095735,0.0186108463348636
0.99005012043172,-0.00170529608342526,0.139388367144024,0.0192024504511153
0.989495475221997,-0.00144483511076292,0.143339219957108,0.0187212443172253
0.989016572182763,-0.00034745685423975,0.146697971725276,0.0180500502293427
0.988247196834635,-0.00349709599831158,0.151582420189501,0.0194426890516447
0.988259105944871,-0.00190631593464492,0.151316249240171,0.0210641447129331
0.987361026882235,-0.00208606060808897,0.157276123781291,0.0194440693665318
0.986896692184442,-0.00202347195237689,0.16010461854442,0.0199332796451128
0.986563027653793,-0.00119356901330262,0.162088988770639,0.0204726055719294
0.985334180994785,-0.00499708895837998,0.169318893236189,0.0205595053090168
0.985837113422267,-0.00118065607148075,0.166162503938319,0.0226674686597814
0.985194567910196,-0.000684040112284528,0.170008104124284,0.0221006783025595
0.983535356383105,-0.00368995999353785,0.179576736025254,0.0199194080765895
0.984062374664806,-0.00250330422161368,0.176168204280084,0.024077791380603
0.98323193760593,-0.00409513234549086,0.180657369609305,0.0245173727917409
0.982383138529564,-0.00204780265128124,0.185552869022374,0.0221203172370965
0.981810986761971,-0.00465175087597438,0.188208867188043,0.0245554433693642
0.980957272284397,-0.0043785859454972,0.192726804169479,0.0236650986072861
0.980979582094827,-0.00299263571109053,0.192411499609088,0.0254542425293283
0.980204378425387,-0.00354168637878213,0.196297222808487,0.0255779844978002
0.979939058594722,-0.00396348034514178,0.197332822303109,0.0276313138655115
0.978938543880708,-0.00392227949318784,0.202387668504789,0.0265174407794678
0.977892474354285,-0.00441165521177697,0.207470648829809,0.0257444318967157
0.977772720815647,-0.00417778258502774,0.207766325053482,0.027860486988021
0.97671017640184,-0.00398907680351766,0.212867180180593,0.0266248414324729
0.976334426807287,-0.00293034300850512,0.214524244676189,0.0272368971590051
0.975780927400821,-0.00263729453441791,0.216959764758712,0.027804439828487
0.97464800985431,-0.00657150613752081,0.221693967634481,0.0294933366813491
0.97391601689762,-0.00683265840930294,0.224824244021967,0.0299159841771547
0.974563600381973,-0.0020758304163216,0.221898988514121,0.0313419628456484
0.972634022250806,-0.00520805525502682,0.230350902973647,0.0299064611731993
0.97195325390295,-0.005440103779577,0.233116617805717,0.0305601047308276
0.970953876408348,-0.00425021795327901,0.237433801109952,0.0292522755599109
0.970419696865936,-0.00524298455880198,0.239375762501653,0.0309413537889479
0.968006599590544,-0.00789670353681955,0.249211242127618,0.0281890407714391
0.968466268383316,-0.00613446246180354,0.247138955489247,0.0309482156785013
0.968666684895193,-0.00324570984571342,0.246247663814289,0.0321932758159193
0.967462927194711,-0.00574578472750752,0.250786879051138,0.0329910860308716
0.96682732597658,-0.00571328086004885,0.253126748683155,0.0337509891393478
0.966161313372481,-0.00528405164494783,0.255610388601638,0.0341719853022219
0.965392175559443,-0.00286300097603745,0.258689997825677,0.0330035697912829
0.965398462961826,-0.00692059255821692,0.257850339328221,0.0383551250539953
0.962533576403368,-0.00647636778103412,0.269095250242497,0.0327859307239257
0.962847242649353,-0.00705596983158025,0.267464229232324,0.0365826009659382
0.960884150063856,-0.00794327187930339,0.274673364202317,0.0345412447038783
0.960871650365853,-0.00806593905086539,0.274371844479371,0.037157813544628
0.959779245331029,-0.0057952776259623,0.278449374268752,0.0354423610722832
0.95824666017313,-0.0074995451126724,0.283667305449063,0.0352129934741687
0.958058648034161,-0.008071387070312,0.283973605223967,0.0376493183712467
0.957342058905966,-0.00855432952033099,0.286223498430188,0.038718401859159
0.956726147431559,-0.00656804251397768,0.288357976020415,0.0384917822880622
0.956362453664117,-0.00732040720174427,0.28925390545643,0.0406133849630078
0.953021463031488,-0.00975144149770728,0.300516187371197,0.0366745350061609
0.954057616148429,-0.00452959943499991,0.29711463728649,0.0384244727778172
0.953573661776262,-0.00477420247386054,0.298460144768367,0.0399502258090567
0.951725661350565,-0.00895778472907975,0.304105231591794,0.0407189358662462
0.951287139201152,-0.00730174101810638,0.305451292291273,0.041218580836598
0.949924574013235,-0.00971027734452505,0.309480784359099,0.0420791909634994
0.949123343507263,-0.00847522234889552,0.311970491764606,0.0420411903242547
0.947933793111925,-0.00610255435374403,0.315820531998808,0.0405175798239133
0.946485989459822,-0.00893143512305102,0.319940154087543,0.0415066142360761
0.946328028266899,-0.00771852718503058,0.32025080901063,0.0429314171978285
0.944371447889705,-0.00935856769528688,0.326028857513457,0.0421920571892951
0.944006365237345,-0.00833948140631277,0.326967112511488,0.0433006094316246
0.942415182096618,-0.0117189404147898,0.33128100708434,0.044375503766594
0.941154686562013,-0.0100765110222562,0.335037928979341,0.0433117308960462
0.939416929729826,-0.0101127560632907,0.340008393292584,0.0422830556179078
0.941419980138738,-0.00613455039780991,0.333956623176288,0.0465162565527996
0.938796179413626,-0.0102207506154803,0.341239763499993,0.0459640466201934
0.937357220540361,-0.0104120861740386,0.345207302121647,0.0456612321805569
0.937403791350919,-0.0109215841763124,0.34468357971135,0.0484569998800281
0.935454126251093,-0.0122255555798546,0.349988415313662,0.0477935415804266
0.934420746848612,-0.00884832731127349,0.353023845827859,0.0464083962186082
0.934349511855909,-0.0110683386600962,0.352677379952365,0.0498713068193071
0.93219243565344,-0.0103645572403547,0.358638933436894,0.0478325651305227
0.929926321883097,-0.0143254790890386,0.364301553739425,0.048126857999298
0.928481253643037,-0.0130295008714285,0.368136003348285,0.0472088633547411
0.928034621924927,-0.0122252160380636,0.369137979517624,0.0483677235264084
0.92697230201405,-0.0130498409769847,0.371651566722321,0.0492662755045712
0.925022515127932,-0.0137147424056923,0.376550347008929,0.0485292542143016
0.923759835865358,-0.0139913057465653,0.379588819967481,0.0488296709103061
0.921471164495439,-0.0174156565761569,0.384956159387,0.0489524591767546
0.923031980199653,-0.0136880332386324,0.380928905973127,0.0521322344512692
0.919794706184162,-0.015387915055187,0.388922352608953,0.0498027528050588
0.92048632012941,-0.0140653476986602,0.38695419829281,0.0526644934685714
0.917994649596552,-0.0136394567137135,0.393111535522069,0.0506271584442626
0.916321063958144,-0.0146083676739597,0.396956782425531,0.0506716511166485
0.914286780762894,-0.0151958936416263,0.401685331877427,0.0499766094606051
0.915316589090528,-0.0151442943443654,0.398819164726314,0.0539394654357765
0.912058267053531,-0.0151846763246061,0.406587732924327,0.0510446720009327
0.912146275665569,-0.0147394528779489,0.406118916837426,0.0532855112116463
0.911986544311437,-0.0164583843662747,0.406025677173965,0.0561499247938786
0.909722951657843,-0.0136469340433964,0.411517267370119,0.0535859223526797
0.908296435556633,-0.0154088567118013,0.414478680037954,0.0544754631365877
0.906366269754938,-0.0149472064547497,0.418812160511529,0.0536016816656337
0.905073082774507,-0.0167137888540328,0.421390154881873,0.0547147280704521
0.90409615818913,-0.016770402342733,0.423371234970384,0.0555489671602527
0.904682263556653,-0.0184061557216673,0.421515919444026,0.0594604498201825
0.90070416282614,-0.0170773679015522,0.430574601522138,0.0551895560524692
0.90063468292346,-0.0140167740006535,0.43072144537832,0.0560333334113224
0.897523185438315,-0.0189083110714378,0.437004868908748,0.0558690605177355
0.898967750346197,-0.0181934434082954,0.433513706365748,0.0599320352355796
0.896677300349786,-0.0183892926093099,0.438356846226621,0.0589485226362682
0.893628440190745,-0.0185479985483964,0.444796937546491,0.0569198294214528
0.894977749974866,-0.0185260879354598,0.441521130459442,0.0610794766967587
0.891812173246363,-0.0176314417116254,0.448263099594658,0.0584839589507924
0.890895863093524,-0.0172038352661392,0.449994595753033,0.0592743871165668
0.888076478565365,-0.0182689455697465,0.455647863174983,0.0580640907169114
0.888706799038267,-0.0215190167506245,0.453688347193621,0.0624823245563454
0.884591169585449,-0.0183202477818707,0.462404817224527,0.057832657039161
0.883814155748667,-0.0210366761460257,0.463487844877647,0.0600750697517038
0.884003240858953,-0.0192650448638468,0.462970125383966,0.0618529805200777
0.882383263300067,-0.0202151234531453,0.465953041657934,0.062280722550545
0.880526449783806,-0.0191455005246624,0.469583530916929,0.061627335918222
0.879411666331615,-0.0198965285538141,0.471500470424113,0.0626622347287422
0.877268292639945,-0.0210932578905767,0.475441989368893,0.062532647034228
0.876057480736929,-0.0209225395714971,0.47760144352833,0.0631062510564488
0.874447281643057,-0.022015040478372,0.480423305073888,0.063645404874868
0.873099018407632,-0.0223086154094208,0.482778498621847,0.0642288953865694
0.871902205045126,-0.0243703843600226,0.484645413792026,0.0656616485777515
0.868419837349062,-0.0207519441999342,0.491477410204529,0.0621795639193544
0.868753054596922,-0.0222375448512476,0.490417957872678,0.0652981494645816
0.867332442406321,-0.0230668244320851,0.492792906751903,0.0660114157939028
0.864767937651601,-0.0235247356363108,0.497365744648748,0.0651944543119679
0.866153725523795,-0.0197470377381912,0.494772916673259,0.0677313752145433
0.860169722477443,-0.0242584412398458,0.505366162252292,0.0642231937237686
0.859840747619346,-0.0251676499775987,0.505613244802897,0.0663002625024577
0.859056962776902,-0.0266580342952553,0.506638225577772,0.0680308187180217
0.857722372932592,-0.0211537498382763,0.509321789499471,0.0667545098080971
0.856388003150717,-0.0248803146702264,0.511154176883025,0.06857087907031
0.853102604758598,-0.0251282261625113,0.516818430464352,0.0669569110427422
0.851160592121007,-0.0263566572998611,0.519912052864154,0.0672490172625278
0.849905599618878,-0.024421614592105,0.5220443186456,0.0673333932535808
0.848703349319633,-0.0248788714811514,0.523857425681967,0.0682426858009289
0.848411983776766,-0.0256241218989266,0.524024127758035,0.070279610758118
0.846542962279123,-0.0277157646914515,0.526843152858859,0.0709446381976304
0.843014390655974,-0.028130850728255,0.532676083302658,0.06922125874022
0.841205360531736,-0.0263338009963605,0.53567515580357,0.0687909862742052
0.839576444682072,-0.027461141775591,0.538083763093315,0.0694488525659713
0.839939554372584,-0.0289745521000109,0.537044613881035,0.0724230835601369
0.83554430200636,-0.0279353435357727,0.544304473442787,0.0694116428015718
0.834740764909905,-0.027912194463761,0.545378692440306,0.0706459243689659
0.832579754228616,-0.0302821077794326,0.548487890029327,0.0710983916008614
0.830549086718453,-0.0290237481704348,0.551680476596531,0.0706716940189459
0.829609305466228,-0.0268672968403303,0.553136748645912,0.0711778472684122
0.828912198565891,-0.0290994869295996,0.553810720528315,0.0731537610585009
0.827752618317769,-0.0273915272275684,0.555576383849423,0.0735539857045052
0.821835687369732,-0.0329717645096184,0.564326692474577,0.0709531526526298
0.822576108642136,-0.0297981260880809,0.563165007677189,0.0729780192986308
0.820825372877789,-0.0302246127891722,0.565640817254054,0.0733665174173367
0.817742097134193,-0.0319219942488915,0.570079384565871,0.0727210021296701
0.81525929077895,-0.0316640821137119,0.573703532558135,0.0722075580034107
0.814303879977842,-0.0325719997232389,0.574838469862505,0.073545832330569
0.813884029500148,-0.032227953097063,0.575249759871943,0.0751123114479055
0.81276771392824,-0.0337378328287313,0.576565643731078,0.0764359882571705
0.810133203612559,-0.0325375175609143,0.580444241282028,0.0755644434767799
0.807267651726699,-0.0325081032567025,0.584525792322381,0.0747780703696324
0.805954761564435,-0.0337392524427437,0.586129117520131,0.0758369484571516
0.805982846322041,-0.0332253744665091,0.585861734526055,0.0778058734563369
0.800402607473196,-0.0330315787784991,0.593913738615483,0.0743710416579478
0.800711408393254,-0.0346259509020362,0.593059835375123,0.0770864168180995
0.799813599432995,-0.0352364764517985,0.594061270784762,0.0784079297194644
0.797109387169345,-0.0355547394877686,0.597730232999843,0.0779169682702169
0.793801234706907,-0.0382146435162485,0.602024123577708,0.0773705074896663
0.792031734188903,-0.034626482679718,0.604617751343489,0.0769682629094115
0.790016443658575,-0.0344260628498153,0.607246958336911,0.0770713730011815
0.788877394057695,-0.0351894678260448,0.608538298525253,0.0782003690966324
0.785997775097596,-0.0345304867815761,0.612389745760546,0.0774205548390721
0.782946879361519,-0.0368388059720458,0.616193963151106,0.0770849288041839
0.779695291784338,-0.0368992614228843,0.620416471839623,0.0761386757558572
0.781147949150936,-0.0377719304433153,0.618088291364788,0.0796745058700069
0.778391597591676,-0.0364186367843479,0.621732815898068,0.0789209055251303
0.778137126204092,-0.0407343359335564,0.621446210965799,0.0815348611033413
0.775135647468799,-0.039781868555119,0.625363909117555,0.0806356752969776
0.772984035046857,-0.0376348335112826,0.628194060127897,0.0803213775360361
0.774146453171916,-0.0378168527303554,0.626345368803582,0.0834184252381807
0.767849533578318,-0.0415734237744235,0.634197791881893,0.0804481509505527
0.768147729599984,-0.0413586873222641,0.633561146636669,0.0826970251327052
0.765574545278195,-0.0396104868445549,0.636853876186086,0.0821204319324941
0.766293636870725,-0.0432877587842892,0.635315971227384,0.0854040323068903
0.762339345831851,-0.0404775624982503,0.640499414758899,0.0834313395815661
0.756851140257582,-0.0419479870827226,0.647206341270789,0.080874406887369
0.755711503816006,-0.0418232738597624,0.648419372192321,0.0818734055082451
0.753751855812551,-0.0430964659860516,0.650549933925005,0.0823748623599409
0.753958961973029,-0.0430741790690454,0.650031678474238,0.084553626403867
0.750452568969794,-0.0426772013800586,0.6542410081603,0.0834763526419084
0.747691113603404,-0.0421621471536021,0.657483020473138,0.0830447456219827
0.747581316208389,-0.0443465642720788,0.65718106976906,0.085256081487412
0.743022663511017,-0.0448761431186068,0.662524905402648,0.0834518005138521
0.743797996887825,-0.0436318227729385,0.661420271313349,0.0859303704341224
0.740151053490474,-0.0429834047093191,0.665689447952504,0.0847726596328525
0.735178702618258,-0.0451468744829774,0.671269910723823,0.0828899384592828
0.735972279427006,-0.0453321988960748,0.670051533097938,0.0855613151568234
0.732381534431919,-0.0476902642360926,0.673901281884115,0.0848527488958671
0.730643141889552,-0.0453374830527997,0.675913187979237,0.0851262248425547
0.730492109959333,-0.0468829722920639,0.675711432379254,0.0871626316043719
0.725996074274225,-0.0471910623061144,0.680730388504958,0.0854917653503788
0.725513720387188,-0.0498755042908107,0.680814271282518,0.0873739298631619
0.72094489551959,-0.0472976234799729,0.686086850911251,0.085359389899866
0.720447503392782,-0.0478929726644546,0.686362634032246,0.0869942103176249
0.717031911621843,-0.0499307811708077,0.689858043990448,0.0864177872273466
0.715124158908523,-0.0483692356761964,0.691909548428745,0.0867123473249845
0.714091452713721,-0.0494401161297351,0.692742716989078,0.0879579452743005
0.711380022008154,-0.052091260170008,0.695327198984455,0.0880059728314518
0.709071792016097,-0.048074386063903,0.697996217365675,0.0877913874754715
0.709303465925518,-0.049111669225945,0.697403966575451,0.0900241333016666
0.703340794421927,-0.0509908180412376,0.703607534305278,0.0874534221529631
0.701002405616588,-0.0500258060364727,0.705998255929981,0.0875186190132281
0.698913705392977,-0.0539774200690262,0.707698710280961,0.0881396959559966
0.700064216169422,-0.0532950058307443,0.706256225645776,0.0909498726177074
0.698985338703492,-0.0527748815909291,0.707223957770277,0.0920248972092504
0.693415639289182,-0.0514952587457815,0.713089708706531,0.0895882629182829
0.693127539925569,-0.0528924200109276,0.713036436494998,0.0914092201729743
0.689492691536372,-0.0550072829971169,0.716482689335741,0.0907005127737843
0.688051301584238,-0.0549039753769103,0.717768157861424,0.091541419238864
0.685782990900469,-0.0526064344799079,0.720095361373833,0.0916347257910827
0.684459163133169,-0.0592825646252849,0.720668367941287,0.0929426435137894
0.68286659242796,-0.0557957822487218,0.722385573071876,0.0934833217568596
0.678256462330139,-0.0579399398272616,0.726731732820535,0.0920441371945036
0.676682939571653,-0.0584378213252108,0.728058309750879,0.092824123664718
0.671978722347702,-0.0540889750083004,0.732955362471141,0.0910791750033998
0.672245104749339,-0.0564776526830652,0.732250920726286,0.0933026418890024
0.666595258226046,-0.0582836535577365,0.737532406181785,0.0911028389800155
0.667616245486414,-0.0577493448023498,0.736313568095804,0.0937864135978664
0.663400416981668,-0.0579427324992689,0.740246259731782,0.0926175007877762
0.663488965060026,-0.0578834202285293,0.739918484871531,0.0946178558816508
0.660875024715434,-0.059384068024169,0.742129098541309,0.0946685548138274
0.657775447517885,-0.0598247271447079,0.744884019699188,0.0943411885736418
0.653831267042428,-0.0593101925069466,0.748508245065347,0.0933936955670799
0.652766025685441,-0.0600773431729333,0.749229626231472,0.0945631837723558
0.650719895163575,-0.0620806345552726,0.750785337041454,0.0950315239016536
0.648040351958823,-0.0627134383568157,0.753047703125165,0.0950257002103355
0.645994991720379,-0.0622319840916697,0.754785986918995,0.0954765142792778
0.640978597369185,-0.0603600110748772,0.759409069030245,0.0938134993073458
0.639743809289793,-0.059279531872018,0.760403146823782,0.09487280894392
0.640506429938135,-0.0617905769310198,0.759250756992229,0.0973227918689325
0.631297118021264,-0.0602307030592818,0.767615320358205,0.0927519872477149
0.633908294061347,-0.0627045492165785,0.764800437510706,0.096481630434039
0.630856363419701,-0.0630175383579285,0.767323602317892,0.096247222910953
0.627741267812724,-0.0615882625498404,0.770018925685876,0.0960137525906301
0.623957865174645,-0.0674037463983553,0.772710047990065,0.095144622514136
0.622980374847818,-0.0629347168515188,0.773706540090881,0.0965031802060885
0.620476284211973,-0.0645003255501182,0.775571009226302,0.0966359062777802
0.617940052005674,-0.0667086415928859,0.777396250462012,0.0967218642896235
0.614549484606809,-0.0669515525319208,0.78011348196196,0.0962775978317728
0.615252082427337,-0.0687870683008319,0.779106689573724,0.0986203861525306
0.609638813246708,-0.0650370018006172,0.784052525540511,0.0968108618569127
0.611543393091068,-0.0728068545814261,0.78151643028837,0.0997291806942514
0.605712837817553,-0.0660031065535072,0.786872493843691,0.0979143833177926
0.604625925019776,-0.0713604762259977,0.787126774667234,0.0988261798752516
0.59938576882938,-0.0708539838902393,0.791375193230027,0.0971684960871145
0.595543240173337,-0.070923513829576,0.794351475345003,0.0964564040752403
0.599099996500642,-0.0683866042834288,0.791336854871952,0.100937845572806
0.590804092630331,-0.0704619565215876,0.797844678472476,0.0971056427173637
0.590077517700115,-0.0693558424155487,0.798294884649095,0.0986081506306071
0.589432954555406,-0.0709595320179979,0.798459791329408,0.0999774901168705
0.585594021616442,-0.0691850930254606,0.801501737579128,0.0994385710264343
0.582355137947467,-0.0728420981646521,0.803600793593335,0.0989054426071724
0.582025015006726,-0.0747415339457826,0.803473613499682,0.100452662581016
0.574550527409686,-0.0709491650336037,0.809516355305883,0.0976789533449462
0.574965870843851,-0.0742112787349673,0.808695812993315,0.0995892339581624
0.576134068808585,-0.0747187058629269,0.807486881149907,0.102233001144593
0.57206581904823,-0.0753417134907013,0.810423506693705,0.101380790504127
0.569583204457326,-0.0747665473361508,0.812184377865837,0.10169303294837
0.563652668240249,-0.0765616525841247,0.81641414296602,0.0995084423769846
0.564636052327976,-0.0779774867818442,0.815300807224196,0.101932495830526
0.560429179031979,-0.0775281728274122,0.818343498998766,0.101106059927393
0.560233833143116,-0.07454069934292,0.818494886477583,0.103188454554224
0.553697373088161,-0.077649291424731,0.822977272737625,0.100489875777851
0.554926479773515,-0.0779382717176549,0.821789764407451,0.103168846862731
0.550841845192615,-0.0777649642115431,0.824641847278863,0.102428978528919
0.546343240758359,-0.0785127340497636,0.827694764061316,0.101322215802687
0.544341429246564,-0.0789253966796743,0.828904970230019,0.101881011443427
0.539833914895186,-0.0766307831830614,0.832149395967558,0.10116545946377
0.541154788456823,-0.0766362918120827,0.830950812789955,0.103918816540877
0.538248679945879,-0.0814889549608958,0.832448298319561,0.103333147541172
0.535236356625028,-0.0823779007353307,0.834320410842378,0.103176431751689
0.532294478110842,-0.0807327477605753,0.836332347735364,0.103407041071618
0.530077483761245,-0.0828757474258077,0.837506738773742,0.103595049141028
0.526385592982937,-0.0831222557776803,0.839869104676159,0.103095999461173
0.524327469319174,-0.0823957868876559,0.841141792051003,0.103788847598098
0.520882151721887,-0.0771600691120308,0.843712989834495,0.104290452759307
0.518159863048736,-0.0802045651734542,0.845138636064135,0.104010912323205
0.51785124677988,-0.0807769980294948,0.84507262141307,0.105628724009657
0.50920058993573,-0.0837494581297694,0.850517000389843,0.101595371547815
0.511359136708493,-0.0861384288191815,0.848630712405911,0.10448884316875
0.509007963780954,-0.0864153490984787,0.849969454525248,0.104858030793106
0.507026410601611,-0.0866048481248815,0.851057297931756,0.105476513361081
0.499359718922268,-0.0865902061131922,0.855935651568794,0.102548367596235
0.500267093752423,-0.0877759179275954,0.85500876570521,0.104824776211189
0.497417900014253,-0.0888047988881686,0.856571678165308,0.104757341532274
0.492517424236345,-0.0875222157900148,0.859644419280743,0.1038167663062
0.493371404709414,-0.0888763013975507,0.858747405714631,0.106012042916556
0.490852717357147,-0.0866636396910027,0.860324443445083,0.106746781822782
0.485706989036736,-0.0893236154899846,0.863189028166611,0.104951008425107
0.482545439640271,-0.0891538369672278,0.86498136583801,0.104922489435822
0.481774259976707,-0.0909542957551307,0.865092376013947,0.106000280519104
0.479964353131784,-0.0876917158109983,0.866259289387868,0.107420790586074
0.475627580365342,-0.0933798972040687,0.868289440360646,0.105508517912838
0.467479358496121,-0.0916436679157242,0.873221093193253,0.102710320384019
0.468828955779633,-0.0911701886711608,0.872206077133111,0.105564984404454
0.466487761443693,-0.088515907326213,0.873607759385949,0.106600118734137
0.460701173920446,-0.0943849421155318,0.8764114220062,0.103677048700478
0.460912559122631,-0.0945270381943692,0.876043987497352,0.105693821309325
0.458949453773821,-0.0909197314509778,0.877273337220103,0.107193717709093
0.456097512422553,-0.0926116996783851,0.878608562427335,0.106981896945284
0.451607753100126,-0.0925993656024553,0.881026193372958,0.106153857304547
0.448015420726281,-0.093773189734693,0.882800712355583,0.105601486461647
0.446597657473827,-0.0944954640839762,0.883336145754557,0.10648189146483
0.444291259676549,-0.0955991823807093,0.884350269460655,0.106727099689029
0.441104777538784,-0.0961479055072447,0.885903868779341,0.106566837153147
0.440303005757986,-0.098866103041581,0.885910920681082,0.107334045893424
0.433711205320047,-0.0972611330711559,0.889538429157148,0.105623129219792
0.431304829629427,-0.0978442884176855,0.890607070072704,0.105932459137323
0.432423374601087,-0.100845228457079,0.88950818602753,0.107775006314356
0.429526424963064,-0.0990183566609315,0.891041255863782,0.10838770987207
0.423764344008414,-0.10294195037117,0.893663836755756,0.105790748536341
0.420181280115963,-0.0985079996995082,0.895744476625272,0.106703788267475
0.420009204871683,-0.09978865139244,0.895506495000077,0.108178603656233
0.417699597613155,-0.103297295820619,0.896238696883106,0.107763226748409
0.408965518435832,-0.0978476627039422,0.901086358126069,0.105907576844076
0.410076341447816,-0.104041175393412,0.899783744877772,0.106780337428121
0.402882120521613,-0.101386084018145,0.903526501610039,0.105103376823954
0.405892760491279,-0.105933019727524,0.90136505732457,0.107565309214693
0.401393177686923,-0.104647937839463,0.903578766168785,0.107134211815081
0.399580829319533,-0.106547011394395,0.904125999749327,0.107420071590546
0.395565188280219,-0.104205999272505,0.906139901122318,0.1076093449961
0.393447893717463,-0.105139915592419,0.906908205793639,0.10799008909466
0.386689920583237,-0.103934417289469,0.910155955081643,0.106229372828099
0.389183702592524,-0.106790679024814,0.908458119492908,0.108791735151172
0.382613613144904,-0.10453611042151,0.9116616989371,0.107480097437917
0.383070469184286,-0.106433529587048,0.911057981823376,0.10909753972703
0.376642578957263,-0.105999830633912,0.913994038207561,0.10732801005814
0.372985429749477,-0.105781303637535,0.915538138766256,0.107154568076966
0.371698866079953,-0.107390274436822,0.915797124445488,0.107809594974832
0.368530073005734,-0.108659921755055,0.916970065708888,0.107445359548061
0.366711641736881,-0.108563324747732,0.917605943773414,0.108332397213683
0.363904962564554,-0.108799068712903,0.918672244857858,0.108523027030762
0.361321919434619,-0.108326078800341,0.919680463404569,0.109086096363294
0.355538704412383,-0.109667334249214,0.922001599498163,0.107137089685435
0.355253070873341,-0.110234562715708,0.921858627180856,0.108721057344771
0.351465163597718,-0.111044664470261,0.923281041143131,0.108136211953128
0.350203667847193,-0.112775016165229,0.923480654000774,0.108732094809247
0.348157995962234,-0.110011118959143,0.924386007099999,0.11042677859396
0.340054397275648,-0.113284198440938,0.927473780821569,0.106405277903092
0.341794411026839,-0.113935060806884,0.926433376287928,0.109163097287951
0.343914928668543,-0.116235091381611,0.925078897431892,0.111539046511143
0.340319601848267,-0.11741308939797,0.926332470604873,0.110927403913252
0.328563343272073,-0.115708980705482,0.931296685016709,0.106508430271343
0.329727478446361,-0.114484932647803,0.93067571322039,0.109616180264369
0.328619817801582,-0.117415724377597,0.930678085876321,0.109821962678358
0.324481713534165,-0.120768334530971,0.931906213903035,0.108062183234742
0.316374927192787,-0.117123291072879,0.935323576467349,0.106577893750738
0.315236087278091,-0.11855430622267,0.935443371731894,0.107316280388983
0.311800348328157,-0.118871041936663,0.936576899797166,0.107116427020605
0.315407921267195,-0.118381842255458,0.934929443937268,0.111402502149914
0.307268741657957,-0.119854274333878,0.937849819665623,0.107974946524616
0.304272164432667,-0.117949504288168,0.938956894019891,0.108932619366997
0.297940260414162,-0.118486105142639,0.941146419350771,0.106939522421276
0.299018159277695,-0.121958262079331,0.940223250670174,0.108141396476927
0.300365822382451,-0.120969983686314,0.939552046896032,0.111304029419082
0.298089133095882,-0.123452365995575,0.9400003857012,0.110912834883232
0.290494407257238,-0.12070575555034,0.942891805274078,0.1095361286347
0.28797555862537,-0.121807302453039,0.943519444489775,0.109563299390013
0.284027429605627,-0.123387613921314,0.944628753147746,0.108537710907134
0.279959236316239,-0.124164740464726,0.945827927310354,0.107775113761739
0.275772278428662,-0.122892106378826,0.947216701227817,0.107831820698398
0.277699892138417,-0.125656133306934,0.946068938475338,0.109758233043394
0.267938364467927,-0.123192008787399,0.94951252212159,0.107045467683014
0.268064078820999,-0.126786436453426,0.948950180927693,0.107519315913879
0.263118345612798,-0.123385065222584,0.950714088969098,0.108109125043449
0.262231370410349,-0.125002407883736,0.950662972258294,0.108853201941904
0.258969545673554,-0.12450668951311,0.951587580433857,0.109150975461317
0.255340877741545,-0.126119278731575,0.95245662110137,0.108265177257357
0.252705847079894,-0.127485376564956,0.95299895716274,0.108075072336109
0.256199065414575,-0.127654843494354,0.951583217716667,0.112052039575926
0.250929666781958,-0.130326711248354,0.952897997569712,0.109702583795997
0.241537475290738,-0.125177200033469,0.956137607808477,0.108587253194104
0.241613825607256,-0.12955680875769,0.955538972386387,0.108549826488652
0.240620781763857,-0.130490996594283,0.955551392165687,0.109522947921424
0.234109598049755,-0.130731640146981,0.957358097447557,0.107551883372896
0.231137262692968,-0.130030118746116,0.958108282225194,0.108149218883731
0.231565334135438,-0.133384000970994,0.957472605370641,0.10877690139211
0.224327177335435,-0.129896811357797,0.959735432172031,0.108222161045506
0.227430231374337,-0.134260664526952,0.95821126233682,0.10991242217636
0.22567478190705,-0.135343988280044,0.958424366081597,0.110343246955787
0.214030568888232,-0.132314381958496,0.961894858128097,0.106967760633981
0.211117630771705,-0.133436774410569,0.962414242258998,0.106690203436323
0.212782730825579,-0.136190665989148,0.961480794555184,0.108306480237213
0.211839267938558,-0.137761790606022,0.961391114928802,0.108963010899266
0.206374267875104,-0.137125710771352,0.962771683448278,0.108059643505957
0.201823277394363,-0.135083415344903,0.963980023715471,0.108454365878343
0.200780860715378,-0.138575719510628,0.963749979143372,0.108026819048113
0.191695635518657,-0.134596501612591,0.966301386237148,0.106762334336207
0.192080271132814,-0.137757513739529,0.96571510341818,0.107342330326215
0.189852953804903,-0.139601437400335,0.9659221280063,0.107059503245129
0.187732837792676,-0.140911137957636,0.966139034543689,0.107125154584633
0.183342302959478,-0.139793522830941,0.967140958774148,0.10715286641734
0.183062915683932,-0.140833724886219,0.966896308708255,0.10846823978622
0.178648469341648,-0.140525282442774,0.967813541613932,0.108047758259772
0.170734723847422,-0.141804462200104,0.969431429843732,0.104612864428912
0.171347056969882,-0.144503251973967,0.968824757378424,0.105534760753729
0.167292061730558,-0.143375017192323,0.969672823277285,0.10579029409402
0.166916396685306,-0.14407789994483,0.969474578511749,0.10723580038657
0.160168985767235,-0.139806998582859,0.971183577369979,0.10771424321972
0.159525494717132,-0.145082858690753,0.97066786031416,0.106331959459534
0.159162038074149,-0.147736643522109,0.970292933006107,0.106644052601687
0.155130789818739,-0.146175465834577,0.971121816445412,0.107189499775035
0.143314003201725,-0.142780115509808,0.97377395145277,0.104111606333589
0.147323278877774,-0.146743505405919,0.972350664372571,0.106284432614119
0.145775273056167,-0.146918973761972,0.972442591174153,0.107330292949511
0.140649596685196,-0.1473233180079,0.973275014720184,0.106062607194339
0.137819735818051,-0.147751622509389,0.973602339387761,0.106177507992818
0.132989997021077,-0.147221737143054,0.97441019300435,0.105660761752609
0.128014715437441,-0.148076076112117,0.975104938327268,0.10419245445081
0.127041418001274,-0.148501036441206,0.975032014828501,0.105453735579103
0.12228375117143,-0.146972859598004,0.975853036323239,0.105624401724901
0.122917374239901,-0.15079155633995,0.975180284736513,0.105719619313339
0.119462288480385,-0.150001608161582,0.975676756057978,0.106222158084603
0.115163148277802,-0.148462493566282,0.976376532403291,0.106701472599737
0.11449187713068,-0.153485835038499,0.975843580743133,0.105180865351297
0.107851844881622,-0.152933574490624,0.976859511263699,0.103560593870445
0.110675432354733,-0.15241382140357,0.976168702257821,0.107775880653027
0.105278046231161,-0.156572256097486,0.97653189203412,0.103861087239423
0.0990986785835786,-0.154642915573543,0.977531059778107,0.103431367268322
0.0928234539130724,-0.152621193595539,0.978506935707775,0.103027930392208
0.0993055037446543,-0.159171147493258,0.976633169066483,0.104836137905109
0.0922817678029738,-0.155381812534832,0.977897340728083,0.105153975966158
0.086364846983707,-0.157117609898682,0.978448893578204,0.102435016087253
0.0854469332411512,-0.156704678715786,0.978397431878008,0.104311699069585
0.0836988274449461,-0.159323981009621,0.978202933020997,0.103582803537589
0.0751935836132373,-0.153694323338759,0.979713104623997,0.104337014452441
0.0781422491932321,-0.160483428491522,0.978468770013788,0.103622990587678
0.0693305602134188,-0.157440300670999,0.979756745131651,0.102384303065224
0.0667649676829319,-0.157649412889505,0.979856581026631,0.102811391998611
0.0646230178196079,-0.158222055475385,0.979862068260738,0.103247149659541
0.060145769928568,-0.156873558198209,0.980327497580041,0.103591363473929
0.0599861976477944,-0.160213201726475,0.979830104146075,0.103278037807671
0.0552862115278477,-0.160624992086142,0.980152417834005,0.102197282480405
0.0511111613098762,-0.160010732792006,0.980478979374167,0.102201690721403
0.0511856670755102,-0.163787404987627,0.979905086840958,0.101684483755723
0.04733768432712,-0.16292074851448,0.980201988297105,0.102078575050937
0.0429901051287394,-0.164132409598088,0.980352301925962,0.100606993241092
0.0427050465379485,-0.165771251877505,0.980004911364477,0.101422604742039
0.0397000734659774,-0.166274690342886,0.980055082719121,0.101334428278798
0.0374191095813151,-0.16669306082735,0.980028076230486,0.101775259813593
0.0292252967120372,-0.165861366752472,0.980697047304259,0.099343799302241
0.0301462497706238,-0.16719846167256,0.98025612249775,0.101162306936786
0.0266770183998142,-0.168563548987748,0.980231714671993,0.100102208732648
0.027319202954089,-0.169949278938223,0.979811756667799,0.10168493120366
0.0139628255717918,-0.162909188690838,0.981380889853393,0.100782859518412
0.0171878685537899,-0.168206164091073,0.980416926564505,0.100964912926001
0.0163808007842337,-0.17090359887863,0.980005156821141,0.100566007477532
0.0183830343590144,-0.172236996139051,0.979477781076642,0.103052208059457
0.00948165514536804,-0.169678072123205,0.980206555747201,0.101560613066615
0.0070572344360387,-0.172323058970906,0.979914096270758,0.100116545679959
-0.000235983336916113,-0.170137244959908,0.980397674555247,0.0993663017123081
-0.00383959889236396,-0.170222094156706,0.980391323306825,0.0992096231519111
-0.00850733200285712,-0.169300229649053,0.980524297333448,0.099182457530142
-0.00592302801850246,-0.172606726643759,0.979836660469804,0.100458720158084
-0.0142460776694382,-0.170753157597709,0.980246104880734,0.098782500006823
-0.0127884697510514,-0.172180741592267,0.97980374901406,0.100870514443794
-0.0132685177387139,-0.1756903987866,0.979272761061127,0.0999084063276951
-0.0210862336427176,-0.175066941732194,0.97948782890777,0.097521944632192
-0.0229435603321431,-0.175073087388482,0.979337444058874,0.0985960332659628
-0.0267346851595181,-0.176295717072782,0.979149214433621,0.0973236488487678
-0.0291622232835884,-0.176589544873373,0.978982832800425,0.0977666121773066
-0.0398766986244267,-0.168570385992639,0.979801954008436,0.0999099834569152
-0.0372681112576525,-0.176078093675087,0.978835034343681,0.0974144155268585
-0.0379847913218668,-0.177715572513384,0.978468946763068,0.0978409481497738
-0.0438796295518117,-0.177577954950074,0.978400041171904,0.096301648277491
-0.0458373875562383,-0.177398518113031,0.978224525922397,0.0974960335460975
-0.0484896778809845,-0.177928125505714,0.977992041227262,0.0975802264250049
-0.0498706956696746,-0.181560172837597,0.97743751188689,0.0957325843637875
-0.0508165751319538,-0.183543011624644,0.97702543482321,0.095660536712545
-0.0585574748331177,-0.178983576279694,0.977320235886407,0.096855862446406
-0.0572719815572392,-0.183337846855823,0.976659770902161,0.0961397209280143
-0.0606911600726862,-0.181869367946225,0.976591768415555,0.0975122246431229
-0.066087278998569,-0.181465778568536,0.976412347802403,0.0965482771574845
-0.0674363704520087,-0.18432793469923,0.975902323496408,0.0953425583047148
-0.0737510821754652,-0.181413126300754,0.975918803735218,0.0960861280297807
-0.0766424142704615,-0.182293678783312,0.975574475518998,0.0956524841615416
-0.072608899449366,-0.187809800116494,0.974835439708424,0.0956623864924901
-0.0793297413847715,-0.18492095896195,0.974819301724103,0.0961163880644222
-0.0840291502871643,-0.186650283218009,0.974343558109937,0.093570318190765
-0.0908935052165596,-0.184673784618008,0.974153801182883,0.093050177996873
-0.0891355319113257,-0.188321870703252,0.973602919412499,0.0932045346384598
-0.0954741994590415,-0.18722855642603,0.973308896070642,0.09219510684428
-0.0966009235386773,-0.187203978322408,0.973040973604048,0.0938839483587252
-0.1015247347479,-0.186699342981025,0.972690394694265,0.0933245928699264
-0.104100046503822,-0.187629953618397,0.972268034844996,0.0930217675692611
-0.105759792406687,-0.188084648569548,0.971920760186617,0.0938566310967597
-0.112579403374097,-0.186813976762161,0.971510800919559,0.0926994051700237
-0.113632592069001,-0.190760519867204,0.970836945590973,0.0904084241388164
-0.119481562170139,-0.186902985204491,0.97067718044814,0.0926133995719925
-0.118443689254386,-0.192312821327903,0.969964505182693,0.090309079911193
-0.124580280873525,-0.188522643547534,0.969756256175816,0.0922592547942395
-0.125518022803197,-0.191051680384609,0.969215803666042,0.0914615071917248
-0.127494276888105,-0.190158750919747,0.968940270875579,0.0934858828111494
-0.129108848452814,-0.194270164524167,0.96819446717559,0.0904957576769057
-0.131727647636793,-0.1952580666296,0.967684950547046,0.0900441599933603
-0.137395821238239,-0.192403452840918,0.96733962673978,0.0914185220844569
-0.142081610841308,-0.19277262936812,0.96671474392218,0.0900784830618011
-0.144880373230331,-0.194613049389823,0.966071553108531,0.0885505095090041
-0.143883606997677,-0.194992603306136,0.96587122735349,0.0914776719418276
-0.152073625671378,-0.194352287926468,0.96501651070996,0.0885659901434097
-0.15866195336176,-0.191561160618749,0.964451036609358,0.0892463124222121
-0.152578155007725,-0.197639133880646,0.964158386814127,0.0897623780284799
-0.162231174510473,-0.195620155792267,0.963226912929569,0.0872222154782546
-0.160452745603446,-0.196977652645554,0.963019758474971,0.0897087820303704
-0.164697633866988,-0.198583977836714,0.962198716199005,0.087250923720902
-0.172082908139887,-0.196555692209612,0.961394114901452,0.0864562803905736
-0.168524589650578,-0.200158400632687,0.961161841890681,0.087772381946614
-0.175896225289697,-0.200091528405365,0.96012760789428,0.0847282405603293
-0.177974650251013,-0.199165038690511,0.959747580607663,0.0868498287227686
-0.174875407968397,-0.20324671510394,0.959429030957982,0.0872083656673619
-0.181305236312493,-0.200764587948166,0.958710854992029,0.0877239307836033
-0.184709073702079,-0.202068862699584,0.957926405150054,0.0861843091038704
-0.189989215000663,-0.200820197579966,0.957157699040506,0.0861654547650038
-0.196131102793015,-0.19883803754147,0.956316008401227,0.0863464962774875
-0.195388051160808,-0.203628855322608,0.955677321525447,0.0839026570826722
-0.203024971263578,-0.200946785741072,0.954670651516892,0.0836970577503603
-0.199980505838034,-0.20257735434261,0.954678089372951,0.0869480216193857
-0.205028017671499,-0.203114829039171,0.95367281859686,0.084947238116398
-0.209135569302543,-0.20378997136455,0.952762702324363,0.0835176285781324
-0.207053356158179,-0.206028622588817,0.952585057693921,0.0852221933304797
-0.210029562906568,-0.207093103589355,0.951790679866104,0.0842290381698824
-0.212773624887575,-0.208106880902918,0.951025975242383,0.0834775723612874
-0.219457996783033,-0.206617489298745,0.949907455477085,0.082602825574623
-0.223295734018664,-0.205926233336999,0.949120048968169,0.083093527060543
-0.226852346403608,-0.206800427039562,0.948197431232915,0.0818121489189313
-0.225802000771497,-0.209080116366169,0.947880108596809,0.0825969800561674
-0.233076086264056,-0.207419844400587,0.946583724023882,0.0814358617179547
-0.238618925379766,-0.20643431728913,0.945467102541966,0.080856905127983
-0.236268139229115,-0.208888452500934,0.945374163188442,0.0825267979066739
-0.241042955217407,-0.209501920982034,0.944207163109064,0.0804988942683761
-0.244159316946404,-0.209473450525402,0.943391742942767,0.0807410726994312
-0.244320405793353,-0.213341284283921,0.942686465272275,0.0783279255790896
-0.249706675303353,-0.212320419223669,0.941540289757691,0.0779005690135515
-0.251092797237471,-0.214902862324924,0.94073222374107,0.0761055198733843
-0.256739413487535,-0.211624390455536,0.939752159368676,0.0785230532283975
-0.255592191239615,-0.21312353067942,0.939565321614301,0.08042387001311
-0.262132086515464,-0.21242420946114,0.938078900798238,0.0785538053249413
-0.264313053960476,-0.212833228767078,0.937335197969285,0.0790148902837192
-0.267157592915204,-0.212639974409014,0.936511922122453,0.0797275457642843
-0.269724359513891,-0.214623103466363,0.9355003847469,0.0776190922498444
-0.275237277858491,-0.214008043231038,0.934126969918485,0.0764970743256247
-0.278867026579346,-0.21362724332769,0.933115613739866,0.0767582815719579
-0.279238308835807,-0.21702507253042,0.93239789884047,0.0745670370174404
-0.277968180368652,-0.219383518989224,0.932161200669614,0.0753661612703521
-0.283639060591945,-0.217263557813969,0.930876168765104,0.0762560697763531
-0.28261358096718,-0.221084543697661,0.930415945726097,0.0746817000979334
-0.286128596156556,-0.220075854568621,0.929477931597577,0.0759461609988255
-0.294315887269965,-0.218931244054544,0.927421378376693,0.073053787082517
-0.294033203140795,-0.220289650865077,0.927082431646341,0.0743983205805965
-0.298885756231137,-0.218728728851408,0.925829557696358,0.0752640551189949
-0.305389767378801,-0.21836091794363,0.923993919567237,0.0727381337257942
-0.302572066747198,-0.221304717943107,0.924111146087185,0.074114478463254
-0.307297861135449,-0.220880719529127,0.922711105617024,0.073375389967498
-0.311719960726626,-0.220721502316838,0.921333402932068,0.072508241884656
-0.314136054379874,-0.220905551060661,0.92042454762873,0.0730611317437529
-0.315492836395706,-0.222896897607839,0.919577585342269,0.071821360025231
-0.320520464165077,-0.22153860626379,0.918134587190322,0.0722229727369155
-0.320563340310025,-0.22709660031105,0.917185649191317,0.0666090376296227
-0.326219273425892,-0.223402796013218,0.915839862552964,0.070067985113945
-0.331386252521186,-0.222535157187605,0.914235983849446,0.069525687988601
-0.329392145430746,-0.225257090209277,0.914221171069361,0.0704251958289449
-0.330937822474257,-0.226410209312541,0.913389854461204,0.070267692024064
-0.334894216879133,-0.226240619005565,0.91202314582705,0.0698199633960292
-0.336672310569694,-0.227640469989109,0.911081617568683,0.0690062160043088
-0.345325050873059,-0.224119899051041,0.90869334245317,0.0692624679762192
-0.344559215500765,-0.227927962970108,0.90820316087196,0.0670433389083101
-0.345605009563473,-0.22824922027171,0.90759592053247,0.068768567258644
-0.352720094337453,-0.22563471211878,0.905482559663962,0.0691291970302976
-0.353027363631479,-0.228877351012382,0.904733196317967,0.0666684498187666
-0.360462583627824,-0.225799789470688,0.902513048361062,0.067463904551761
-0.358454610375015,-0.229747791905515,0.902408435968045,0.0662212889420236
-0.370657115153236,-0.222772243908673,0.899035422275468,0.0687105510394588
-0.367042907684612,-0.228552236285366,0.899273967775667,0.0659523319405173
-0.36926182022449,-0.229913077369403,0.898115419850722,0.064609423502989
-0.370374343244556,-0.232487076106595,0.89715707157433,0.0623040466883416
-0.371332649613188,-0.233642262564893,0.896433930595757,0.062686238932068
-0.375488143310091,-0.232932967448698,0.894873416554147,0.0628685553658817
-0.380455458892484,-0.232521809493807,0.892969198714342,0.0615894638400281
-0.378260763985335,-0.235591337594614,0.893067226651731,0.0620197126742501
-0.386423946773257,-0.232019575051009,0.890439736341988,0.0629327108627852
-0.390714143887489,-0.231108783563028,0.888773538567252,0.0633465474112823
-0.389078550857319,-0.235032353180036,0.888590307837163,0.0615218582235579
-0.394172575773968,-0.232984024260979,0.886768783282176,0.0631470501537806
-0.39672653106598,-0.234294010035765,0.885409342804384,0.0613569236877449
-0.398469931549244,-0.23607595419476,0.884272984862779,0.0595914905338509
-0.404013769556823,-0.233864752025852,0.882245923774219,0.0610105052605499
-0.4068669238754,-0.234779454915893,0.880789316556724,0.0595658765158734
-0.406512788500103,-0.236907466394281,0.880381024248292,0.0595941045409754
-0.414895449201162,-0.23368657030735,0.877327044985467,0.0595785970565202
-0.412478746745522,-0.239188999369053,0.877257603800128,0.0553985797555467
-0.413730392997311,-0.238564705153232,0.876608234531149,0.0589240741770658
-0.421404911010838,-0.236805352804777,0.873563231472933,0.0568190679043556
-0.424010973109698,-0.236059685233694,0.872359365110854,0.058988624270486
-0.424137849485723,-0.23979706644207,0.87153494889975,0.0550571013195733
-0.429154988699792,-0.237483202223941,0.869558543692116,0.0574078690389271
-0.427675758892571,-0.241591140301235,0.869330981957755,0.0546882984922628
-0.433085944235969,-0.239634984163476,0.867120511265371,0.0558001631995084
-0.436033309367173,-0.239077097931744,0.865706962745974,0.0571712254546591
-0.435697222743935,-0.243283935533923,0.864989938928415,0.0526617732037532
-0.438452022395092,-0.242496260096149,0.863688250432275,0.054753940152938
-0.439813017818841,-0.244495599440772,0.862560223585966,0.0526903397076648
-0.44798005738409,-0.241285979172432,0.859244519480931,0.0528564109917854
-0.446602509176589,-0.244260899631748,0.859155601058852,0.0522921110442699
-0.451018421575126,-0.242780441826103,0.857177671299161,0.0537259740977417
-0.457896121326329,-0.241383139064699,0.85405201661554,0.0515797941495065
-0.457352472760797,-0.243506150422296,0.853729120503173,0.0517692879125935
-0.460523691971709,-0.243436312285178,0.85204417785417,0.0517436950608631
-0.465793738876853,-0.242361093099743,0.849524035930594,0.051051011261431
-0.4658341243283,-0.245394207781458,0.848793566449885,0.0482673072781315
-0.467908926115679,-0.244834982088247,0.847657506268678,0.0509295638454195
-0.469017951012046,-0.245007057608647,0.846850013118422,0.0532800021747682
-0.47446396181472,-0.244755802757813,0.844062380525832,0.05037106050625
-0.474821787679205,-0.24739353850765,0.843232968146315,0.047946516880204
-0.480942228410625,-0.246437958761951,0.840169719046388,0.0455823278275387
-0.486277956345763,-0.244695208289985,0.837566029339125,0.0462725697276621
-0.484191678859851,-0.247419090382557,0.837917280021795,0.0472952817733845
-0.490246048537832,-0.2461136768914,0.834858111793395,0.0458126959783521
-0.489899548004539,-0.248010750993838,0.834478359665064,0.0462057085988776
-0.493598498598923,-0.247738585563549,0.832401607317908,0.0457567430924077
-0.496338111338464,-0.248847964638405,0.830573028419901,0.0432621565537804
-0.49663816984964,-0.251283727287237,0.829764291963885,0.041209664287722
0.505294976157679,0.24668303710178,-0.825768477996303,-0.0439418595842322
0.502560078554395,0.250202764858945,-0.826377548713155,-0.0439555557714463
0.504600832527136,0.250202143599256,-0.825053214936513,-0.045432143623031
0.505227650518038,0.2527031035344,-0.824059314457294,-0.0425723956605768
0.512179098484817,0.249212008442192,-0.820678320516151,-0.0453104861845217
0.510263292800338,0.253239164590266,-0.820789864795226,-0.0424887677818001
0.517365226654525,0.250125092142726,-0.817213116459966,-0.0439702492043726
0.519493833220491,0.25196445514121,-0.815489446073346,-0.0402123604661646
0.523252944575763,0.25133870185834,-0.813263295590357,-0.0404725213752295
0.527471124386447,0.250940560426219,-0.81071727138105,-0.0392498911582761
0.527346470413327,0.252968368872777,-0.810187975698874,-0.0388348879927983
0.530375284959097,0.25295178509968,-0.808223927033092,-0.0386203999286569
0.534082747288718,0.251801793903507,-0.8060473797337,-0.0404857661400554
0.531115821779626,0.256989902768969,-0.806586199987058,-0.0359287589625006
0.537883512264242,0.253175827303151,-0.80310634901351,-0.0400439743012427
0.54152937170298,0.25380668704205,-0.800614295040002,-0.0366722752677799
0.539944414866023,0.256354324344451,-0.800841303079221,-0.0373590220330207
0.540870159653578,0.257828824179646,-0.799781317827547,-0.036518645545621
0.544921333129468,0.257697349294359,-0.797153787235098,-0.0346216170015909
0.543605576813378,0.260375004473847,-0.797195025334044,-0.0343209190624441
0.549353226726247,0.259138791935813,-0.793726210957939,-0.0325087809347072
0.55214734732559,0.257996888335383,-0.791998524660516,-0.0361835513201712
0.557162160427529,0.257187629581142,-0.788823181880225,-0.0343924105947763
0.559345155881142,0.257667945579312,-0.787131389114591,-0.0341233451433423
0.561020650248865,0.259279560649531,-0.785531175763556,-0.0311562405827821
0.561681265837117,0.260700705801386,-0.784598696213999,-0.0308898608214023
0.566950999282,0.258881138122808,-0.781369654114597,-0.0317582173022487
0.566482824647564,0.26125477145645,-0.780963102229173,-0.0306559411393979
0.568138973158248,0.26211799388482,-0.779490346910184,-0.0301174954856706
0.573412357266159,0.260183184190558,-0.776220640486348,-0.0313766869170808
0.577438069613122,0.260230277767588,-0.773329833098563,-0.0283980198996963
0.577038728223749,0.261477319197288,-0.773104234852952,-0.0310766749789815
0.582087299054012,0.261175552413877,-0.76956887608422,-0.0269342173411873
0.58072388255701,0.263341568567079,-0.769803260133622,-0.0285294791433164
0.581472487722016,0.265575043869228,-0.768593340499444,-0.0249783713666844
0.589162392543536,0.261373231960442,-0.764026716656744,-0.0288943776822551
0.588666291893692,0.263874971377857,-0.763611328423092,-0.0271980766302597
0.594039903948284,0.262089628580009,-0.760042628804352,-0.0275829930949517
0.593430662331747,0.265082054029452,-0.759595327925534,-0.0242175851341601
0.594952248476064,0.265385881861543,-0.758240152147803,-0.0259620379154644
0.598233183338313,0.265203106699347,-0.755742655964637,-0.0252469504186186
0.601827550731694,0.265433706624745,-0.752903613582857,-0.02201579482131
0.606535153775378,0.263701160102442,-0.749675015157698,-0.0237524113220104
0.605528833513787,0.265951471624054,-0.749677837107587,-0.024244320450832
0.609104786085685,0.26665098145003,-0.74668014723474,-0.0189042689558275
0.610176512096384,0.266661565513159,-0.745680508516962,-0.0231692205705689
0.615369582008094,0.264879067989272,-0.742018178925478,-0.023840701005537
0.616594560402439,0.266674187517346,-0.740468837072396,-0.0200481200799405
0.617878505579269,0.26709219352713,-0.73918893863423,-0.0220822440162896
0.621634639665188,0.267717059895186,-0.735962708197089,-0.0160263143802885
0.624824826062722,0.267226560312588,-0.733423960700692,-0.0165286439039124
0.624233535874122,0.268567912429163,-0.733351626522911,-0.0199790134824925
0.628809761919974,0.267742896461606,-0.729789143109116,-0.0178838281292532
0.629712012863885,0.268751286566751,-0.728627159482712,-0.0183844849747247
0.631254869188789,0.269820070432265,-0.726938474316533,-0.0165793327888565
0.634788939174854,0.268755557760943,-0.724196710483487,-0.0187770444629786
0.64023528449055,0.267960202869458,-0.71980492545173,-0.0133033629918242
0.637468295153551,0.27140532455926,-0.720961194175681,-0.0137214783344862
0.639397264984956,0.271555054743715,-0.719167143671054,-0.0150867238628355
0.642929294445777,0.270776427196721,-0.716289769020659,-0.0158434722950682
0.647627579128398,0.26976258616553,-0.712473349370223,-0.0137256072634784
0.650394785798587,0.269996098336054,-0.70989670107283,-0.0116362921599327
0.649573340607033,0.272556691067099,-0.709697236905509,-0.00985683802537911
0.65484752887526,0.270784752290449,-0.705521853011105,-0.00944705121941358
0.651497744879161,0.274772944103522,-0.707084703729715,-0.00904098210983577
0.655997942373369,0.273070696871406,-0.703543350161359,-0.011218224271353
0.660485670051899,0.271833361099072,-0.699821596117988,-0.0107255329260616
0.657866106855556,0.275715912321989,-0.700805775618289,-0.00801161676662418
0.664603220085371,0.272654650579051,-0.695611251685708,-0.00932673029601525
0.665902326737095,0.273299006075975,-0.694100644616842,-0.0102975563359467
0.66088766253408,0.279063468163765,-0.69664877704926,-0.00561780049688678
0.670655435789458,0.274126343290307,-0.689232560934923,-0.00587463253535295
0.672597282543445,0.274823845650043,-0.68707499859428,-0.0035631003303171
0.671961555728364,0.276306804296301,-0.687069511416231,-0.0075963152215306
0.673459998747216,0.277393054554587,-0.685188381539851,-0.00464813673169249
0.678451121684908,0.275403641673621,-0.681039832707371,-0.00645413846417424
0.681282449935406,0.275418443125792,-0.678217765906462,-0.00442341553811548
0.680948029748655,0.277441672184981,-0.677734601690175,-0.00342183992713547
0.682860235692412,0.277602610542606,-0.675733561021815,-0.004779501941585
0.686056363336109,0.277542082149238,-0.672529243970926,-0.00121448186150335
0.689285901491479,0.276762394746752,-0.669536835393088,-0.00281938130287815
0.690522978219088,0.277849832482151,-0.667815260518182,-0.000514742764121856
0.695253449832901,0.27609855929493,-0.66361885491683,-0.00149714714990383
0.694782206755245,0.278306409527619,-0.663191562743479,0.000422726884265453
0.698577525167532,0.277266814854219,-0.659630617788408,5.27966400103412e-05
0.699863610006858,0.277994823316365,-0.657958801976652,-0.000143174441827719
0.701280498591927,0.278836824906694,-0.656089380158252,0.00155325920965483
0.704237643310125,0.27843198035513,-0.653086322756309,0.00179696665628932
0.705621658651523,0.279287323090175,-0.65121709988893,0.00359927982360109
0.706922121060878,0.279539380498198,-0.649705952497792,-0.00101232129810513
0.710193356488798,0.27945534958522,-0.646147555125106,0.00484158994806791
0.713156308959048,0.278930031414656,-0.643108233452536,0.00423280432853665
0.712427499619698,0.28153806484165,-0.642727929703509,0.00917519535950066
0.713889359853966,0.281794476241355,-0.641032808369654,0.00554920182270659
0.716019418224245,0.282054005466332,-0.638521500326723,0.00721279049484921
0.717283355344028,0.282788056248333,-0.63677415920641,0.0073602687907711
0.71993719357912,0.282572446088801,-0.633860054037871,0.00804250632072938
0.723663956561736,0.281337826140162,-0.63018052309642,0.00565807971529607
0.724015893070161,0.282854033228112,-0.629076366482347,0.00758337667370435
0.73052853747933,0.27974198599794,-0.622912708598671,0.0072273552912823
0.728454208575736,0.283027659782303,-0.623827190239583,0.00945761726005608
0.731128894355735,0.282685949118731,-0.620850627560531,0.00914834775777237
0.735816641880353,0.280738103737297,-0.616210061443719,0.0067191381466701
0.735191843401967,0.283118544541196,-0.615790726569243,0.011773878010903
0.736612466902301,0.283645316000188,-0.613862491565367,0.0109658453582003
0.73610917971805,0.285716822235356,-0.613471654906381,0.0127161964822602
0.74062757854713,0.284008998882962,-0.608810011891143,0.0126510027278439
0.742803977440607,0.284163526122578,-0.606004137758769,0.0158847895562924
0.743730865787258,0.284930614881686,-0.604583063175878,0.0125802901139719
0.746667907710301,0.284409662217977,-0.601173901296938,0.0137156856189262
0.749508155958863,0.283930972318661,-0.597836033230243,0.0145878196058431
0.749447586571808,0.285776321273276,-0.596874069242295,0.0200388284924362
0.753495283440828,0.284207367355277,-0.592623309212937,0.0163903493226213
0.753769159197824,0.285635632600396,-0.591556837284871,0.017459905288918
0.75391940673161,0.287150159396809,-0.590595569141542,0.0186329767407666
0.758406816733072,0.285365318237447,-0.585673537295296,0.0192936049525336
0.760551606145843,0.285313546789907,-0.582932238968702,0.0186397204399074
0.75905015665087,0.288100122458223,-0.583426415840101,0.0213259566683417
0.763579651667615,0.286207872526645,-0.578479252911429,0.0198222908355733
0.764442289488865,0.287137210372927,-0.576878416822473,0.0197863757336475
0.764333856159897,0.288832095967339,-0.576088208615748,0.0221845117312587
0.766980824886402,0.288384205041376,-0.572776953416524,0.0223947800639685
0.7703802261226,0.287343592082056,-0.568677770930686,0.0235278587631308
0.773232541162361,0.286704072195487,-0.565136419666778,0.0230876469207645
0.773624201741822,0.287974695207723,-0.563819443692961,0.0261496522559361
0.776125462697457,0.287605000712687,-0.560668138316474,0.0237459132158095
0.776008766839983,0.289258857724764,-0.55987494642724,0.0260720420824587
0.778638267551901,0.288739264723667,-0.556371774693703,0.0283290246000417
0.781016627666139,0.2884292296158,-0.553200308274056,0.0281251797814042
0.780347969265345,0.290542694324845,-0.553084071743529,0.0272029267085407
0.782266322573104,0.290550564125451,-0.550243116281512,0.0295344415749451
0.785338148832795,0.289614847225326,-0.546221499754896,0.0317695681437853
0.787970988206372,0.289103600759116,-0.542780699419142,0.0301652467461171
0.784983904882802,0.292944209960068,-0.544794957391323,0.0343862374621989
0.790069458747837,0.290484123561998,-0.538872657159042,0.0320231740880009
0.792808332713036,0.289857837114296,-0.535234014503393,0.031015021566645
0.794167629548676,0.290302654023099,-0.532955384517123,0.0313161836498005
0.796127792587743,0.290173857382177,-0.529961666619799,0.0334709168515207
0.797705328254338,0.290537619046925,-0.527526869280084,0.0311368492422588
0.799254188635016,0.290652084651215,-0.524881089844094,0.0348417732235468
0.803873977949373,0.288460571857298,-0.519131187460776,0.0328623837415314
0.802272329027221,0.291266090103359,-0.519922824542391,0.0346905081110489
0.804566650127195,0.290946203523869,-0.516593214386205,0.0339744464013788
0.808169753086332,0.289404210289632,-0.511737107239922,0.0350996629147373
0.804368727159609,0.29373038592043,-0.514723405985993,0.0421096958531372
0.805608308440596,0.294470963546093,-0.512670975855657,0.0380864216608147
0.810447950585017,0.291992469125319,-0.506479614059904,0.0373218154485504
0.811405073357107,0.292713760697042,-0.504515342338875,0.0374797355064113
0.811719661639385,0.293825580297686,-0.50318668710911,0.0397602463137262
0.815305146575972,0.292306510558774,-0.498257411481889,0.039673338088097
0.816199642014163,0.292960555835819,-0.496284483010369,0.0411578549422964
0.816473137559602,0.294072386430044,-0.494977516239601,0.043477644832639
0.819977951852967,0.292760588598651,-0.490136982173744,0.041147721006146
0.821137483764405,0.293199870812148,-0.487844390782054,0.042129786319046
0.822922741868351,0.293100485147005,-0.484819636845431,0.0428973921296919
0.822695947736827,0.294616415183541,-0.484075851569483,0.0452008341635818
0.826067087410725,0.293491012019438,-0.479297407553771,0.0418352491662433
0.827962054385914,0.293116604171497,-0.476041492210477,0.0441133828905637
0.828695110059185,0.293484729401064,-0.474051848498419,0.0490507197461086
0.830706042524379,0.293585333391493,-0.470825349238812,0.0453719455725819
0.83055317340315,0.294558351575656,-0.469827258642221,0.0517605129777908
0.832128860512711,0.294970022701324,-0.467086107966968,0.0488345467232643
0.835242032958725,0.293612519482324,-0.462318414508215,0.0492353367900373
0.835157698536585,0.29521047405274,-0.461457974330975,0.0491826444082147
0.837049650818934,0.295465946193606,-0.458265512861989,0.0451716329697632
0.83708336831904,0.296482687314729,-0.457143663485057,0.0490828029125003
0.83845298671443,0.296699761247567,-0.454453871374708,0.0493712420122146
0.840400826471579,0.296088230543608,-0.450953635380372,0.051952183175185
0.843060537062366,0.295248018131803,-0.446633888215538,0.050948096478938
0.843972899575805,0.295509996612528,-0.444389173905575,0.0538688110059231
0.8449453021368,0.296169730014334,-0.442163562402945,0.053313333260316
0.845125218180748,0.296977767996307,-0.440807552097114,0.057063761924926
0.849635613689375,0.294318142485611,-0.433995185502533,0.0560743605859316
0.848847210380526,0.29624521753156,-0.433933659063744,0.0582989198049835
0.852315778597209,0.294097118723287,-0.428297132473166,0.060218474143385
0.854329210546887,0.294349243013742,-0.424736813482319,0.0554865967279921
0.852874692481205,0.29710615772932,-0.425611503687784,0.0564582845385295
0.857088053335234,0.294488813042643,-0.418923159990932,0.0563896608073285
0.853790006576566,0.298359910609921,-0.422159152351448,0.061689857324638
0.857931673363084,0.296029856823088,-0.415579429833907,0.060110774480498
0.85678564774975,0.29848640338313,-0.416055723394373,0.0610070146477435
0.860959184380878,0.295575811618694,-0.409248825666205,0.0624469463384321
0.860452450911398,0.297930902538493,-0.408936670716516,0.0602457996582316
0.863100518670551,0.296253231829825,-0.404118088848423,0.0630879351897656
0.864325527157339,0.295886292040526,-0.401227720943732,0.0664003104887023
0.864616759338558,0.29779925639789,-0.399846088626913,0.0622620893442699
0.865720532565375,0.297547648667496,-0.397115173457749,0.0655201898409186
0.862578668040315,0.301527247365632,-0.400341877788649,0.0690343496135046
0.86719693555505,0.29873200075299,-0.392789656906026,0.0666704741073065
0.867128104333464,0.300171278215876,-0.391773513093358,0.0670788256291701
0.870269947900403,0.298298910307832,-0.386125857882175,0.0674892566661179
0.870060806132959,0.29964045374905,-0.385268105252016,0.0691250980747944
0.872208310888523,0.299041226768665,-0.381035276783165,0.0681111221200997
0.876510316334796,0.296085043190853,-0.37354574923738,0.0672821356976031
0.878527552995843,0.295102540450709,-0.369342975126851,0.0684806247862841
0.877002385292598,0.297710224857959,-0.370430967749936,0.0708260992711281
0.879385312700367,0.297054043605198,-0.365711436061229,0.0685238098671706
0.878669310548363,0.298567487799175,-0.365569975311216,0.0718073191305113
0.878765982554049,0.2996329970226,-0.364228455373777,0.0729934743460227
0.879975961734826,0.299826249983603,-0.361214325172325,0.0725998476578286
0.883400028097269,0.297023823911323,-0.354701359359406,0.0746202657153516
0.884202618662391,0.297900432568262,-0.35227876506576,0.0730803195802805
0.886062967640183,0.296681707576309,-0.348107003699304,0.0754579070858108
0.887718577477258,0.296550705235855,-0.344285475913878,0.0740332188995272
0.887482795719376,0.297361967355346,-0.343375208652773,0.0777406827558327
0.888908414679374,0.29786686487807,-0.339908918526058,0.0746932943868323
0.887279447657619,0.300873337983997,-0.34127726061626,0.0757644220001633
0.888486642177863,0.300005604954109,-0.338041273019107,0.0794746588746846
0.889410281967171,0.299902379947325,-0.335270796088513,0.0812490376754203
0.892710233489986,0.298546218464363,-0.328678046561966,0.0768722067531171
0.891668219382862,0.30015869025313,-0.329081827359099,0.0808560332326407
0.893989752963357,0.298201130262074,-0.323926058892899,0.0832485187679117
0.895018261367829,0.299339129178411,-0.320975093710528,0.0794568233592081
0.898325759954956,0.297240691898877,-0.314079411700114,0.0775430411251554
0.894452106626887,0.301932382316367,-0.319312389448663,0.0826550869824225
0.89696635702522,0.299559170307671,-0.313713582471265,0.0854367954837432
0.895692212503802,0.301983225479188,-0.314549973582684,0.0871774403636823
0.898160865048425,0.299927171595483,-0.308985557211639,0.0887619156441099
0.898937785209862,0.300332037229484,-0.306323988445303,0.0887532525518819
0.899934689954564,0.300423201845369,-0.303258635855,0.0888687424729499
0.903510353972326,0.298150148380894,-0.295640653383885,0.0858611282944891
0.902176976796927,0.30054662443041,-0.296629657038996,0.0880867506834687
0.902606736428536,0.300277459282325,-0.294455549284061,0.0918175162842079
0.905051966760688,0.299236878937508,-0.288728188283702,0.0892987180017794
0.906590970379773,0.298262435199342,-0.284533973161334,0.0904032648295666
0.90632964548678,0.299536698752094,-0.283600565163786,0.0917336320619992
0.906618582019731,0.300558533013617,-0.281669505916007,0.091485542061397
0.905996400809116,0.301856045002891,-0.281380287388362,0.0942262367145281
0.907193299092561,0.301443568817807,-0.277755369397872,0.0947842163579453
0.908677754086901,0.301416064230113,-0.273578397595281,0.0927790699501387
0.910666740116239,0.30046849078251,-0.268382596844878,0.0915180649038388
0.910828797726678,0.3005348484903,-0.266615587747534,0.0947936413728446
0.911075082724884,0.300403040758434,-0.264661887799011,0.0982562562262352
0.912508499259471,0.300945146479683,-0.260449719021675,0.094478576677892
0.914428057946683,0.299126582293833,-0.255227964074813,0.0959338363628528
0.915893077379631,0.298127730672472,-0.250838239325124,0.0966431824001183
0.915069307460082,0.299705180256859,-0.250948235047527,0.0992469183313064
0.915608168168468,0.300803742978959,-0.248355444517339,0.0974595494121788
0.916953813514349,0.300096653104826,-0.244128144909032,0.0976685801066484
0.917251024795189,0.299941036229833,-0.241993523760393,0.100623390698077
0.918526593736936,0.299367161671274,-0.237845736868866,0.100586304058817
0.916382071058968,0.302424613464166,-0.240642945475507,0.104279556028963
0.92085290861484,0.298203059547998,-0.229888504023232,0.101272561386405
0.920563111943116,0.29987092159818,-0.228885148720352,0.101255004837912
0.920511453763845,0.300266023973821,-0.22740519873475,0.103854965817404
0.920759108513624,0.300546200215258,-0.225279691144832,0.105468983037933
0.922317726738099,0.300157209047416,-0.220332995840665,0.103387773674685
0.92130277630727,0.300639016107836,-0.220885054037677,0.109668451548299
0.92299502742123,0.299505851949844,-0.215624967637433,0.109005950914787
0.92551479372117,0.297889441644096,-0.208450183064097,0.105984755228164
0.925921026442592,0.29893938713506,-0.205824861896272,0.104602207606687
0.924036522384239,0.300952309140247,-0.208352007738531,0.110334282045598
0.927118283791048,0.297991872630396,-0.199784397223745,0.108345402913631
0.925981559015024,0.300009273934371,-0.200632992517257,0.110900812580641
0.928412902416188,0.298273608588632,-0.193347710890885,0.108161914461237
0.927860404370928,0.299178180470451,-0.192898800678626,0.111164468368972
0.927050534058455,0.30082488660191,-0.193011932087238,0.113261153865007
0.928645344304325,0.298577130057381,-0.187596307688365,0.115226504113816
0.928890535859676,0.29878295223639,-0.185248573987031,0.116507878184282
0.928834658854592,0.301361239823316,-0.183517832465024,0.112999047827697
0.930840520480501,0.299184804663162,-0.176945885826634,0.112758731720797
0.930524962726964,0.300036768725192,-0.17589490837842,0.114726685481085
0.929114285962878,0.301696879272642,-0.177489725343843,0.119260362460492
0.930448499117928,0.301916314947555,-0.172373659467669,0.115755996731955
0.930493517088868,0.300854074105078,-0.170494412373644,0.120831684997478
0.932694296938612,0.298109927959495,-0.163222512554147,0.120707210661516
0.933505790833299,0.298677254435912,-0.159224771377991,0.118348250274132
0.93347327666779,0.298064562813079,-0.157458154262065,0.122442181451212
0.93510749440649,0.297704785393203,-0.151254379314562,0.118608378274767
0.933876661626942,0.300037186065632,-0.152471262458764,0.120849418577696
0.935656737668197,0.297646205312568,-0.145912246417047,0.121090140245465
0.934828456206684,0.299821982184829,-0.146058660402884,0.12194016641904
0.933692286419614,0.299891825780945,-0.147146884508136,0.128962791105937
0.935225541306518,0.299120594335955,-0.141091033730889,0.126385826471109
0.936079352922131,0.298691769150799,-0.136762518734088,0.125835946946643
0.936233821779753,0.299265931236101,-0.13427149593543,0.126005153610192
0.936984345785082,0.298213125483885,-0.130189116134856,0.127200870998824
0.9370776674873,0.298507964757449,-0.127844180797469,0.128196355288093
0.938249925756275,0.296946885812164,-0.122487190739174,0.128477670937901
0.93773443919971,0.298681676781574,-0.121756150938945,0.128913991491558
0.938672021486361,0.297928931104136,-0.116917357196955,0.128310247743254
0.939696275000668,0.295460658860106,-0.111906504707191,0.130961230980926
0.939166133644015,0.29873218982916,-0.111022014428943,0.128063126965442
0.938860199777473,0.297492815629072,-0.109916706329829,0.134006968447511
0.939681751490891,0.29726977075431,-0.105206546436191,0.132515930731598
0.93858594868494,0.301365677113137,-0.105973462226216,0.130402342360554
0.939005007231574,0.299071894757711,-0.102696328673161,0.13520008223784
0.9407021395278,0.295714435494197,-0.0953680224963865,0.136152112041262
0.939679631595891,0.298337204842201,-0.0961026177213395,0.136972219949371
0.939664836891556,0.299730910805965,-0.0937036213007056,0.135687165097243
0.941293519590491,0.296277659077463,-0.0863872482010026,0.136833117543899
0.940042955543139,0.297641245850695,-0.0880181070018004,0.141356794467002
0.941363436243637,0.296385852056971,-0.0813675959862728,0.139174789123068
0.941135143475465,0.298269805493739,-0.0794971152474391,0.137767824667005
0.940975044660678,0.29813169400696,-0.0776406326082605,0.140197683727533
0.942306654872146,0.295234759935788,-0.0708712149510528,0.140967640260755
0.941803929973312,0.298047440058378,-0.0697639994726688,0.138946267812595
0.943026499460458,0.294703754404246,-0.0632677682739978,0.140882603443524
0.942975467373883,0.296946729556569,-0.0604823545117369,0.137701824713332
0.941374312036893,0.298162675251857,-0.0636858004847589,0.144421406101513
0.942021094291294,0.296560434629118,-0.0589233375926237,0.145520468696906
0.944589544853246,0.292460131144861,-0.0470200129436858,0.141445331585895
0.943273728255474,0.295882951010837,-0.0488774290668853,0.142474383002518
0.943586959955768,0.296278596173515,-0.0447745414074145,0.140918000598361
0.941931939209031,0.296619498118539,-0.0485341737116887,0.149751558308901
0.942647678019617,0.294729909382313,-0.0432438774766056,0.150597485704463
0.943817929029433,0.294945254225627,-0.0356051942028453,0.144731765684489
0.944453137771671,0.29387821899014,-0.0301853863443423,0.143988559988879
0.942085828027305,0.297215121896052,-0.0366120937854793,0.150986815765702
0.943470424159277,0.295014708899201,-0.0282595679644026,0.148429367337795
0.94283026674521,0.295837820537484,-0.0278653167542595,0.150912544776678
0.942715759261779,0.295008701058217,-0.0254979959185206,0.153644771286139
0.942994128427497,0.295119496384652,-0.0212111109294084,0.152370093450371
0.944124520175469,0.292759638078574,-0.0134447122449707,0.150797627395769
0.942976644658265,0.295311664301887,-0.0149792007505514,0.152845320835033
0.944158222757973,0.293558274343498,-0.00654089051523267,0.149485807735188
0.942908757672586,0.295793777712239,-0.00870883907339788,0.152817773485471
0.942975972757256,0.293728747232191,-0.00556351447058068,0.156488929827802
0.942995535911428,0.29390413299185,-0.00206788916122357,0.156126563069338
0.942959833357286,0.294952914066291,0.00145949106348989,0.154361267954233
0.942569882810346,0.293420465202718,0.00259454123201941,0.159561007062838
0.94234812536101,0.294030934360921,0.00512235488035058,0.15968588462326
0.943209500467764,0.291788245377404,0.0125978152311947,0.158293250450953
0.942213701585223,0.292648769048661,0.0112697939506589,0.162674614687374
0.942515078869913,0.293097622941148,0.0166680761683029,0.159628583799828
0.942712951258489,0.292774513729086,0.0214966710554187,0.158471665523342
0.942434089772637,0.292258267306944,0.0236563775828062,0.160759035282073
0.941757612103964,0.292650521202241,0.0238772605071748,0.163945566926858
0.941531020654212,0.292837960433128,0.0265949028821783,0.164493091696557
0.9411876988825,0.292277720255929,0.0284861078476751,0.167116699865548
0.941815758666831,0.292311271752031,0.0363549174549857,0.161912065981425
0.940829843755291,0.293647788641147,0.0349913636497496,0.165486512427724
0.941069176224168,0.289767999933124,0.0395274166406651,0.169884946682271
0.941169616019137,0.290944649210244,0.0448867748991618,0.165940177225019
0.940872741015851,0.291724528737791,0.0477713552350632,0.165448427508507
0.939799327545871,0.2912210180904,0.0452057356332438,0.172985502376864
0.939914987581772,0.291613405425611,0.0505980198708357,0.17018013479953
0.939855825474197,0.290698323214551,0.0545869834449756,0.170838442514683
0.940534269904097,0.287379722077064,0.0630343724352663,0.169808275318279
0.939468249568659,0.290584480635273,0.0616422675320788,0.170763867723332
0.93926878359959,0.292140202169904,0.0660589234791539,0.167524544650175
0.939255348497491,0.2888714553261,0.0697572307976047,0.171716631017755
0.939223485452108,0.290269383966928,0.0758426979177972,0.166885632333055
0.938708692928497,0.289279685225113,0.0767100576474031,0.171052099058341
0.938194985251323,0.288527583319688,0.0778354337276517,0.174595671680022
0.937948997670499,0.2876991295121,0.0812248180446691,0.175736784938429
0.9373633905195,0.288306071020931,0.0824955080879704,0.17726808700826
0.937230409230001,0.289197039322867,0.0879664997911964,0.173856628794932
0.936426100127321,0.289762206735575,0.0872733507116319,0.177559524677308
0.936832790912896,0.285674242897,0.095340233767629,0.17788982163326
0.935911883505674,0.288963298716491,0.0950937944319213,0.177556550338996
0.935606278472092,0.287890885170273,0.098335002701,0.179136699654964
0.935502921391412,0.285688565363954,0.103105056376245,0.180515027180759
0.934909564207874,0.287096562252794,0.105137879713673,0.18018239909765
0.933788937278306,0.289005106064076,0.101959014516757,0.184712286121731
0.934158454702416,0.284729497391347,0.110824917025827,0.184377147687787
0.933332631926314,0.286854351947631,0.110863184558628,0.185240744059518
0.933522170087183,0.28489111201375,0.120186987681648,0.181462117929053
0.932679631924978,0.285385267266421,0.118810927981552,0.185870699174786
0.93195498166297,0.287821949897666,0.120445289931687,0.184692635056059
0.931923683662634,0.284598439706039,0.1268003640048,0.185589987967576
0.931242766873111,0.286596186445106,0.128969703352038,0.184435220819996
0.930641359988196,0.28469843905519,0.128803947231135,0.190428467032999
0.930566034890725,0.284308156863232,0.138177106216677,0.184723615074985
0.930091119375551,0.283018933838466,0.140666210239703,0.187199919990559
0.929118937235226,0.284447143758856,0.137752762586842,0.191968745575957
0.928954687945112,0.282264615328454,0.144861097651493,0.190748884834179
0.92820548448889,0.283351346967376,0.145412745771102,0.192358327357636
0.927722970126009,0.284162180100671,0.151071937127006,0.189101073274862
0.92727472902444,0.282921775335849,0.155106353567353,0.189891719241526
0.926720507832519,0.282117511773016,0.157566094955889,0.191759577685165
0.925996336991321,0.282453355322012,0.157791104520783,0.194558097441624
0.925577236737662,0.280969510572311,0.163026842994291,0.194384056509646
0.924832641435721,0.280436962822186,0.161604225034296,0.199809333288412
0.924289429574209,0.281872409372182,0.169317818294312,0.193825879645002
0.923796382093249,0.280073016420916,0.173100005851948,0.195437299097099
0.922980440339872,0.281798488054903,0.173649603540366,0.19632252563132
0.922345466004194,0.28222519240836,0.17941192821562,0.193491969149949
0.921790807794743,0.279950983604241,0.179284789476628,0.199464577573201
0.921059154321117,0.280173855810069,0.179517349392843,0.202302165160817
0.920454886797894,0.28021436960574,0.187700957764303,0.197512174031623
0.919814138561898,0.279107539600039,0.187803621622333,0.20191763554871
0.919019388215651,0.280330184023702,0.188482493520082,0.203206057108099
0.918445241648225,0.278760892300112,0.196719644254445,0.200130169095476
0.917722161615643,0.27870123255558,0.200357433203893,0.199921374573753
0.917009189820644,0.278585552701873,0.201188636751668,0.202502760604106
0.916245360120873,0.278997587308878,0.203632203567365,0.202950023412406
0.915463463919379,0.279517990276552,0.206308317379337,0.203059640304505
0.91475972761546,0.279191418639839,0.206935043817409,0.206021067202002
0.914022750940929,0.277535843433647,0.21549476817088,0.202727085666739
0.913353382268722,0.277600309287735,0.212169418090445,0.209064117937064
0.912445764157361,0.277084490520344,0.222405534546168,0.202984459473144
0.911777317882362,0.277549085183596,0.219053374532567,0.208912055695427
0.911047944609926,0.276324691332277,0.222698842203101,0.209860747314856
0.910236382320658,0.274119421155447,0.230714213706768,0.207603523185112
0.909433349389401,0.27594329738149,0.229019759255277,0.210561700029377
0.908658978587675,0.274185105563381,0.233897052249271,0.210840123003907
0.907848211249646,0.272759599633802,0.238501809368431,0.211023015489804
0.906951048218756,0.27413261115402,0.240039255297852,0.211358140493406
0.906189642688209,0.272422092109696,0.243401313208992,0.212984356099995
0.905404331657391,0.271939552261466,0.245163502669395,0.214910988762185
0.904247710524347,0.274773142289391,0.249300041042074,0.21138894915371
0.903735936172059,0.273226754129985,0.247225347332759,0.217917704959926
0.902642228345338,0.273010125581888,0.254119510225817,0.214769070073218
0.901668783166906,0.271712280654244,0.259548917630026,0.214009816039038
0.900926087655626,0.270253564738107,0.26130897366768,0.216824388869462
0.900047190162844,0.271414922800962,0.262113557826252,0.218049255822121
0.899259879341207,0.270168534424567,0.264134634845393,0.220394026890954
0.898024346366318,0.270688287970923,0.270512125942118,0.21703297861614
0.897093858545764,0.271000763732895,0.272659222426181,0.217802992269645
0.89629941366537,0.270235681384687,0.274075051296455,0.220233748155259
0.895248161580816,0.271799120327903,0.276387668516392,0.219694843060141
0.894369087789106,0.270393331294449,0.279317768075833,0.221298363382805
0.893043744046079,0.267529213474733,0.288271190290394,0.218633739405226
0.89232055324581,0.268180506499007,0.28749173920877,0.221792123565613
0.891373071532243,0.268717626875375,0.28916632063648,0.222772806606198
0.8903955510978,0.268870606273492,0.291415744318214,0.223564808569757
0.889232578456917,0.268138293038229,0.296113807643268,0.222898833869567
0.888816412546555,0.268812324372933,0.292228420684912,0.228796567275593
0.88724395884237,0.268168894104674,0.300716979621596,0.224617229747987
0.886097441285625,0.268001478705612,0.304417327797534,0.224358245882077
0.885221865921914,0.26707593070141,0.306183107397744,0.226505187750661
0.883961804164373,0.267267449942013,0.310393358127255,0.225467519191671
0.883137998059462,0.264206732057157,0.313056900825365,0.228598897558192
0.882059507439345,0.265922711190635,0.314565488712797,0.22870218695885
0.880465742880489,0.265357583853899,0.321519892884604,0.225810510793017
0.879444248809961,0.263787430797202,0.324531266493957,0.227317974776135
0.878833588206213,0.262054950191506,0.32446014204342,0.231741976227621
0.877290949488738,0.265114296122191,0.328362337618435,0.228589534254174
0.87628824195283,0.263140163636842,0.331306301337793,0.230461072613718
0.875584018953594,0.263897808548348,0.330425681826364,0.23351539817758
0.874152555265843,0.263484902693374,0.335355577833476,0.232313694367844
0.873247950948814,0.260951006641818,0.33774533794685,0.235097160747398
0.872157112953884,0.261141256156871,0.339819372540074,0.235944927267417
0.87014313423432,0.260968275562665,0.348006509301618,0.231598692954916
0.870024806517197,0.261874021034485,0.343332512948306,0.237910947004433
0.868303047288395,0.259845363321511,0.350488493694279,0.235983094771456
0.867151330935796,0.260016279268127,0.352733007573255,0.236684450566917
0.866420571856349,0.259868350376316,0.352527157783248,0.239809166134395
0.864538685124084,0.258997024631449,0.359613924906146,0.237004700733074
0.862965682245905,0.260442701643319,0.363442941515422,0.235306308222297
0.862756423298039,0.261930528807171,0.359448465998551,0.240500628747742
0.861368791636417,0.26082735807919,0.36350749219524,0.24057264430973
0.85920504434135,0.258082899044169,0.372491911418049,0.237507231316153
0.858324898393226,0.256972556641836,0.373561774244438,0.240197990737982
0.857041743694697,0.254452873125925,0.377389761198608,0.241474953287445
0.856036518818108,0.255724292977455,0.37795233591393,0.242813912715394
0.854800472341569,0.257231631579588,0.379593314968357,0.243016368648012
0.853275618136989,0.257486990305321,0.383236617517952,0.242385775799335
0.852051612643136,0.254804594876188,0.38663842741364,0.244117582876206
0.850529721590746,0.254371034106825,0.390430323440845,0.243841613011541
0.849858346550989,0.255061056414163,0.389529117012902,0.246884011830776
0.848493184791666,0.25463880466455,0.392487910096932,0.247329001430984
0.846071959237763,0.253635089541105,0.400572075007967,0.243666768084737
0.845652443842193,0.254875035385799,0.39830028897052,0.247522807770951
0.843336446101392,0.252359434185689,0.406290236393867,0.24500326215291
0.841580745448833,0.250817760142501,0.411154191426652,0.244508754361029
0.84059426905893,0.254924489063273,0.410226789784408,0.245211664984132
0.839859605790325,0.251688970337307,0.4113073552328,0.249228337681863
0.83765143489353,0.254339188181701,0.416205425880124,0.245814349548248
0.83697758853122,0.250985016490511,0.417057549405717,0.250076064983075
0.836098600264852,0.250093326043847,0.417709272700516,0.252807085350644
0.834571527431423,0.251108538924881,0.4203246872585,0.252511434515028
0.832940919620945,0.249434572238923,0.42436830943558,0.252791132241201
0.831408308138071,0.250108246067446,0.427031813145914,0.252685418988452
0.830226862546501,0.24866745435189,0.429063711661186,0.254543091023643
0.828246089508438,0.245637321207619,0.434815731057234,0.254177106894166
0.827515057249821,0.248763734515842,0.433299982339449,0.256098730413077
0.826013336408744,0.249141225302393,0.435817599085565,0.256307702297476
0.823604401391716,0.246641314424913,0.44280871541957,0.254488297521546
0.822327994378831,0.246012275791985,0.444738041308001,0.25585680454907
0.820345036601442,0.245381333620487,0.449241096103256,0.254959721536473
0.819593184773848,0.246578940548278,0.448533168835118,0.257456470116945
0.818250547897042,0.246177626174274,0.45055509144498,0.258578279850408
0.8159212106657,0.245956974612716,0.456000115954612,0.256596256548215
0.814901234644391,0.24257152198593,0.457871686060768,0.259708593620515
0.813781533330382,0.242952975649841,0.458741567753221,0.261322868591055
0.812664591997944,0.242462518848731,0.459890887531801,0.263227201161955
0.809398423703018,0.243975156288279,0.467699323385115,0.258084594128136
0.808255949202282,0.244421367842778,0.468566655593647,0.259664793121377
0.806748456554996,0.242102417114433,0.471602320720356,0.26102604959018
0.806024446215232,0.239866432015095,0.471956124968957,0.264662243246108
0.804302464651648,0.23764553761984,0.475582498689652,0.265411813498889
0.803572849850382,0.239294060213226,0.474648201060376,0.267802376688769
0.800427427599714,0.239748978184806,0.481954736664172,0.263734700812038
0.799912596357024,0.239025115835177,0.481113837739954,0.267462721373423
0.799037251967074,0.241112311857586,0.480502897538966,0.269297769200295
0.796671119349284,0.238845308757601,0.486039609936162,0.268390654927382
0.793574832226272,0.239530165016104,0.492739355427235,0.264711566270827
0.792232337762593,0.237748576382633,0.494796382972767,0.266495922723623
0.791466464150096,0.235640583816292,0.495174760632277,0.269919076423341
0.789013437999448,0.235321969849738,0.500060695700894,0.268366662939845
0.788160403546909,0.236273070104442,0.499723111146832,0.2706566585361
0.78640106495014,0.234023423380937,0.503064782439262,0.27153678760656
0.784256473222169,0.236491871357397,0.506026525277471,0.270093566577604
0.782909641675646,0.237466098144196,0.507095870249109,0.271138568963883
0.781468193056692,0.235171256159086,0.509454041637522,0.272870890672603
0.779567551956144,0.231504299044656,0.513492799615184,0.273871021110866
0.776601350834706,0.232616843077815,0.519016207499173,0.270927891792993
0.776509212078582,0.231712967731629,0.517091156563204,0.275607111566861
0.774662773242531,0.233142915135726,0.519345575393589,0.275358207056387
0.771640455836602,0.231228703061602,0.525770680843595,0.273257177329332
0.769923812675027,0.2317505471033,0.527847512097588,0.273653084334267
0.76834192767079,0.229453668554099,0.530385353070739,0.275123742011168
0.768055458410103,0.230809993607893,0.528367706650969,0.278648750626242
0.766708233803574,0.227340378166109,0.53057762520011,0.281002171361905
0.764079090796264,0.227930977858129,0.53500564830904,0.279284028576671
0.761516183902493,0.229768620876134,0.538801426568162,0.277475233567569
0.759025618327483,0.229174002076017,0.54304363678016,0.276519431591382
0.757649468208803,0.228809797469924,0.544352554012173,0.278017367883942
0.756233808475117,0.227383264590758,0.546057020593075,0.279694490764983
0.75326750672262,0.226597784023931,0.551415248391718,0.277817802583693
0.7519423937754,0.225239597317048,0.552828543038798,0.279696911397635
0.748028962975003,0.228204013757846,0.559235200843562,0.275011979362374
0.747316397708875,0.224191152146402,0.559928501816606,0.278812843800479
0.746927405993012,0.223480903262053,0.558855407375456,0.282553304176291
0.744319284543653,0.222766467720075,0.563099740319722,0.281571635588188
0.742811122367393,0.224434831741446,0.564020721201222,0.282384965683615
0.74138628670212,0.221442228902572,0.566034002866063,0.28445600845847
0.739119754419595,0.22396704257789,0.568470125851696,0.283518021437419
0.737231873047141,0.220225070685383,0.57172953157227,0.28480770062127
0.735902229245505,0.222011137428389,0.572157599330244,0.285997631769743
0.733646968729452,0.219382113991855,0.575900868528542,0.286307182869417
0.733497284915661,0.220927608086279,0.573681692363464,0.289934545809259
0.730235094585278,0.217126412753732,0.579978076594508,0.288510412620518
0.728447177826557,0.219109788790732,0.581348736688537,0.28877197911717
0.726487939720771,0.217463008780637,0.584048164575939,0.28950449859686
0.724010274844672,0.218659829049343,0.587103707525523,0.288628199747078
0.722501977403344,0.21748305591502,0.588640299357481,0.290163076580148
