1,0,0,0
0.999999689398926,-3.6168975162287e-08,0.000781249906177898,0.000104166675726572
0.99999503038609,-5.7870331178683e-07,0.00312499474306904,0.000416666249149874
0.999980121594041,-2.60416247182653e-06,0.00624995778296468,0.000833327971226392
0.999955273777727,-6.36570290994417e-06,0.00937485725636126,0.00124998020501634
0.999920487191653,-1.18632842880181e-05,0.0124996613808267,0.00166661700087798
0.999875762192118,-1.90968468278408e-05,0.0156243383749078,0.00208323240933053
0.999821099237218,-2.80663113117359e-05,0.0187488564584558,0.00249982048111692
0.999756498886836,-3.87715790833768e-05,0.0218731838529537,0.00291637526726639
0.999681961802641,-5.12125320488061e-05,0.0249972887818411,0.00333289081915718
0.999597488748076,-6.53890326776561e-05,0.0281211394708414,0.00374936118857916
0.999503080588354,-8.13009240045715e-05,0.0312447041482877,0.00416578042779652
0.999398738290449,-9.89480296308313e-05,0.0343679510454484,0.00458214258961038
0.999284462923083,-0.000118330153726174,0.037490848396854,0.00499844172742147
0.999160255656719,-0.000139447081030823,0.0406133644406226,0.00541467189529271
0.999026117763546,-0.000162298576857711,0.0437354674187862,0.0058308271480119
0.998882050617466,-0.00018688438709491,0.0468571255776166,0.00624690154115431
0.998728055694084,-0.000213204238208259,0.0499783071679515,0.0066628891311453
0.998564134570687,-0.000241257837244194,0.0530989804455198,0.00707878397532289
0.998390288926231,-0.000271044871832777,0.0562191136712682,0.00749458013200043
0.998206520541323,-0.000302565010190927,0.0593386751116865,0.00791027166052913
0.998012831298204,-0.000335817901125856,0.0624576330391333,0.00832585262136062
0.997809223180729,-0.000370803174038699,0.0655759557321619,0.00874131707610957
0.997595698274344,-0.00040752043892835,0.0686936114758459,0.0091566590876162
0.997372258766069,-0.000445969286395495,0.0718105685621043,0.00957187272000882
0.997138906944473,-0.000486149287646851,0.0749267952900277,0.00998695203876638
0.99689564519965,-0.000528059994499597,0.0780422599662028,0.0104018911107809
0.996642476023196,-0.000571700939386019,0.0811569309050385,0.0108166840044202
0.996379402008183,-0.000617071635358339,0.0842707764290906,0.01123132478959
0.996106425849132,-0.000664171576093761,0.0873837648693873,0.0116458075377968
0.995823550341984,-0.000713000235899704,0.0904958645657538,0.0120601263222099
0.995530778384074,-0.000763557069719247,0.0936070438671379,0.0124742752177243
0.995228112974101,-0.000815841513136763,0.0967172711319344,0.0128882483010227
0.994915557212095,-0.000869852982383764,0.0998265147283098,0.0133020396506381
0.994593114299385,-0.000925590874344937,0.102934743034528,0.0137156433470163
0.994260787538571,-0.000983054566564391,0.106041924439272,0.0141290534725778
0.993918580333482,-0.00104224341725209,0.109148027341973,0.0145422641117808
0.993566496189149,-0.0011031567652905,0.112253020153131,0.0149552693511829
0.993204538711764,-0.00116579393024143,0.115356871294639,0.0153680632795038
0.992832711608646,-0.00123015421235307,0.118459549200111,0.0157806399876873
0.9924510186882,-0.00129623689256723,0.121561022315201,0.0161929935689637
0.992059463859879,-0.00136404123252679,0.124661259097931,0.016605118118912
0.991658051134146,-0.00143356647458333,0.12776022801901,0.0170170077355222
0.991246784622429,-0.00150481184180497,0.130857897562165,0.0174286565192574
0.990825668537083,-0.00157777653798443,0.133954236224456,0.0178400585731156
0.990394707191342,-0.00165245974764723,0.137049212516606,0.0182512080026925
0.98995390499928,-0.00172886063606018,0.14014279496332,0.0186620989162431
0.989503266475759,-0.00180697834923997,0.143234952103612,0.0190727254247441
0.98904279623639,-0.00188681201396204,0.146325652491122,0.0194830816419554
0.988572498997482,-0.00196836073776958,0.149414864694445,0.0198931616844827
0.988092379575991,-0.00205162360898284,0.152502557297452,0.0203029596718394
0.987602442889475,-0.00213659969670845,0.155588698899608,0.0207124697265082
0.987102693956041,-0.00222328805084918,0.158673258116301,0.0211216859740034
0.986593137894295,-0.00231168770211365,0.161756203579158,0.0215306025429323
0.986073779923288,-0.00240179766202648,0.164837503936373,0.0219392135650579
0.985544625362464,-0.00249361692293841,0.167917127853024,0.0223475131753599
0.985005679631601,-0.00258714445803681,0.170995044011396,0.0227554955120968
0.984456948250763,-0.00268237922135625,0.174071221111303,0.0231631547168679
0.983898436840236,-0.00277932014778938,0.177145627870409,0.0235704849346747
0.983330151120475,-0.00287796615309789,0.18021823302455,0.0239774803139825
0.982752096912041,-0.00297831613392378,0.183289005328052,0.0243841350067826
0.982164280135547,-0.00308036896780074,0.186357913554056,0.0247904431686534
0.981566706811591,-0.00318412351316583,0.189424926494835,0.0251963989588221
0.980959383060699,-0.00328957860937119,0.192490012962116,0.0256019965402266
0.980342315103259,-0.00339673307669616,0.195553141787398,0.0260072300795763
0.979715509259459,-0.00350558571635943,0.198614281822277,0.0264120937474144
0.979078971949221,-0.00361613531053144,0.201673401938758,0.0268165817181786
0.978432709692136,-0.00372838062234703,0.204730471029581,0.0272206881702629
0.977776729107396,-0.00384232039591818,0.20778545800854,0.027624407286079
0.977111036913726,-0.00395795335634705,0.210838331810797,0.0280277332521172
0.976435639929317,-0.00407527820973919,0.213889061393204,0.0284306602590082
0.975750545071753,-0.00419429364321685,0.216937615734624,0.0288331825015839
0.975055759357942,-0.00431499832493268,0.219983963836245,0.0292352941789386
0.974351289904043,-0.00443739090408341,0.223028074721902,0.0296369894944906
0.973637143925394,-0.00456147001092389,0.226069917438391,0.0300382626560427
0.972913328736437,-0.00468723425678127,0.22910946105579,0.0304391078758436
0.972179851750642,-0.00481468223406931,0.232146674667775,0.0308395193706486
0.971436720480434,-0.00494381251630304,0.235181527391938,0.0312394913617812
0.970683942537112,-0.00507462365811343,0.238213988370103,0.0316390180751931
0.969921525630772,-0.00520711419526242,0.241244026768642,0.0320380937415258
0.96914947757023,-0.00534128264465804,0.244271611778796,0.032436712596171
0.96836780626294,-0.00547712750436976,0.247296712616985,0.0328348688793315
0.967576519714912,-0.00561464725364405,0.250319298525128,0.033232556836082
0.96677562603063,-0.00575384035292011,0.253339338770957,0.0336297707164296
0.965965133412973,-0.00589470524384579,0.256356802648333,0.0340265047753745
0.965145050163124,-0.00603724034929375,0.259371659477562,0.0344227532729705
0.964315384680489,-0.00618144407337775,0.262383878605709,0.0348185104743856
0.963476145462609,-0.00632731480146919,0.265393429406911,0.0352137706499624
0.962627341105074,-0.00647485090021382,0.268400281282695,0.0356085280752785
0.961768980301436,-0.00662405071754863,0.27140440366229,0.0360027770312067
0.960901071843113,-0.00677491258271895,0.274405766002939,0.0363965118039757
0.96002362461931,-0.00692743480629575,0.277404337790216,0.03678972668523
0.959136647616915,-0.00708161568019315,0.280400088538337,0.03718241597209
0.958240149920418,-0.00723745347768604,0.283392987790474,0.0375745739672125
0.95733414071181,-0.00739494645342801,0.286383005119065,0.0379661949788506
0.956418629270491,-0.00755409284346936,0.289370110126132,0.0383572733209133
0.955493624973177,-0.00771489086527542,0.292354272443586,0.0387478033130264
0.9545591372938,-0.00787733871774493,0.295335461733543,0.0391377792805913
0.953615175803414,-0.00804143458122875,0.298313647688635,0.0395271955548457
0.952661750170093,-0.00820717661754865,0.301288800032321,0.0399160464729228
0.951698870158836,-0.00837456297001632,0.304260888519195,0.0403043263779114
0.950726545631464,-0.00854359176345265,0.307229882935302,0.0406920296189154
0.949744786546518,-0.00871426110420708,0.310195753098441,0.0410791505511132
0.948753602959159,-0.00888656908017723,0.313158468858481,0.0414656835358177
0.947753005021065,-0.00906051376082868,0.316118000097668,0.0418516229405353
0.946743002980322,-0.00923609319721495,0.319074316730933,0.0422369631390256
0.945723607181326,-0.00941330542199767,0.322027388706203,0.0426216985113604
0.94469482806467,-0.00959214844946698,0.324977186004707,0.0430058234439834
0.943656676167042,-0.00977262027556202,0.327923678641288,0.0433893323297692
0.942609162121112,-0.0099547188778917,0.330866836664706,0.0437722195680824
0.941552296655428,-0.0101384422157557,0.333806630157947,0.0441544795648367
0.940486090594301,-0.0103237882301654,0.336743029238534,0.0445361067325539
0.939410554857696,-0.0105107548438655,0.339676004058827,0.0449170954904229
0.938325700461122,-0.0106993399613551,0.342605524806335,0.0452974402643585
0.937231538515514,-0.0108895414689099,0.345531561704018,0.0456771354870603
0.936128080227124,-0.0110813572346037,0.348454085010596,0.0460561755980712
0.9350153368974,-0.0112747851083305,0.351373065020852,0.0464345550438365
0.933893319922876,-0.011469822921827,0.354288472065936,0.0468122682777619
0.932762040795052,-0.0116664684886946,0.357200276513675,0.0471893097602724
0.931621511100276,-0.0118647196044226,0.360108448768868,0.0475656739588709
0.930471742519625,-0.0120645740464106,0.363012959273599,0.0479413553481961
0.929312746828785,-0.0122660295739916,0.365913778507534,0.0483163484100811
0.928144535897932,-0.0124690839284553,0.368810876988228,0.0486906476336116
0.926967121691605,-0.0126737348330714,0.371704225271423,0.049064247515184
0.925780516268591,-0.012879979993113,0.374593793951356,0.0494371425585634
0.924584731781794,-0.0130878170958807,0.377479553661057,0.0498093272749418
0.923379780478112,-0.0132972438107264,0.380361475072651,0.0501807961829959
0.922165674698315,-0.0135082577890773,0.383239528897658,0.0505515438089449
0.920942426876913,-0.0137208566644602,0.386113685887297,0.0509215646866084
0.919710049542032,-0.0139350380525263,0.388983916832784,0.051290853357464
0.918468555315283,-0.0141507995510755,0.391850192565629,0.0516594043707047
0.917217956911633,-0.0143681387400816,0.394712483957943,0.052027212283297
0.915958267139276,-0.0145870531817169,0.397570761922727,0.0523942716600377
0.914689498899501,-0.0148075404203781,0.400424997414179,0.0527605770736119
0.913411665186555,-0.0150295979827112,0.403275161427988,0.0531261231046496
0.912124779087516,-0.015253223377637,0.406121225001633,0.0534909043417836
0.910828853782157,-0.0154784140963775,0.408963159214679,0.0538549153817059
0.909523902542806,-0.0157051676124813,0.411800935189074,0.0542181508292256
0.908209938734216,-0.01593348138185,0.414634524089448,0.054580605297325
0.906886975813424,-0.0161633528427644,0.417463897123405,0.0549422734072171
0.905555027329612,-0.0163947794159113,0.42028902554182,0.0553031497884021
0.904214106923971,-0.0166277585044099,0.423109880639138,0.0556632290787241
0.902864228329561,-0.0168622874938387,0.425926433753661,0.0560225059244278
0.901505405371166,-0.0170983637522628,0.428738656267848,0.0563809749802151
0.900137651965153,-0.0173359846302609,0.431546519608607,0.0567386309093014
0.898760982119336,-0.0175751474609528,0.434349995247588,0.0570954683834718
0.89737540993282,-0.0178158495600272,0.437149054701477,0.057451482083138
0.895980949595866,-0.0180580882257692,0.439943669532286,0.0578066666973938
0.894577615389743,-0.0183018607390882,0.442733811347645,0.0581610169240714
0.893165421686579,-0.0185471643635467,0.445519451801099,0.0585145274697975
0.891744382949213,-0.0187939963453877,0.44830056259239,0.0588671930500493
0.890314513731052,-0.0190423539135639,0.451077115467754,0.05921900838921
0.888875828675914,-0.019292234279766,0.453849082220209,0.0595699682206247
0.887428342517883,-0.019543634638452,0.456616434689844,0.0599200672866563
0.885972070081157,-0.0197965521668757,0.459379144764109,0.0602693003387405
0.884507026279892,-0.0200509840251163,0.462137184378101,0.0606176621374415
0.883033226118055,-0.0203069273561076,0.464890525514858,0.0609651474525077
0.881550684689262,-0.0205643792856677,0.467639140205639,0.0613117510629263
0.880059417176632,-0.0208233369225288,0.470383000530216,0.061657467756979
0.878559438852624,-0.0210837973583669,0.473122078617158,0.0620022923322969
0.877050765078881,-0.0213457576678321,0.47585634664412,0.0623462195959153
0.875533411306079,-0.0216092149085789,0.478585776838125,0.0626892443643287
0.874007393073757,-0.0218741661212965,0.481310341475852,0.0630313614635459
0.872472726010169,-0.0221406083297397,0.48403001288392,0.0633725657291442
0.870929425832113,-0.0224085385407594,0.486744763439168,0.063712852006324
0.869377508344779,-0.0226779537443337,0.489454565568945,0.0640522151499636
0.86781698944158,-0.0229488509135993,0.492159391751389,0.0643906500246736
0.866247885103992,-0.0232212270048823,0.49485921451571,0.0647281515048507
0.864670211401387,-0.0234950789577304,0.497554006442471,0.0650647144747325
0.863083984490871,-0.0237704036949439,0.500243740163873,0.065400333828451
0.861489220617119,-0.0240471981226083,0.50292838836403,0.065735004470087
0.859885936112203,-0.0243254591301253,0.505607923779257,0.0660687213137238
0.858274147395429,-0.0246051835902463,0.508282319198343,0.0664014792835011
0.856653870973166,-0.0248863683591036,0.510951547462832,0.0667332733136684
0.855025123438678,-0.0251690102762436,0.513615581467305,0.067064098348639
0.853387921471951,-0.0254531061646594,0.516274394159653,0.0673939493430428
0.851742281839526,-0.0257386528308237,0.518927958541361,0.0677228212617805
0.850088221394321,-0.0260256470647216,0.521576247667778,0.0680507090800762
0.848425757075465,-0.0263140856398843,0.524219234648398,0.0683776077835307
0.846754905908116,-0.026603965313422,0.526856892647135,0.0687035123681747
0.845075685003295,-0.0268952828260581,0.529489194882599,0.0690284178405216
0.8433881115577,-0.0271880349021621,0.53211611462837,0.0693523192176202
0.841692202853541,-0.0274822182497844,0.534737625213272,0.0696752115271078
0.839987976258351,-0.0277778295606898,0.537353700021647,0.0699970898072624
0.838275449224816,-0.0280748655103918,0.539964312493629,0.0703179491070554
0.836554639290592,-0.0283733227581874,0.542569436125415,0.0706377844862039
0.834825564078128,-0.0286731979471913,0.545169044469539,0.0709565910152231
0.833088241294478,-0.0289744877043707,0.547763111135142,0.0712743637754782
0.831342688731127,-0.0292771886405804,0.550351609788242,0.0715910978592369
0.829588924263806,-0.0295812973505979,0.552934514152006,0.0719067883697208
0.827826965852305,-0.0298868104131583,0.555511798007021,0.0722214304211576
0.826056831540293,-0.0301937243909902,0.558083435191559,0.0725350191388328
0.824278539455128,-0.030502035830851,0.560649399601848,0.072847549659141
0.822492107807678,-0.0308117412635628,0.563209665192339,0.0731590171296378
0.820697554892125,-0.031122837204048,0.565764205975975,0.0734694167090907
0.818894899085784,-0.0314353201513659,0.568312996024456,0.0737787435675309
0.817084158848912,-0.0317491865887486,0.570856009468505,0.0740869928863039
0.815265352724518,-0.0320644329836374,0.573393220498135,0.074394159858121
0.813438499338172,-0.0323810557877195,0.575924603362912,0.0747002396871097
0.811603617397815,-0.0326990514369648,0.578450132372222,0.0750052275888651
0.809760725693567,-0.0330184163516625,0.58096978189553,0.0753091187904998
0.807909843097533,-0.0333391469364587,0.583483526362648,0.0756119085306953
0.806050988563609,-0.033661239580393,0.585991340263994,0.0759135920597518
0.804184181127289,-0.0339846906569363,0.588493198150856,0.0762141646396386
0.802309439905468,-0.0343094965240284,0.590989074635652,0.0765136215440448
0.800426784096246,-0.0346356535241152,0.59347894439219,0.0768119580584285
0.79853623297873,-0.0349631579841872,0.59596278215593,0.0771091694800677
0.796637805912838,-0.0352920062158173,0.598440562724239,0.0774052511181093
0.7947315223391,-0.0356221945151987,0.600912260956657,0.0777001982936193
0.792817401778455,-0.0359537191631836,0.603377851775145,0.0779940063396323
0.790895463832055,-0.0362865764253219,0.605837310164354,0.0782866706012009
0.788965728181059,-0.0366207625518992,0.608290611171871,0.0785781864354449
0.787028214586437,-0.0369562737779762,0.61073772990848,0.0788685492116008
0.785082942888761,-0.0372931063234274,0.613178641548419,0.0791577543110707
0.783129933008004,-0.0376312563929804,0.615613321329633,0.0794457971274713
0.781169204943335,-0.0379707201762552,0.618041744554024,0.0797326730666826
0.779200778772915,-0.0383114938478036,0.620463886587714,0.0800183775468971
0.777224674653689,-0.0386535735671487,0.622879722861287,0.0803029059986678
0.775240912821178,-0.0389969554788248,0.625289228870049,0.0805862538649567
0.773249513589274,-0.0393416357124174,0.627692380174277,0.0808684166011836
0.771250497350031,-0.0396876103826031,0.630089152399467,0.081149389675274
0.769243884573452,-0.0400348755891901,0.63247952123659,0.0814291685677069
0.767229695807284,-0.0403834274171581,0.634863462442335,0.0817077487715635
0.765207951676802,-0.0407332619366994,0.637240951839362,0.081985125792574
0.763178672884602,-0.0410843752032592,0.639611965316551,0.0822612951491662
0.761141880210383,-0.0414367632575768,0.641976478829243,0.0825362523725125
0.759097594510738,-0.0417904221257262,0.644334468399495,0.0828099930065775
0.757045836718938,-0.0421453478191575,0.646685910116321,0.0830825126081653
0.754986627844718,-0.0425015363347383,0.649030780135937,0.0833538067469666
0.752919988974059,-0.0428589836547946,0.65136905468201,0.0836238710056058
0.750845941268974,-0.0432176857471534,0.653700710045896,0.0838927009796877
0.74876450596729,-0.0435776385651835,0.656025722586888,0.0841602922778446
0.746675704382426,-0.0439388380478377,0.658344068732458,0.0844266405217825
0.744579557903183,-0.0443012801196954,0.660655724978496,0.084691741346328
0.742476087993514,-0.0446649606910038,0.662960667889555,0.0849555903994742
0.740365316192311,-0.0450298756577212,0.665258874099088,0.0852181833424275
0.738247264113181,-0.045396020901559,0.667550320309689,0.0854795158496531
0.736121953444222,-0.0457633922900243,0.669834983293335,0.0857395836089212
0.733989405947806,-0.046131985676463,0.672112839891619,0.0859983823213529
0.731849643460349,-0.0465017969001027,0.674383867015991,0.0862559077014657
0.729702687892091,-0.0468728217860954,0.676648041647995,0.0865121554772191
0.72754856122687,-0.0472450561455614,0.678905340839504,0.0867671213900601
0.725387285521893,-0.0476184957756319,0.681155741712956,0.0870208011949681
0.723218882907517,-0.0479931364594933,0.683399221461589,0.0872731906605006
0.721043375587014,-0.0483689739664303,0.685635757349675,0.0875242855688375
0.718860785836345,-0.04874600405187,0.687865326712751,0.0877740817158264
0.716671136003936,-0.0491242224574258,0.690087906957855,0.0880225749110271
0.71447444851044,-0.0495036249109416,0.692303475563758,0.0882697609777565
0.712270745848516,-0.0498842071265357,0.69451201008119,0.0885156357531322
0.71006005058259,-0.0502659648046456,0.696713488133076,0.0887601950881178
0.707842385348628,-0.0506488936320723,0.698907887414764,0.0890034348475662
0.705617772853902,-0.0510329892820252,0.701095185694251,0.0892453509102639
0.703386235876757,-0.0514182474141666,0.703275360812415,0.0894859391689751
0.701147797266377,-0.0518046636746568,0.70544839068324,0.0897251955304849
0.69890247994255,-0.0521922336961993,0.707614253294044,0.0899631159156431
0.696650306895434,-0.0525809530980859,0.709772926705704,0.0901996962594076
0.694391301185318,-0.0529708174862421,0.711924389052881,0.0904349325108877
0.692125485942388,-0.0533618224532726,0.714068618544245,0.0906688206333872
0.689852884366489,-0.0537539635785071,0.716205593462697,0.0909013566044472
0.687573519726886,-0.0541472364280458,0.718335292165596,0.0911325364158892
0.685287415362023,-0.0545416365548057,0.720457693084975,0.0913623560738574
0.682994594679288,-0.0549371594985662,0.722572774727767,0.0915908115988618
0.68069508115477,-0.0553338007860158,0.724680515676025,0.0918178990258199
0.678388898333017,-0.0557315559307981,0.726780894587137,0.0920436144040994
0.676076069826794,-0.0561304204335584,0.728873890194052,0.0922679537975603
0.673756619316844,-0.0565303897819902,0.730959481305495,0.0924909132845965
0.671430570551641,-0.056931459450882,0.733037646806181,0.0927124889581777
0.669097947347147,-0.0573336249021643,0.73510836565704,0.0929326769258914
0.66675877358657,-0.0577368815849564,0.737171616895422,0.0931514733099837
0.664413073220115,-0.0581412249356137,0.739227379635323,0.0933688742474014
0.66206087026474,-0.0585466503777749,0.741275633067591,0.0935848758898324
0.659702188803909,-0.0589531533224094,0.743316356460144,0.0937994744037474
0.657337052987343,-0.0593607291678648,0.745349529158181,0.0940126659704405
0.654965487030778,-0.0597693732999148,0.747375130584394,0.0942244467860698
0.652587515215706,-0.0601790810918065,0.749393140239179,0.0944348130616981
0.650203161889136,-0.0605898479043091,0.751403537700849,0.0946437610233334
0.647812451463338,-0.061001669085761,0.753406302625838,0.094851286911969
0.645415408415594,-0.061414539972119,0.755401414748915,0.0950573869836237
0.643012057287945,-0.0618284558870057,0.75738885388339,0.0952620575093818
0.640602422686942,-0.0622434121417586,0.75936859992132,0.0954652947754327
0.63818652928339,-0.0626594040354785,0.761340632833715,0.0956670950831108
0.635764401812099,-0.0630764268550778,0.763304932670749,0.0958674547489348
0.633336065071623,-0.06349447587533,0.765261479561955,0.0960663701046471
0.630901543924013,-0.0639135463589181,0.767210253716439,0.096263837497253
0.628460863294556,-0.064333633556484,0.769151235423075,0.0964598532890597
0.626014048171522,-0.0647547327066775,0.771084405050711,0.0966544138577152
0.623561123605907,-0.0651768390362059,0.773009743048372,0.0968475155962467
0.621102114711174,-0.0655999477598831,0.774927229945457,0.0970391549130997
0.618637046662996,-0.0660240540806794,0.77683684635194,0.0972293282321759
0.616165944699,-0.0664491531897711,0.778738572958568,0.0974180319928716
0.613688834118504,-0.0668752402665905,0.780632390537064,0.0976052626501159
0.611205740282257,-0.0673023104788755,0.782518279940316,0.0977910166744083
0.608716688612184,-0.0677303589827202,0.784396222102581,0.0979752905518567
0.606221704591117,-0.0681593809226244,0.786266198039677,0.0981580807842149
0.603720813762541,-0.0685893714315445,0.788128188849176,0.0983393838889201
0.601214041730326,-0.0690203256309437,0.789982175710604,0.0985191963991299
0.598701414158466,-0.0694522386308423,0.791828139885626,0.0986975148637597
0.596182956770817,-0.069885105529869,0.793666062718246,0.0988743358475196
0.59365869535083,-0.070318921415311,0.795495925634993,0.099049655930951
0.591128655741288,-0.0707536813631653,0.797317710145114,0.0992234717104632
0.58859286384404,-0.0711893804381895,0.799131397840762,0.0993957797983702
0.586051345619736,-0.0716260136939532,0.800936970397187,0.0995665768229265
0.583504127087557,-0.0720635761728889,0.802734409572922,0.0997358594283637
0.580951234324953,-0.0725020629063439,0.804523697209972,0.0999036242749261
0.578392693467371,-0.0729414689146312,0.806304815233999,0.100069868038906
0.575828530707988,-0.0733817892070813,0.808077745654506,0.100234587412682
0.573258772297443,-0.0738230187820941,0.809842470565025,0.10039777910475
0.570683444543565,-0.0742651526271906,0.811598972143299,0.100559439839761
0.568102573811105,-0.0747081857190647,0.813347232651463,0.100719566358558
0.565516186521463,-0.0751521130236355,0.815087234436228,0.100878155418208
0.562924309152422,-0.0755969294960993,0.816818959929064,0.101035203792038
0.560326968237867,-0.0760426300809819,0.818542391646374,0.101190708269669
0.557724190367521,-0.076489209712191,0.820257512189681,0.101344665657051
0.555116002186668,-0.0769366633130688,0.8219643042458,0.101497072776498
0.552502430395879,-0.0773849857964443,0.82366275058702,0.101647926466721
0.549883501750739,-0.0778341720646864,0.825352834071278,0.101797223582862
0.547259243061571,-0.0782842170097566,0.827034537642335,0.101944960996528
0.544629681193164,-0.0787351155132617,0.828707844329955,0.102091135595826
0.541994843064493,-0.0791868624465072,0.830372737250071,0.102235744285393
0.539354755648444,-0.07963945267055,0.832029199604968,0.102378783986434
0.536709445971537,-0.0800928810362524,0.833677214683446,0.102520251636751
0.534058941113648,-0.0805471423843345,0.835316765860999,0.102660144190777
0.531403268207735,-0.0810022315454285,0.836947836599979,0.10279845861961
0.52874245443955,-0.0814581433401318,0.838570410449772,0.102935191911044
0.526076527047371,-0.0819148725790607,0.840184471046962,0.103070341069604
0.523405513321714,-0.0823724140629046,0.8417900021155,0.103203903116576
0.520729440605056,-0.0828307625824792,0.843386987466871,0.103335875090037
0.518048336291553,-0.0832899129187812,0.844975411000262,0.103466254044893
0.51536222782676,-0.0837498598430417,0.846555256702724,0.103595037052905
0.51267114270735,-0.0842105981167811,0.848126508649338,0.103722221202723
0.509975108480829,-0.0846721224918629,0.849689151003379,0.103847803599917
0.507274152745253,-0.085134427710548,0.851243168016475,0.103971781367011
0.504568303148946,-0.0855975085055498,0.852788544028774,0.104094151643506
0.501857587390218,-0.0860613596000881,0.854325263469098,0.104214911585921
0.499142033217077,-0.0865259757079443,0.855853310855111,0.104334058367817
0.496421668426944,-0.0869913515335159,0.857372670793467,0.104451589179829
0.493696520866372,-0.0874574817718716,0.858883327979979,0.104567501229697
0.490966618430753,-0.0879243611088059,0.860385267199769,0.104681791742297
0.488231989064038,-0.0883919842208947,0.861878473327424,0.104794457959668
0.485492660758448,-0.0888603457755501,0.863362931327156,0.104905497141044
0.482748661554183,-0.0893294404310759,0.864838626252951,0.105014906562886
0.48000001953914,-0.0897992628367228,0.866305543248725,0.105122683518903
0.477246762848619,-0.0902698076327439,0.867763667548477,0.105228825320093
0.474488919665039,-0.0907410694504503,0.869212984476436,0.105333329294763
0.471726518217643,-0.0912130429122668,0.870653479447218,0.105436192788561
0.468959586782215,-0.0916857226317874,0.872085137965971,0.105537413164504
0.466188153680782,-0.0921591032138317,0.873507945628524,0.10563698780301
0.463412247281329,-0.0926331792544999,0.874921888121536,0.105734914101921
0.460631895997506,-0.0931079453412298,0.876326951222643,0.105831189476534
0.457847128288333,-0.0935833960528522,0.877723120800603,0.105925811359632
0.455057972657913,-0.0940595259596475,0.87911038281544,0.106018777201503
0.452264457655137,-0.0945363296234018,0.880488723318589,0.106110084469978
0.449466611873389,-0.0950138015974633,0.881858128453042,0.106199730650453
0.446664463950253,-0.0954919364267989,0.883218584453483,0.106287713245915
0.443858042567223,-0.0959707286480503,0.884570077646435,0.106374029776972
0.441047376449402,-0.0964501727895914,0.8859125944504,0.106458677781881
0.438232494365212,-0.0969302633715844,0.887246121375994,0.106541654816571
0.435413425126095,-0.0974109949060368,0.88857064502609,0.106622958454671
0.432590197586222,-0.0978923618968582,0.889886152095951,0.106702586287539
0.42976284064219,-0.0983743588399176,0.891192629373372,0.106780535924283
0.42693138323273,-0.0988569802231002,0.89249006373881,0.106856804991793
0.42409585433841,-0.0993402205263644,0.89377844216552,0.106931391134762
0.421256282981333,-0.0998240742217993,0.895057751719692,0.107004292015713
0.418412698224844,-0.100308535773682,0.89632797956058,0.107075505315027
0.415565129173229,-0.100793599638535,0.897589112940631,0.107145028730966
0.412713604971415,-0.101279260265184,0.898841139205625,0.107212859979695
0.409858154804674,-0.101765512094814,0.900084045794794,0.107278996795315
0.40699880789832,-0.102252349561028,0.901317820240959,0.10734343692988
0.404135593517412,-0.102739767089907,0.902542450170652,0.107406178153424
0.401268540966449,-0.103227759100062,0.903757923304247,0.10746721825399
0.398397679589073,-0.103716320002697,0.904964227456083,0.107526555037645
0.395523038767768,-0.104205444201667,0.906161350534592,0.107584186328511
0.392644647923554,-0.104695126093533,0.907349280542419,0.107640109968789
0.389762536515689,-0.105185360067619,0.908528005576547,0.107694323818778
0.386876734041363,-0.105676140506077,0.909697513828422,0.1077468257569
0.3839872700354,-0.106167461783938,0.910857793584067,0.107797613679728
0.381094174069949,-0.106659318269174,0.912008833224209,0.107846685502001
0.378197475754184,-0.107151704322755,0.913150621224395,0.107894039156654
0.375297204734,-0.107644614298709,0.914283146155108,0.107939672594836
0.372393390691703,-0.10813804254418,0.91540639668189,0.107983583785934
0.369486063345716,-0.108631983399485,0.916520361565451,0.108025770717599
0.366575252450261,-0.109126431198174,0.917625029661791,0.10806623139576
0.363660987795064,-0.10962138026709,0.918720389922309,0.108104963844653
0.360743299205044,-0.110116824926425,0.91980643139392,0.108141966106841
0.357822216540005,-0.110612759489781,0.920883143219165,0.108177236243232
0.354897769694336,-0.11110917826423,0.92195051463632,0.108210772333107
0.351969988596695,-0.111606075550368,0.923008534979515,0.108242572474135
0.349038903209712,-0.112103445642381,0.924057193678831,0.108272634782397
0.34610454352967,-0.112601282828098,0.925096480260419,0.108300957392405
0.343166939586207,-0.113099581389056,0.926126384346602,0.108327538457127
0.340226121442001,-0.113598335600553,0.927146895655981,0.108352376148
0.337282119192465,-0.114097539731712,0.928158004003544,0.108375468654958
0.334334962965435,-0.11459718804554,0.929159699300766,0.108396814186446
0.331384682920862,-0.115097274798986,0.930151971555717,0.108416410969445
0.328431309250505,-0.115597794243001,0.931134810873158,0.108434257249485
0.325474872177614,-0.116098740622597,0.932108207454649,0.108450351290673
0.322515401956628,-0.116600108176908,0.933072151598648,0.108464691375705
0.319552928872856,-0.117101891139251,0.934026633700604,0.108477275805887
0.316587483242175,-0.117604083737181,0.934971644253066,0.108488102901156
0.313619095410709,-0.118106680192556,0.935907173845771,0.108497171000098
0.310647795754524,-0.118609674721594,0.936833213165745,0.108504478459965
0.307673614679316,-0.119113061534934,0.9377497529974,0.108510023656694
0.304696582620094,-0.119616834837696,0.938656784222622,0.108513804984926
0.301716730040872,-0.120120988829542,0.939554297820871,0.108515820858022
0.298734087434353,-0.120625517704733,0.940442284869271,0.108516069708082
0.295748685321619,-0.121130415652193,0.941320736542699,0.108514549985965
0.292760554251815,-0.121635676855567,0.94218964411388,0.1085112601613
0.289769724801836,-0.122141295493282,0.943048998953473,0.10850619872251
0.286776227576014,-0.122647265738608,0.943898792530161,0.108499364176824
0.2837800932058,-0.123153581759717,0.944739016410736,0.108490755050297
0.280781352349457,-0.123660237719746,0.945569662260188,0.108480369887825
0.277780035691736,-0.124167227776853,0.94639072184179,0.108468207253161
0.274776173943566,-0.124674546084284,0.947202187017181,0.108454265728932
0.271769797841741,-0.125182186790427,0.948004049746451,0.108438543916655
0.268760938148597,-0.125690144038878,0.948796302088222,0.108421040436753
0.265749625651703,-0.126198411968499,0.94957893619973,0.10840175392857
0.26273589116354,-0.126706984713479,0.950351944336904,0.108380683050385
0.259719765521189,-0.127215856403395,0.951115318854447,0.108357826479431
0.25670127958601,-0.127725021163275,0.951869052205914,0.108333182911907
0.253680464243327,-0.128234473113656,0.952613136943789,0.108306751062994
0.250657350402112,-0.128744206370644,0.953347565719561,0.108278529666868
0.247631968994666,-0.129254215045982,0.954072331283798,0.108248517476718
0.244604350976302,-0.129764493247103,0.954787426486224,0.108216713264754
0.241574527325025,-0.130275035077194,0.95549284427579,0.10818311582223
0.238542529041217,-0.13078583463526,0.956188577700747,0.108147723959448
0.235508387147318,-0.13129688601618,0.956874619908719,0.10811053650578
0.232472132687506,-0.131808183310775,0.957550964146767,0.108071552309676
0.229433796727377,-0.132319720605862,0.958217603761466,0.108030770238679
0.226393410353632,-0.132831491984319,0.958874532198968,0.10798818917944
0.22335100467375,-0.133343491525149,0.959521743005069,0.107943808037726
0.220306610815672,-0.133855713303536,0.96015922982528,0.107897625738439
0.217260259927485,-0.13436815139091,0.960786986404884,0.107849641225623
0.214211983177096,-0.134880799855008,0.961405006589009,0.107799853462478
0.211161811751913,-0.135393652759935,0.962013284322682,0.107748261431375
0.20810977685853,-0.135906704166225,0.962611813650898,0.107694864133863
0.205055909722399,-0.136419948130906,0.963200588718679,0.107639660590684
0.202000241587516,-0.136933378707555,0.96377960377113,0.107582649841782
0.198942803716095,-0.137446989946368,0.964348853153504,0.107523830946319
0.19588362738825,-0.137960775894215,0.964908331311254,0.107463202982679
0.192822743901674,-0.138474730594706,0.965458032790096,0.107400765048486
0.189760184571313,-0.13898884808825,0.965997952236059,0.107336516260609
0.186695980729052,-0.139503122412118,0.966528084395542,0.107270455755175
0.183630163723387,-0.140017547600506,0.967048424115368,0.107202582687582
0.180562764919105,-0.140532117684595,0.967558966342837,0.107132896232502
0.177493815696962,-0.141046826692616,0.968059706125778,0.107061395583899
0.174423347453361,-0.141561668649905,0.968550638612596,0.106988079955032
0.17135139160003,-0.142076637578975,0.969031759052327,0.106912948578469
0.168277979563699,-0.142591727499571,0.969503062794683,0.106836000706093
0.165203142785775,-0.143106932428732,0.969964545290098,0.106757235609115
0.162126912722023,-0.143622246380858,0.970416202089781,0.106676652578078
0.15904932084224,-0.144137663367767,0.970858028845754,0.106594250922871
0.155970398629934,-0.144653177398761,0.9712900213109,0.106510029972732
0.152890177581999,-0.145168782480686,0.971712175339007,0.10642398907626
0.149808689208391,-0.145684472617994,0.97212448688481,0.106336127601424
0.146725965031807,-0.146200241812807,0.972526952004028,0.106246444935566
0.143642036587359,-0.146716084064978,0.972919566853413,0.106154940485415
0.140556935422253,-0.147231993372153,0.973302327690781,0.106061613677087
0.137470693095459,-0.147747963729834,0.973675230875052,0.105966463956101
0.134383341177394,-0.148263989131443,0.974038272866291,0.105869490787379
0.131294911249594,-0.148780063568379,0.97439145022574,0.105770693655255
0.128205434904389,-0.149296181030087,0.974734759615856,0.105670072063485
0.125114943744583,-0.149812335504117,0.975068197800342,0.105567625535249
0.122023469383122,-0.150328520976186,0.975391761644182,0.105463353613158
0.118931043442777,-0.150844731430241,0.975705448113673,0.105357255859262
0.115837697555815,-0.151360960848522,0.976009254276455,0.105249331855057
0.112743463363674,-0.151877203211625,0.976303177301541,0.105139581201485
0.109648372516642,-0.152393452498562,0.976587214459346,0.105028003518945
0.106552456673525,-0.152909702686827,0.976861363121715,0.104914598447297
0.103455747501329,-0.153425947752456,0.977125620761951,0.104799365645867
0.100358276674932,-0.153942181670089,0.977379984954836,0.104682304793449
0.0972600758767554,-0.154458398413037,0.977624453376661,0.104563415588314
0.0941611767964453,-0.154974591953338,0.977859023805249,0.104442697748212
0.0910616111305416,-0.155490756261826,0.978083694119972,0.104320151010379
0.0879614105821546,-0.156006885308188,0.978298462301781,0.104195775131535
0.0848606068606394,-0.156522973061031,0.978503326433219,0.104069569887894
0.0817592316812701,-0.157039013487943,0.978698284698444,0.103941535075168
0.078657316764914,-0.157555000555554,0.978883335383248,0.103811670508564
0.0755548938377059,-0.158070928229602,0.979058476875072,0.103679976022793
0.0724519946307223,-0.158586790474993,0.979223707663025,0.103546451472073
0.0693486508796557,-0.159102581255864,0.979379026337895,0.103411096730128
0.0662448943244884,-0.159618294535649,0.97952443159217,0.103273911690193
0.0631407567091668,-0.160133924277135,0.979659922220044,0.103134896265019
0.060036269781275,-0.160649464442532,0.979785497117433,0.102994050386871
0.0569314652917095,-0.161164908993531,0.979901155281986,0.102851374007531
0.0538263749943524,-0.161680251891368,0.980006895813094,0.102706867098302
0.0507210306457458,-0.162195487096886,0.980102717911898,0.102560529650009
0.0476154640047654,-0.162710608570601,0.980188620881302,0.102412361672999
0.0445097068322944,-0.163225610272761,0.980264604125972,0.102262363197142
0.0414037908908974,-0.163740486163409,0.980330667152349,0.102110534271836
0.0382977479444945,-0.164255230202448,0.980386809568649,0.101956874966002
0.0351916097580343,-0.164769836349703,0.98043303108487,0.10180138536809
0.0320854080971686,-0.165284298564982,0.980469331512792,0.101644065586077
0.0289791747279257,-0.165798610808141,0.980495710765982,0.101484915747466
0.0258729414163841,-0.166312767039145,0.98051216885979,0.101323935999289
0.0227667399283467,-0.166826761218133,0.980518705911353,0.101161126508105
0.0196606020290142,-0.167340587305478,0.980515322139592,0.100996487460001
0.0165545594826592,-0.16785423926185,0.980502017865207,0.100830019060588
0.0134486440522996,-0.168367711048283,0.980478793510679,0.100661721535006
0.0103428874993729,-0.168880996626232,0.98044564960026,0.100491595127918
0.00723732158340966,-0.169394089957639,0.980402586759968,0.10031964010351
0.00413197806170747,-0.169906985004995,0.980349605717586,0.100145856745493
0.00102688868900491,-0.170419675731402,0.980286707302645,0.0999702453570966
0.00207791478284461,0.170932156100639,-0.980213892446423,-0.0997928062610704
0.00518240060519898,0.171444420077219,-0.980131162181933,-0.099613539799681
0.00828653703295332,0.171956461626456,-0.98003851764391,-0.0994324463347102
0.011390292324866,0.172468274714529,-0.979935960068801,-0.0992495262474521
0.0144936347438848,0.172979853308539,-0.979823490794751,-0.0990647799387112
0.0175965325574724,0.173491191376577,-0.97970111126159,-0.0988782078287992
0.0206989540379326,0.174002282887784,-0.979568823010818,-0.0986898103575325
0.023800867462736,0.174513121812415,-0.979426627685589,-0.0984995879842283
0.026902241114846,0.1750237021219,-0.979274527030691,-0.0983075411877021
0.030003043283044,0.175534017788908,-0.979112522892532,-0.0981136704662635
0.0331032422622556,0.176044062787411,-0.978940617219119,-0.0979179763377128
0.0362028063538757,0.176553831092743,-0.978758812060036,-0.097720459339337
0.0393017038660946,0.177063316681666,-0.978567109566425,-0.0975211200279054
0.0423999031142227,0.17757251353243,-0.978365511990964,-0.0973199589796655
0.0454973724210165,0.178081415624837,-0.978154021687841,-0.0971169767903385
0.0485940801170038,0.178590016940306,-0.977932641112733,-0.0969121740751141
0.0516899945408085,0.179098311461928,-0.977701372822776,-0.096705551468646
0.0547850840394762,0.179606293174539,-0.977460219476542,-0.0964971096250467
0.0578793169687991,0.180113956064773,-0.977209183834011,-0.0962868492178818
0.0609726616936408,0.180621294121129,-0.976948268756543,-0.0960747709401647
0.0640650865882614,0.181128301334037,-0.976677477206844,-0.0958608755043509
0.0671565600366422,0.18163497169591,-0.976396812248941,-0.0956451636423317
0.0702470504328102,0.18214129920122,-0.976106277048147,-0.0954276361054285
0.0733365261811629,0.182647277846547,-0.975805874871029,-0.095208293664386
0.0764249556967926,0.183152901630653,-0.975495609085374,-0.094987137109366
0.0795123074058108,0.183658164554536,-0.975175483160155,-0.0947641672499402
0.0825985497456724,0.184163060621496,-0.974845500665494,-0.0945393849150837
0.0856836511654999,0.184667583837199,-0.974505665272624,-0.0943127909531677
0.0887675801264074,0.185171728209736,-0.974155980753855,-0.0940843862319518
0.0918503051018242,0.185675487749686,-0.973796450982531,-0.093854171638577
0.094931794577819,0.186178856470179,-0.973427079932991,-0.0936221480795573
0.0980120170534232,0.186681828386959,-0.973047871680529,-0.0933883164807724
0.101090941040954,0.187184397518445,-0.972658830401352,-0.0931526777874589
0.10416853506634,0.187686557885794,-0.972259960372535,-0.0929152329642025
0.107244767669439,0.188188303512961,-0.971851265971978,-0.0926759829949291
0.110319607404369,0.188689628426766,-0.97143275167836,-0.0924349288828959
0.113393022839824,0.189190526656949,-0.971004422071095,-0.092192071650683
0.116464982559399,0.18969099223624,-0.970566281830281,-0.0919474123401837
0.119535455161917,0.190191019200416,-0.970118335736656,-0.0917009520125953
0.122604409261742,0.190690601588362,-0.969660588671543,-0.0914526917484096
0.125671813489113,0.191189733442138,-0.969193045616806,-0.0912026326474032
0.128737636490455,0.191688408807037,-0.968715711654795,-0.0909507758286272
0.131801846928708,0.192186621731648,-0.968228591968291,-0.0906971224303977
0.134864413483648,0.192684366267919,-0.967731691840461,-0.0904416736102847
0.137925304852206,0.193181636471216,-0.967225016654792,-0.090184430545102
0.14098448974879,0.19367842640039,-0.966708571895046,-0.0899253944308963
0.144041936905609,0.194174730117833,-0.966182363145195,-0.0896645664829364
0.147097615072992,0.194670541689542,-0.965646396089371,-0.0894019479357018
0.150151493019709,0.195165855185182,-0.965100676511801,-0.0891375400428715
0.153203539533289,0.195660664678148,-0.96454521029675,-0.0888713440773126
0.156253723420349,0.196154964245623,-0.96398000342846,-0.0886033613310682
0.159302013506903,0.196648747968645,-0.963405061991091,-0.0883335931153457
0.162348378638691,0.197142009932162,-0.962820392168651,-0.0880620407605048
0.165392787681496,0.1976347442251,-0.962226000244941,-0.0877887056160448
0.168435209521461,0.19812694494042,-0.961621892603484,-0.0875135890505924
0.171475613065413,0.198618606175184,-0.961008075727462,-0.0872366924518886
0.174513967241179,0.199109722030609,-0.960384556199647,-0.0869580172267762
0.177550240997906,0.199600286612138,-0.959751340702336,-0.0866775648011864
0.180584403306383,0.200090294029492,-0.95910843601728,-0.0863953366201255
0.183616423159353,0.200579738396739,-0.958455849025614,-0.0861113341476617
0.186646269571837,0.201068613832349,-0.957793586707787,-0.0858255588669108
0.189673911581449,0.20155691445926,-0.957121656143491,-0.0855380122800226
0.192699318248718,0.202044634404937,-0.956440064511584,-0.0852486959081672
0.195722458657401,0.202531767801433,-0.955748819090021,-0.0849576112915198
0.198743301914802,0.20301830878545,-0.955047927255776,-0.0846647599892471
0.201761817152091,0.203504251498402,-0.954337396484766,-0.0843701435794919
0.204777973524618,0.203989590086473,-0.953617234351775,-0.0840737636593586
0.207791740212233,0.204474318700681,-0.952887448530376,-0.0837756218448983
0.2108030864196,0.204958431496934,-0.952148046792851,-0.0834757197710929
0.213811981376515,0.205441922636099,-0.951399037010111,-0.0831740590918401
0.21681839433822,0.205924786284053,-0.950640427151615,-0.0828706414799375
0.219822294585719,0.206407016611752,-0.949872225285288,-0.082565468627067
0.222823651426097,0.206888607795288,-0.949094439577441,-0.0822585422437785
0.22582243419283,0.207369554015948,-0.948307078292678,-0.0819498640594736
0.228818612246102,0.207849849460279,-0.947510149793821,-0.0816394358223894
0.231812154973122,0.208329488320144,-0.946703662541819,-0.0813272592995817
0.234803031788434,0.208808464792786,-0.945887625095659,-0.0810133362769081
0.237791212134234,0.209286773080887,-0.945062046112282,-0.0806976685590111
0.240776665480685,0.209764407392628,-0.944226934346492,-0.0803802579693007
0.243759361326225,0.210241361941749,-0.943382298650864,-0.0800611063499373
0.246739269197887,0.21071763094761,-0.942528147975656,-0.0797402155618138
0.249716358651607,0.211193208635254,-0.941664491368714,-0.0794175874845376
0.252690599272538,0.211668089235459,-0.940791337975383,-0.0790932240164133
0.255661960675364,0.212142266984809,-0.939908697038405,-0.0787671270744239
0.258630412504609,0.212615736125745,-0.939016577897834,-0.0784392985942125
0.261595924434952,0.213088490906629,-0.93811498999093,-0.0781097405300639
0.264558466171536,0.213560525581803,-0.937203942852069,-0.0777784548548857
0.267518007450279,0.21403183441165,-0.936283446112641,-0.0774454435601895
0.270474518038186,0.214502411662653,-0.935353509500951,-0.0771107086560715
0.273427967733659,0.214972251607454,-0.934414142842122,-0.0767742521711933
0.276378326366808,0.215441348524914,-0.93346535605799,-0.0764360761527624
0.279325563799759,0.215909696700174,-0.932507159167002,-0.0760961826665122
0.282269649926964,0.216377290424713,-0.931539562284117,-0.0757545737966827
0.285210554675512,0.216844123996407,-0.930562575620697,-0.0754112516459996
0.288148248005434,0.217310191719592,-0.929576209484404,-0.0750662183356545
0.291082699910016,0.217775487905117,-0.928580474279093,-0.0747194760052843
0.294013880416103,0.218240006870409,-0.927575380504708,-0.0743710268129506
0.29694175958441,0.218703742939532,-0.926560938757168,-0.0740208729351185
0.299866307509827,0.21916669044324,-0.925537159728264,-0.073669016566636
0.302787494321729,0.219628843719045,-0.924504054205544,-0.0733154599207124
0.305705290184278,0.220090197111268,-0.923461633072206,-0.0729602052288968
0.308619665296735,0.220550744971102,-0.922409907306984,-0.0726032547410571
0.31153058989376,0.221010481656673,-0.921348887984033,-0.0722446107253572
0.314438034245725,0.221469401533092,-0.920278586272818,-0.0718842754682359
0.317341968659012,0.22192749897252,-0.919199013437999,-0.071522251274384
0.320242363476321,0.222384768354226,-0.918110180839313,-0.0711585404667225
0.323139189076975,0.22284120406464,-0.917012099931458,-0.0707931453863797
0.326032415877226,0.223296800497418,-0.915904782263976,-0.0704260683926683
0.328922014330553,0.2237515520535,-0.914788239481132,-0.0700573118630628
0.33180795492797,0.224205453141161,-0.913662483321795,-0.0696868781931763
0.334690208198329,0.224658498176081,-0.91252752561932,-0.0693147697967368
0.33756874470862,0.225110681581391,-0.911383378301422,-0.0689409891055641
0.340443535064275,0.225561997787741,-0.910230053390053,-0.0685655385695462
0.343314549909469,0.226012441233353,-0.909067563001285,-0.0681884206566148
0.346181759927423,0.226462006364079,-0.907895919345175,-0.067809637852722
0.349045135840704,0.226910687633462,-0.906715134725648,-0.0674291926618153
0.351904648411523,0.227358479502791,-0.905525221540367,-0.0670470876058137
0.354760268442042,0.227805376441159,-0.904326192280604,-0.0666633252245829
0.357611966774665,0.228251372925521,-0.903118059531114,-0.0662779080759105
0.360459714292346,0.228696463440754,-0.901900835970003,-0.0658908387354809
0.36330348191888,0.22914064247971,-0.900674534368601,-0.0655021197968503
0.366143240619208,0.229583904543278,-0.899439167591327,-0.0651117538714211
0.368978961399713,0.230026244140438,-0.898194748595558,-0.0647197435884166
0.371810615308516,0.230467655788319,-0.896941290431496,-0.0643260915948551
0.374638173435773,0.230908134012258,-0.895678806242032,-0.063930800555524
0.377461606913977,0.231347673345855,-0.894407309262614,-0.0635338731529538
0.380280886918249,0.231786268331031,-0.893126812821109,-0.0631353120873916
0.383095984666634,0.232223913518085,-0.891837330337662,-0.062735120076775
0.385906871420402,0.232660603465752,-0.890538875324567,-0.062333299856705
0.388713518484335,0.233096332741254,-0.889231461386117,-0.0619298541804196
0.391515897207031,0.233531095920367,-0.887915102218474,-0.0615247858187664
0.394313978981189,0.233964887587467,-0.88658981160952,-0.0611180975601756
0.397107735243908,0.234397702335594,-0.885255603438721,-0.0607097922106327
0.39989713747698,0.234829534766504,-0.88391249167698,-0.0602998725936508
0.402682157207182,0.235260379490729,-0.882560490386497,-0.0598883415502428
0.405462766006568,0.235690231127628,-0.881199613720621,-0.0594752019388939
0.40823893549276,0.23611908430545,-0.879829875923705,-0.0590604566355327
0.411010637329243,0.236546933661384,-0.878451291330961,-0.0586441085335038
0.413777843225652,0.236973773841619,-0.877063874368312,-0.0582261605435387
0.416540524938064,0.237399599501397,-0.875667639552242,-0.0578066155937277
0.419298654269289,0.237824405305071,-0.874262601489648,-0.0573854766294903
0.422052203069159,0.23824818592616,-0.87284877487769,-0.0569627466135471
0.424801143234813,0.238670936047403,-0.871426174503638,-0.05653842852589
0.427545446710995,0.239092650360819,-0.869994815244722,-0.0561125253637532
0.430285085490331,0.239513323567757,-0.868554712067978,-0.0556850401415834
0.433020031613624,0.239932950378953,-0.867105880030093,-0.0552559758910101
0.435750257170139,0.240351525514589,-0.865648334277251,-0.0548253356608161
0.43847573429789,0.240769043704342,-0.864182090044979,-0.0543931225169069
0.441196435183923,0.241185499687443,-0.862707162657986,-0.0539593395422807
0.443912332064607,0.241600888212734,-0.861223567530008,-0.0535239898369983
0.446623397225913,0.242015204038715,-0.859731320163652,-0.0530870765181519
0.449329603003705,0.242428441933607,-0.858230436150229,-0.0526486027198346
0.452030921784019,0.242840596675404,-0.856720931169602,-0.0522085715931097
0.454727326003347,0.243251663051923,-0.855202820990018,-0.0517669863059792
0.457418788148923,0.243661635860866,-0.853676121467951,-0.0513238500433527
0.460105280759003,0.24407050990987,-0.852140848547936,-0.0508791660070159
0.462786776423148,0.244478280016561,-0.850597018262403,-0.0504329374155989
0.465463247782505,0.244884941008608,-0.849044646731517,-0.0499851675045445
0.468134667530088,0.245290487723782,-0.847483750163009,-0.049535859526076
0.470801008411057,0.245694915010003,-0.84591434485201,-0.0490850167491652
0.473462243223002,0.246098217725397,-0.844336447180883,-0.0486326424595003
0.476118344816217,0.24650039073835,-0.842750073619054,-0.0481787399594527
0.478769286093981,0.246901428927563,-0.841155240722844,-0.047723312568045
0.481415040012838,0.247301327182102,-0.839551965135297,-0.0472663636209178
0.484055579582873,0.247700080401453,-0.837940263586012,-0.0468078964702967
0.486690877867989,0.248097683495577,-0.836320152890965,-0.0463479144849592
0.489320907986181,0.248494131384961,-0.834691649952343,-0.0458864210502013
0.491945643109819,0.248889419000671,-0.833054771758364,-0.0454234195678039
0.494565056465917,0.249283541284407,-0.831409535383107,-0.0449589134559992
0.49717912133641,0.249676493188556,-0.829755957986333,-0.0444929061494366
0.499787811058428,0.250068269676241,-0.82809405681331,-0.0440254010991489
0.502391099024571,0.250458865721377,-0.826423849194635,-0.0435564017725181
0.504988958683181,0.250848276308724,-0.824745352546057,-0.0430859116532406
0.507581363538615,0.251236496433936,-0.823058584368296,-0.0426139342412933
0.510168287151515,0.251623521103619,-0.821363562246864,-0.0421404730528981
0.512749703139085,0.252009345335376,-0.819660303851883,-0.0416655316204877
0.515325585175356,0.252393964157865,-0.817948826937907,-0.0411891134926703
0.517895906991457,0.252777372610849,-0.816229149343734,-0.0407112222341941
0.520460642375889,0.253159565745247,-0.814501288992226,-0.0402318614259123
0.523019765174791,0.253540538623187,-0.812765263890123,-0.0397510346647473
0.525573249292206,0.253920286318057,-0.811021092127859,-0.0392687455636552
0.528121068690354,0.254298803914557,-0.809268791879375,-0.0387849977515896
0.530663197389897,0.254676086508751,-0.807508381401932,-0.0382997948734658
0.533199609470207,0.255052129208116,-0.805739879035925,-0.0378131405901244
0.535730279069626,0.255426927131596,-0.803963303204693,-0.037325038578295
0.538255180385743,0.255800475409651,-0.802178672414326,-0.0368354925305598
0.540774287675646,0.25617276918431,-0.800386005253483,-0.0363445061553166
0.543287575256198,0.256543803609219,-0.798585320393192,-0.035852083176742
0.545795017504291,0.256913573849695,-0.796776636586664,-0.0353582273347546
0.548296588857115,0.257282075082774,-0.794959972669096,-0.0348629423849774
0.550792263812421,0.257649302497263,-0.793135347557481,-0.0343662320987008
0.553282016928776,0.25801525129379,-0.791302780250411,-0.0338681002628449
0.555765822825832,0.258379916684854,-0.789462289827882,-0.0333685506799218
0.558243656184582,0.258743293894874,-0.787613895451098,-0.0328675871679978
0.560715491747622,0.259105378160243,-0.785757616362273,-0.0323652135606552
0.56318130431941,0.259466164729373,-0.783893471884436,-0.0318614337069547
0.565641068766522,0.259825648862747,-0.782021481421228,-0.0313562514713962
0.568094760017915,0.26018382583297,-0.780141664456705,-0.0308496707338811
0.57054235306518,0.260540690924817,-0.778254040555139,-0.0303416953896733
0.572983822962799,0.26089623943528,-0.776358629360812,-0.0298323293493602
0.575419144828406,0.261250466673623,-0.774455450597819,-0.0293215765388142
0.577848293843037,0.261603367961427,-0.772544524069864,-0.0288094408991533
0.580271245251386,0.261954938632638,-0.770625869660051,-0.0282959263867016
0.58268797436206,0.262305174033621,-0.768699507330689,-0.0277810369729504
0.585098456547834,0.262654069523204,-0.766765457123078,-0.0272647766445182
0.587502667245901,0.263001620472728,-0.764823739157309,-0.026747149403111
0.589900581958124,0.263347822266095,-0.762874373632051,-0.0262281592654827
0.592292176251292,0.263692670299821,-0.76091738082435,-0.0257078102633944
0.594677425757364,0.264036159983076,-0.758952781089415,-0.0251861064435748
0.597056306173726,0.264378286737739,-0.756980594860414,-0.0246630518676797
0.599428793263435,0.264719045998443,-0.755000842648256,-0.0241386506122511
0.601794862855471,0.265058433212624,-0.753013545041388,-0.023612906768677
0.604154490844985,0.265396443840568,-0.751018722705579,-0.0230858244431502
0.606507653193543,0.265733073355457,-0.749016396383709,-0.0225574077566277
0.608854325929379,0.266068317243422,-0.747006586895554,-0.022027660844789
0.611194485147636,0.266402171003583,-0.744989315137574,-0.0214965878579953
0.613528107010611,0.266734630148102,-0.742964602082697,-0.020964192961248
0.615855167748005,0.267065690202227,-0.740932468780102,-0.0204304803341467
0.618175643657161,0.267395346704342,-0.738892936355005,-0.019895454170848
0.620489511103312,0.267723595206008,-0.736846026008441,-0.0193591186800233
0.622796746519821,0.268050431272016,-0.734791759017045,-0.0188214780848166
0.625097326408422,0.268375850480431,-0.732730156732834,-0.0182825366228028
0.627391227339464,0.268699848422637,-0.730661240582986,-0.0177422985459448
0.629678425952152,0.269022420703386,-0.728585032069624,-0.0172007681205514
0.631958898954781,0.269343562940842,-0.726501552769587,-0.0166579496272344
0.634232623124984,0.269663270766628,-0.724410824334216,-0.0161138473608661
0.636499575309961,0.269981539825872,-0.722312868489129,-0.015568465630536
0.638759732426725,0.270298365777252,-0.720207707033993,-0.0150218087595079
0.641013071462332,0.270613744293042,-0.718095361842306,-0.0144738810851769
0.643259569474124,0.270927671059156,-0.715975854861171,-0.0139246869590256
0.645499203589957,0.271240141775199,-0.713849208111065,-0.0133742307465806
0.647731951008442,0.271551152154503,-0.711715443685619,-0.0128225168273695
0.649957788999178,0.271860697924179,-0.709574583751387,-0.012269549594876
0.652176694902981,0.272168774825162,-0.707426650547621,-0.0117153334564968
0.654388646132121,0.272475378612249,-0.705271666386038,-0.0111598728334974
0.656593620170554,0.272780505054153,-0.703109653650596,-0.0106031721609672
0.65879159457415,0.273084149933539,-0.700940634797258,-0.0100452358877761
0.660982546970926,0.273386309047074,-0.698764632353767,-0.00948606847652904
0.663166455061274,0.273686978205469,-0.696581668919407,-0.00892567440352198
0.665343296618191,0.273986153233521,-0.694391767164779,-0.00836405815869675
0.667513049487507,0.274283829970164,-0.692194949831563,-0.00780122424559619
0.669675691588112,0.274580004268502,-0.689991239732283,-0.00723717718131908
0.671831200912184,0.274874671995864,-0.687780659750075,-0.00667192149647484
0.67397955552541,0.275167829033838,-0.685563232838453,-0.00610546173513821
0.67612073356722,0.275459471278319,-0.683338982021068,-0.00553780245480369
0.678254713251004,0.275749594639554,-0.681107930391477,-0.00496894822633992
0.680381472864336,0.276038195042179,-0.6788701011129,-0.00439890363394385
0.682500990769203,0.276325268425268,-0.676625517417986,-0.00382767327509486
0.684613245402218,0.276610810742371,-0.674374202608573,-0.00325526176050862
0.686718215274851,0.276894817961561,-0.672116180055448,-0.00268167371409096
0.688815878973642,0.277177286065473,-0.669851473198105,-0.00210691377289147
0.690906215160424,0.277458211051346,-0.667580105544507,-0.00153098658705705
0.692989202572543,0.277737588931068,-0.665302100670843,-0.000953896819785284
0.695064820023072,0.278015415731217,-0.663017482221285,-0.00037564914727771
0.697133046401035,0.278291687493103,-0.660726273907746,0.000203751741307088
0.699193860671617,0.278566400272805,-0.658428499509635,0.000784301143900483
0.701247241876385,0.278839550141222,-0.656124182873612,0.00136599434557096
0.7032931691335,0.279111133184105,-0.653813347913346,0.00194882661857141
0.705331621637933,0.279381145502105,-0.651496018609265,0.00253279322238651
0.707362578661676,0.279649583210809,-0.649172219008313,0.00311788940378033
0.709386019553961,0.279916442440784,-0.646841973223699,0.00370411039684396
0.711401923741463,0.280181719337618,-0.644505305434652,0.00429145142304336
0.713410270728518,0.28044541006196,-0.642162239886172,0.00487990769126729
0.715411040097332,0.280707510789557,-0.639812800888779,0.00546947439787536
0.717404211508188,0.280968017711301,-0.637457012818266,0.00606014672674627
0.719389764699658,0.281226927033265,-0.635094900115445,0.00665191984932612
0.721367679488807,0.281484234976741,-0.632726487285897,0.00724478892467688
0.723337935771407,0.281739937778285,-0.630351798899722,0.00783874909952497
0.725300513522134,0.281994031689754,-0.627970859591282,0.00843379550830997
0.727255392794782,0.282246512978345,-0.625583694058952,0.0090299232732335
0.729202553722464,0.282497377926636,-0.623190327064865,0.00962712750430815
0.731141976517813,0.282746622832623,-0.620790783434655,0.0102254032994066
0.733073641473192,0.282994244009762,-0.618385088057203,0.0108247457443108
0.73499752896089,0.283240237787004,-0.615973265884385,0.0114251499127614
0.736913619433328,0.283484600508839,-0.613555341930807,0.0120266108665071
0.738821893423255,0.28372732853533,-0.611131341273558,0.0126291236553544
0.740722331543952,0.283968418242154,-0.608701289051942,0.0132326833172173
0.74261491448943,0.284207866020637,-0.606265210467228,0.0138372848781669
0.744499623034625,0.284445668277798,-0.603823130782386,0.0144429233524817
0.746376438035601,0.284681821436382,-0.601375075321827,0.0150495937426974
0.74824534042974,0.284916321934898,-0.598921069471147,0.0156572910396574
0.750106311235943,0.28514916622766,-0.596461138676862,0.0162660102225629
0.751959331554822,0.285380350784822,-0.593995308446146,0.0168757462590234
0.753804382568894,0.285609872092413,-0.591523604346573,0.0174864941051074
0.755641445542775,0.285837726652382,-0.589046052005848,0.018098248705393
0.757470501823374,0.286063910982624,-0.586562677111549,0.0187110049930185
0.759291532840081,0.286288421617028,-0.584073505410861,0.0193247578897337
0.761104520104957,0.286511255105505,-0.581578562710309,0.0199395023059508
0.762909445212929,0.28673240801403,-0.579077874875497,0.0205552331407955
0.764706289841974,0.286951876924673,-0.576571467830839,0.0211719452821584
0.766495035753309,0.287169658435642,-0.574059367559291,0.021789633606746
0.768275664791579,0.287385749161314,-0.571541600102088,0.022408292980133
0.770048158885039,0.28760014573227,-0.569018191558474,0.0230279182568132
0.771812500045746,0.287812844795338,-0.566489168085435,0.0236485042802516
0.77356867036974,0.288023843013618,-0.563954555897425,0.024270045882936
0.775316652037224,0.288233137066527,-0.561414381266105,0.0248925378864294
0.777056427312757,0.288440723649826,-0.558868670520066,0.0255159751014216
0.778787978545424,0.288646599475663,-0.556317450044561,0.0261403523277818
0.780511288169027,0.288850761272601,-0.553760746281232,0.0267656643546106
0.782226338702259,0.289053205785656,-0.551198585727841,0.0273919059602926
0.783933112748887,0.289253929776332,-0.548630994937997,0.0280190719125489
0.785631592997927,0.289452930022653,-0.546058000520879,0.0286471569684898
0.787321762223827,0.2896502033192,-0.543479629140967,0.0292761558746674
0.789003603286638,0.289845746477142,-0.540895907517767,0.0299060633671284
0.790677099132194,0.290039556324273,-0.538306862425535,0.0305368741714676
0.792342232792283,0.290231629705041,-0.535712520693,0.0311685830028803
0.793998987384826,0.290421963480589,-0.533112909203094,0.0318011845662159
0.795647346114047,0.290610554528779,-0.53050805489267,0.032434673556031
0.797287292270646,0.290797399744235,-0.527897984752227,0.0330690446566431
0.79891880923197,0.290982496038366,-0.525282725825634,0.0337042925421836
0.800541880462184,0.291165840339407,-0.522662305209848,0.034340411876652
0.802156489512443,0.291347429592448,-0.52003675005464,0.0349773973139691
0.803762620021057,0.291527260759466,-0.517406087562314,0.0356152434980312
0.805360255713659,0.291705330819358,-0.514770344987424,0.0362539450627638
0.806949380403375,0.291881636767975,-0.512129549636501,0.0368934966321758
0.80852997799099,0.29205617561815,-0.509483728867766,0.0375338928204135
0.810102032465109,0.292228944399734,-0.506832910090851,0.0381751282318148
0.811665527902325,0.292399940159624,-0.504177120766517,0.0388171974609639
0.813220448467382,0.292569159961798,-0.501516388406371,0.0394600950927452
0.814766778413336,0.292736600887342,-0.498850740572586,0.0401038157023981
0.816304502081718,0.292902260034486,-0.496180204877614,0.0407483538555718
0.817833603902694,0.29306613451863,-0.493504808983904,0.0413937041083799
0.819354068395225,0.293228221472377,-0.490824580603617,0.042039861007455
0.820865880167225,0.293388518045566,-0.48813954749834,0.0426868190900042
0.82236902391572,0.293547021405297,-0.485449737478806,0.0433345728838635
0.823863484427004,0.293703728735967,-0.482755178404599,0.0439831169075534
0.825349246576798,0.293858637239295,-0.480055898183875,0.044632445670334
0.826826295330399,0.294011744134354,-0.477351924773073,0.04528255367226
0.828294615742841,0.294163046657603,-0.474643286176627,0.0459334354042368
0.829754192959045,0.294312542062912,-0.471930010446677,0.0465850853480754
0.831205012213971,0.294460227621593,-0.469212125682782,0.0472374979765483
0.832647058832771,0.294606100622433,-0.466489660031633,0.0478906677534452
0.834080318230939,0.294750158371715,-0.46376264168676,0.0485445891336285
0.835504775914458,0.294892398193256,-0.461031098888244,0.0491992565630898
0.836920417479955,0.295032817428427,-0.458295059922425,0.0498546644790052
0.838327228614843,0.295171413436187,-0.455554553121616,0.0505108073097919
0.83972519509747,0.295308183593111,-0.452809606863805,0.0511676794751641
0.841114302797263,0.295443125293414,-0.450060249572369,0.0518252753861893
0.842494537674878,0.295576235948984,-0.447306509715778,0.0524835894453447
0.843865885782338,0.295707512989407,-0.444548415807303,0.0531426160465734
0.845228333263179,0.295836953861992,-0.441785996404725,0.0538023495753415
0.846581866352592,0.295964556031804,-0.43901928011004,0.054462784408694
0.847926471377566,0.296090316981688,-0.436248295569164,0.055123914915312
0.849262134757023,0.296214234212296,-0.433473071471639,0.0557857354555693
0.850588843001963,0.296336305242112,-0.430693636550341,0.0564482403815892
0.851906582715599,0.296456527607484,-0.427910019581178,0.0571114240373018
0.853215340593496,0.296574898862645,-0.425122249382802,0.0577752807585005
0.854515103423705,0.296691416579743,-0.422330354816308,0.0584398048728997
0.855805858086904,0.296806078348862,-0.419534364784935,0.0591049907001914
0.857087591556525,0.296918881778055,-0.416734308233778,0.0597708325521034
0.858360290898895,0.297029824493365,-0.413930214149478,0.0604373247324554
0.859623943273362,0.29713890413885,-0.411122111559936,0.0611044615372179
0.860878535932431,0.297246118376611,-0.408310029534006,0.0617722372545685
0.862124056221897,0.297351464886816,-0.405493997181201,0.0624406461649504
0.863360491580965,0.297454941367725,-0.402674043651389,0.0631096825411294
0.864587829542392,0.297556545535715,-0.399850198134501,0.0637793406482525
0.865806057732603,0.297656275125302,-0.397022489860221,0.0644496147439048
0.867015163871825,0.29775412788917,-0.394190948097696,0.0651204990781685
0.868215135774213,0.297850101598193,-0.391355602155225,0.0657919878936799
0.869405961347969,0.297944194041458,-0.388516481379965,0.0664640754256883
0.870587628595472,0.29803640302629,-0.385673615157628,0.0671367559021136
0.8717601256134,0.298126726378275,-0.382827032912175,0.067810023543605
0.87292344059285,0.298215161941285,-0.379976764105517,0.0684838725635991
0.874077561819459,0.298301707577499,-0.377122838237213,0.0691582971683782
0.875222477673528,0.298386361167429,-0.374265284844164,0.069833291557129
0.876358176630135,0.298469120609938,-0.371404133500309,0.0705088499220013
0.877484647259261,0.298549983822271,-0.368539413816325,0.0711849664481659
0.878601878225899,0.298628948740067,-0.365671155439318,0.0718616353138743
0.879709858290176,0.29870601331739,-0.362799388052522,0.0725388506905166
0.880808576307466,0.298781175526749,-0.35992414137499,0.0732166067426809
0.881898021228505,0.298854433359115,-0.357045445161291,0.0738948976282119
0.882978182099502,0.29892578482395,-0.354163329201207,0.0745737174982701
0.884049048062255,0.298995227949225,-0.351277823319418,0.0752530604973908
0.885110608354261,0.29906276078144,-0.348388957375204,0.075932920763543
0.886162852308824,0.299128381385648,-0.345496761262135,0.0766132924281888
0.887205769355169,0.299192087845477,-0.342601264907763,0.0772941696163429
0.888239349018545,0.299253878263145,-0.339702498273314,0.0779755464466314
0.889263580920335,0.299313750759486,-0.336800491353382,0.0786574170313514
0.890278454778166,0.299371703473971,-0.333895274175619,0.0793397754765308
0.891283960406006,0.299427734564724,-0.330986876800428,0.0800226158819872
0.892280087714276,0.299481842208544,-0.32807532932065,0.080705932341388
0.893266826709952,0.299534024600925,-0.325160661861261,0.0813897189423099
0.894244167496663,0.299584279956079,-0.322242904579056,0.0820739697662985
0.895212100274797,0.299632606506949,-0.319322087662342,0.0827586788889283
0.8961706153416,0.299679002505232,-0.31639824133063,0.0834438403798623
0.897119703091277,0.299723466221399,-0.313471395834319,0.0841294483029121
0.898059354015086,0.299765995944713,-0.310541581454388,0.0848154967160978
0.898989558701441,0.299806589983245,-0.307608828502086,0.085501979671708
0.899910307836005,0.299845246663897,-0.304673167318619,0.0861888912163598
0.900821592201786,0.299881964332418,-0.301734628274835,0.0868762253910592
0.901723402679233,0.299916741353423,-0.298793241770918,0.0875639762312611
0.902615730246326,0.299949576110409,-0.29584903823607,0.0882521377669296
0.903498565978674,0.299980467005775,-0.292902048128203,0.0889407040225984
0.9043719010496,0.300009412460839,-0.289952301933622,0.0896296690174311
0.905235726730236,0.300036410915856,-0.286999830166711,0.0903190267652817
0.906090034389613,0.300061460830031,-0.284044663369624,0.0910087712747549
0.906934815494746,0.300084560681543,-0.281086832111967,0.0916988965492668
0.907770061610721,0.300105708967558,-0.278126366990486,0.0923893965871058
0.908595764400786,0.300124904204242,-0.27516329862875,0.0930802653814925
0.909411915626435,0.300142144926786,-0.272197657676839,0.0937714969206411
0.910218507147488,0.300157429689414,-0.269229474811027,0.0944630851878199
0.91101553092218,0.300170757065405,-0.266258780733467,0.095155024161412
0.91180297900724,0.300182125647104,-0.263285606171877,0.0958473078149764
0.912580843557973,0.30019153404594,-0.260309981879221,0.0965399301173088
0.913349116828344,0.300198980892444,-0.257331938633396,0.0972328850325024
0.91410779117105,0.300204464836259,-0.254351507236913,0.0979261665200092
0.914856859037605,0.300207984546158,-0.251368718516582,0.0986197685347009
0.915596312978414,0.300209538710059,-0.248383603323197,0.09931368502693
0.91632614564285,0.30020912603504,-0.245396192531213,0.100007909942591
0.917046349779331,0.300206745247351,-0.242406517038434,0.100702437223182
0.917756918235391,0.300202395092431,-0.239414607765693,0.101397260805864
0.918457843957756,0.300196074334919,-0.236420495656536,0.102092374623526
0.919149119992414,0.300187781758673,-0.233424211676901,0.102787772604843
0.919830739484688,0.300177516166779,-0.230425786814802,0.103483448674339
0.920502695679306,0.300165276381565,-0.22742525208001,0.104179396752445
0.92116498192047,0.300151061244617,-0.224422638503734,0.104875610755568
0.921817591651924,0.300134869616789,-0.2214179771383,0.105572084596145
0.922460518417019,0.300116700378217,-0.218411299056838,0.106268812182708
0.923093755858783,0.300096552428334,-0.215402635352955,0.106965787419944
0.923717297719985,0.300074424685879,-0.212392017140419,0.107663004208761
0.924331137843197,0.30005031608891,-0.209379475552839,0.108360456446342
0.924935270170857,0.300024225594819,-0.206365041743347,0.109058138026215
0.925529688745336,0.29999615218034,-0.203348746884272,0.109756042838307
0.926114387708992,0.299966094841563,-0.200330622166827,0.110454164769014
0.926689361304235,0.299934052593945,-0.197310698800781,0.111152497701254
0.927254603873583,0.29990002447232,-0.194289008014145,0.111851035514536
0.927810109859722,0.299864009530915,-0.191265581052845,0.11254977208502
0.928355873805562,0.299826006843353,-0.188240449180404,0.113248701285575
0.928891890354293,0.299786015502671,-0.185213643677622,0.113947816985847
0.929418154249437,0.299744034621326,-0.182185195842251,0.114647113052317
0.929934660334908,0.299700063331208,-0.179155136988675,0.115346583348365
0.930441403555058,0.299654100783647,-0.176123498447588,0.116046221734329
0.930938378954734,0.299606146149427,-0.173090311565671,0.116746022067572
0.931425581679326,0.299556198618793,-0.170055607705274,0.117445978202541
0.931903006974816,0.299504257401461,-0.167019418244086,0.118146083990828
0.932370650187829,0.299450321726626,-0.163981774574819,0.118846333281236
0.932828506765678,0.299394390842976,-0.160942708104883,0.119546719919838
0.933276572256412,0.299336464018695,-0.157902250256063,0.120247237750041
0.933714842308864,0.299276540541473,-0.154860432464196,0.120947880612647
0.934143312672689,0.29921461971852,-0.151817286178848,0.121648642345916
0.934561979198413,0.299150700876566,-0.148772842862992,0.122349516785629
0.934970837837474,0.299084783361876,-0.14572713399268,0.12305049776515
0.935369884642262,0.299016866540253,-0.142680191056726,0.123751579115487
0.935759115766161,0.298946949797049,-0.139632045556379,0.124452754665357
0.936138527463588,0.298875032537172,-0.136582729004997,0.125154018241244
0.936508116090029,0.298801114185091,-0.133532272927727,0.125855363667468
0.936867878102081,0.298725194184846,-0.130480708861179,0.126556784766242
0.937217810057481,0.298647272000054,-0.127428068353103,0.127258275357738
0.93755790861515,0.298567347113915,-0.124374382962062,0.127959829260145
0.93788817053522,0.29848541902922,-0.121319684257111,0.128661440289739
0.938208592679069,0.298401487268354,-0.118264003817469,0.129363102260936
0.938519172009355,0.298315551373307,-0.115207373232199,0.130064808986365
0.938819905590043,0.298227610905677,-0.112149824099878,0.130766554276921
0.939110790586442,0.298137665446674,-0.109091388028276,0.131468331941835
0.939391824265224,0.29804571459713,-0.10603209663403,0.132170135788731
0.939663003994461,0.297951757977502,-0.102971981542319,0.132871959623695
0.939924327243645,0.297855795227875,-0.0999110743865378,0.133573797251331
0.94017579158372,0.297757826007972,-0.0968494068079736,0.134275642474828
0.9404173946871,0.297657849997153,-0.0937870104554796,0.13497748909602
0.940649134327698,0.297555866894424,-0.0907239169851504,0.135679330915453
0.940871008380947,0.297451876418439,-0.087660158059996,0.136381161732443
0.94108301482382,0.297345878307505,-0.0845957653496165,0.137082975345141
0.941285151734852,0.297237872319584,-0.0815307705298769,0.137784765550596
0.941477417294162,0.297127858232302,-0.0784652052825808,0.138486526144818
0.941659809783464,0.297015835842945,-0.0753991012951456,0.139188250922837
0.941832327586094,0.296901804968468,-0.0723324902602762,0.139889933678773
0.941994969187018,0.296785765445497,-0.0692654038756391,0.140591568205892
0.942147733172854,0.296667717130329,-0.0661978738435373,0.141293148296674
0.942290618231881,0.29654765989894,-0.0631299318705835,0.141994667742871
0.942423623154054,0.296425593646981,-0.0600616096673749,0.142696120335574
0.94254674683102,0.296301518289787,-0.0569929389481671,0.143397499865273
0.942659988256121,0.296175433762372,-0.0539239514305477,0.144098800121923
0.942763346524414,0.29604734001944,-0.0508546788351106,0.144800014895002
0.942856820832671,0.295917237035376,-0.0477851528851302,0.14550113797358
0.942940410479392,0.295785124804256,-0.0447154053062348,0.146202163146377
0.943014114864812,0.295651003339846,-0.0416454678260805,0.146903084201828
0.943077933490906,0.2955148726756,-0.0385753721740257,0.147603894928144
0.943131865961391,0.295376732864664,-0.0355051500808041,0.14830458911338
0.943175911981735,0.295236583979877,-0.0324348332781994,0.149005160545491
0.943210071359158,0.295094426113769,-0.0293644534987182,0.1497056030124
0.943234344002631,0.294950259378565,-0.0262940424752647,0.150405910302058
0.94324872992288,0.29480408390618,-0.0232236319408139,0.151106076202509
0.943253229232384,0.294655899848223,-0.0201532536280856,0.151806094501951
0.943247842145374,0.294505707375996,-0.0170829392692184,0.152505958988802
0.943232568977831,0.294353506680493,-0.0140127205954434,0.153205663451758
0.943207410147482,0.294199297972398,-0.0109426293367577,0.15390520167986
0.943172366173795,0.294043081482085,-0.00787269722159887,0.154604567462557
0.943127437677975,0.29388485745962,-0.00480295597651836,0.155303754589765
0.943072625382955,0.293724626174753,-0.00173343732585552,0.156002756851933
0.943007930113392,0.293562387916924,0.00133582700858848,0.156701568040107
0.942933352795653,0.293398142995255,0.00440480530787677,0.157400181945989
0.94284889445781,0.293231891738552,0.00747346585626277,0.158098592362005
0.942754556229628,0.2930636344953,0.0105417769415162,0.15879679308136
0.942650339342552,0.292893371633665,0.0136097068552492,0.159494777898112
0.942536245129693,0.292721103541487,0.0166772238932418,0.160192540607224
0.942412275025819,0.292546830626278,0.0197442963557685,0.160890075004632
0.942278430567333,0.292370553315222,0.0228108925479236,0.161587374887311
0.942134713392265,0.292192272055169,0.025876980779947,0.16228443405333
0.941981125240246,0.292011987312633,0.0289425293675503,0.162981246301921
0.941817667952499,0.291829699573788,0.0320075066322422,0.16367780543354
0.941644343471812,0.291645409344463,0.035071880901654,0.16437410524993
0.941461153842523,0.291459117150143,0.0381356205098655,0.165070139554181
0.941268101210497,0.291270823535957,0.0411986937977303,0.165765902150798
0.941065187823102,0.29108052906668,0.0442610691132013,0.16646138684576
0.94085241602919,0.290888234326727,0.0473227148116558,0.167156587446583
0.940629788279067,0.290693939920147,0.0503835992562212,0.167851497762386
0.940397307124472,0.290497646470619,0.0534436908180999,0.168546111603948
0.94015497521855,0.290299354621445,0.0565029578768943,0.169240422783777
0.939902795315822,0.290099065035549,0.0595613688209323,0.169934425116166
0.939640770272158,0.289896778395466,0.0626188920475917,0.170628112417263
0.939368903044749,0.289692495403341,0.0656754959636253,0.171321478505127
0.939087196692074,0.289486216780921,0.0687311489854856,0.172014517199796
0.938795654373868,0.289277943269547,0.0717858195396497,0.172707222323346
0.938494279351092,0.289067675630151,0.0748394760629431,0.173399587699955
0.938183074985897,0.288855414643248,0.0778920870028652,0.174091607155965
0.93786204474159,0.28864116110893,0.0809436208179126,0.174783274519945
0.937531192182598,0.288424915846856,0.083994045977904,0.175474583622755
0.937190520974431,0.288206679696248,0.087043330964304,0.176165528297604
0.936840034883646,0.287986453515885,0.0900914442705471,0.176856102380118
0.936479737777803,0.287764238184091,0.0931383544023616,0.1775462997084
0.936109633625432,0.287540034598731,0.0961840298780933,0.17823611412309
0.935729726495986,0.287313843677199,0.0992284392290292,0.178925539467433
0.935340020559802,0.287085666356416,0.102271550999721,0.179614569587335
0.934940520088058,0.286855503592815,0.105313333748307,0.180303198331431
0.934531229452726,0.286623356362338,0.108353756046839,0.180991419551144
0.934112153126532,0.286389225660423,0.111392786481601,0.181679227100749
0.933683295682903,0.286153112501999,0.114430393653434,0.182366614837432
0.933244661795927,0.285915017921472,0.117466546178061,0.183053576621358
0.9327962562403,0.28567494297272,0.120501212686403,0.183740106315728
0.932338083891276,0.285432888729082,0.123534361824911,0.184426197786844
0.931870149724622,0.285188856283349,0.126565962255879,0.185111844904169
0.931392458816561,0.28494284674775,0.129595982657772,0.185797041540393
0.930905016343722,0.284694861253948,0.132624391725546,0.186481781571491
0.930407827583086,0.284444900953026,0.13565115817097,0.187166058876785
0.929900897911935,0.284192967015476,0.138676250722946,0.187849867339011
0.929384232807788,0.283939060631191,0.141699638127834,0.188533200844375
0.928857837848356,0.283683183009453,0.144721289149771,0.189216053282621
0.928321718711474,0.283425335378918,0.14774117257099,0.189898418547085
0.927775881175047,0.283165518987612,0.150759257192146,0.190580290534764
0.927220331116994,0.282903735102913,0.153775511832631,0.191261663146377
0.926655074515179,0.282639985011544,0.1567899053309,0.191942530286421
0.926080117447356,0.282374270019556,0.159802406544787,0.192622885863242
0.925495466091104,0.28210659145232,0.162812984351827,0.193302723789087
0.924901126723764,0.281836950654516,0.165821607649576,0.193982037980173
0.924297105722373,0.281565348990114,0.16882824535593,0.194660822356745
0.923683409563599,0.281291787842366,0.171832866409444,0.195339070843141
0.923060044823673,0.281016268613796,0.174835439769654,0.196016777367848
0.922427018178326,0.280738792726178,0.177835934417392,0.196693935863569
0.921784336402713,0.280459361620531,0.180834319355108,0.197370540267281
0.921132006371347,0.280177976757102,0.183830563607189,0.1980465845203
0.92047003505803,0.279894639615351,0.186824636220273,0.198722062568337
0.919798429535778,0.279609351693942,0.189816506263571,0.199396968361566
0.919117196976746,0.279322114510723,0.192806142829186,0.20007129585468
0.918426344652162,0.279032929602715,0.195793515032427,0.200745039006954
0.917725879932244,0.278741798526098,0.198778592012128,0.201418191782308
0.917015810286127,0.278448722856194,0.201761342930967,0.202090748149365
0.916296143281787,0.278153704187453,0.204741736975778,0.202762702081515
0.915566886585963,0.277856744133441,0.207719743357876,0.203434047556974
0.914828047964076,0.277557844326818,0.210695331313365,0.204104778558847
0.914079635280149,0.27725700641933,0.213668470103458,0.204774889075187
0.91332165649673,0.276954232081789,0.216639129014794,0.205444373099057
0.912554119674804,0.276649523004058,0.219607277359752,0.206113224628592
0.911777032973715,0.276342880895033,0.222572884476766,0.206781437667057
0.910990404651078,0.276034307482631,0.225535919730642,0.207449006222911
0.910194243062697,0.275723804513773,0.228496352512871,0.208115924309864
0.909388556662478,0.275411373754361,0.231454152241946,0.208782185946943
0.908573354002341,0.27509701698927,0.234409288363673,0.209447785158548
0.907748643732132,0.274780736022324,0.237361730351488,0.210112715974512
0.906914434599534,0.274462532676285,0.24031144770677,0.210776972430168
0.906070735449979,0.274142408792828,0.243258409959153,0.211440548566401
0.905217555226553,0.273820366232532,0.24620258666684,0.212103438429716
0.904354902969907,0.273496406874853,0.249143947416918,0.212765636072292
0.903482787818163,0.273170532618117,0.252082461825668,0.213427135552047
0.90260121900682,0.272842745379489,0.255018099538878,0.214087930932697
0.901710205868656,0.272513047094967,0.257950830232154,0.214748016283814
0.900809757833638,0.272181439719353,0.260880623611236,0.215407385680888
0.899899884428818,0.271847925226243,0.263807449412303,0.216066033205389
0.89898059527824,0.271512505608002,0.266731277402289,0.216723952944822
0.898051900102839,0.271175182875747,0.269652077379191,0.217381138992792
0.89711380872034,0.270835959059327,0.272569819172381,0.21803758544906
0.896166331045159,0.270494836207306,0.275484472642917,0.218693286419607
0.895209477088297,0.270151816386939,0.278396007683848,0.219348236016689
0.894243256957243,0.269806901684156,0.28130439422053,0.2200024283589
0.893267680855864,0.26946009420354,0.28420960221093,0.220655857571231
0.892282759084304,0.269111396068305,0.287111601645938,0.221308517785128
0.891288502038874,0.268760809420282,0.290010362549673,0.221960403138554
0.890284920211949,0.268408336419888,0.292905854979793,0.222611507776048
0.889272024191858,0.268053979246117,0.295798049027803,0.223261825848781
0.888249824662774,0.267697740096508,0.29868691481936,0.223911351514621
0.887218332404608,0.267339621187132,0.301572422514581,0.224560078938186
0.886177558292891,0.266979624752564,0.304454542308353,0.225208002290908
0.885127513298669,0.266617753045869,0.307333244430633,0.225855115751091
0.884068208488385,0.266254008338572,0.310208499146761,0.226501413503969
0.882999655023771,0.265888392920641,0.31308027675776,0.227146889741764
0.881921864161724,0.265520909100465,0.315948547600644,0.227791538663749
0.8808348472542,0.265151559204828,0.318813282048723,0.228435354476302
0.87973861574809,0.264780345578891,0.321674450511905,0.229078331392968
0.878633181185104,0.264407270586164,0.324532023437006,0.229720463634515
0.877518555201655,0.264032336608489,0.327385971308046,0.230361745428997
0.876394749528736,0.263655546046013,0.330236264646556,0.231002171011808
0.8752617759918,0.263276901317164,0.333082874011886,0.231641734625742
0.874119646510638,0.262896404858631,0.335925770001496,0.232280430521051
0.872968373099257,0.262514059125337,0.338764923251271,0.232918252955507
0.871807967865757,0.262129866590417,0.341600304435813,0.233555196194454
0.870638443012204,0.261743829745194,0.344431884268748,0.23419125451087
0.869459810834506,0.261355951099154,0.347259633503024,0.234826422185425
0.868272083722288,0.26096623317992,0.350083522931215,0.235460693506539
0.867075274158761,0.260574678533232,0.352903523385817,0.236094062770438
0.865869394720594,0.260181289722917,0.35571960573955,0.236726524281213
0.864654458077789,0.259786069330867,0.358531740905659,0.237358072350879
0.863430476993543,0.259389019957013,0.36133989983821,0.237988701299431
0.862197464324125,0.258990144219301,0.36414405353239,0.238618405454903
0.860955433018737,0.258589444753663,0.366944173024805,0.239247179153424
0.859704396119383,0.258186924213996,0.369740229393777,0.239875016739275
0.858444366760737,0.257782585272132,0.372532193759642,0.240501912564951
0.857175358170005,0.257376430617813,0.375320037285048,0.241127860991212
0.855897383666788,0.256968462958667,0.378103731175249,0.241752856387142
0.854610456662948,0.256558685020179,0.380883246678403,0.242376893130212
0.853314590662468,0.256147099545664,0.383658555085865,0.242999965606327
0.852009799261314,0.255733709296243,0.386429627732485,0.24362206820989
0.850696096147295,0.255318517050813,0.389196435996902,0.244243195343858
0.84937349509992,0.254901525606021,0.391958951301835,0.244863341419797
0.848042009990259,0.254482737776239,0.394717145114381,0.245482500857939
0.846701654780798,0.254062156393531,0.397470988946308,0.246100668087239
0.845352443525298,0.253639784307631,0.400220454354344,0.246717837545432
0.843994390368648,0.25321562438591,0.402965512940472,0.247334003679088
0.842627509546719,0.252789679513352,0.405706136352222,0.247949160943671
0.84125181538622,0.252361952592524,0.408442296282962,0.248563303803592
0.839867322304549,0.251932446543547,0.41117396447219,0.249176426732267
0.838474044809644,0.25150116430407,0.413901112705821,0.249788524212172
0.837071997499835,0.251068108829237,0.416623712816482,0.250399590734902
0.835661195063693,0.25063328309166,0.419341736683798,0.251009620801222
0.834241652279879,0.250196690081392,0.422055156234682,0.251618608921125
0.832813384016994,0.249758332805894,0.424763943443622,0.252226549613891
0.83137640523342,0.249318214290009,0.427468070332973,0.252833437408137
0.829930730977174,0.248876337575927,0.430167508973241,0.253439266841876
0.828476376385745,0.248432705723163,0.432862231483371,0.25404403246257
0.827013356685947,0.24798732180852,0.435552210031036,0.254647728827189
0.825541687193754,0.24754018892606,0.438237416832917,0.255250350502263
0.824061383314148,0.247091310187078,0.440917824154995,0.255851892063938
0.822572460540958,0.246640688720066,0.443593404312834,0.256452348098031
0.8210749344567,0.246188327670685,0.446264129671863,0.257051713200085
0.819568820732421,0.245734230201734,0.448929972647665,0.257649981975423
0.81805413512753,0.245278399493118,0.451590905706254,0.258247149039207
0.816530893489643,0.244820838741816,0.454246901364365,0.258843209016484
0.814999111754418,0.244361551161854,0.456897932189731,0.25943815654225
0.813458805945388,0.243900539984265,0.459543970801369,0.260031986261498
0.8119099921738,0.243437808457067,0.462184989869856,0.260624692829274
0.810352686638447,0.242973359845223,0.464820962117618,0.261216270910734
0.808786905625501,0.242507197430614,0.467451860319203,0.261806715181193
0.807212665508348,0.242039324512003,0.470077657301565,0.262396020326183
0.805629982747417,0.241569744405006,0.472698325944339,0.262984181041506
0.804038873890011,0.241098460442055,0.475313839180127,0.263571192033287
0.802439355570139,0.24062547597237,0.47792416999477,0.264157048018027
0.80083144450834,0.240150794361922,0.480529291427626,0.264741743722661
0.799215157511517,0.239674418993403,0.483129176571851,0.265325273884604
0.797590511472759,0.239196353266189,0.485723798574672,0.265907633251812
0.79595752337117,0.23871660059631,0.488313130637665,0.26648881658283
0.794316210271695,0.238235164416415,0.490897146017029,0.267068818646848
0.79266658932494,0.237752048175736,0.493475818023862,0.267647634223752
0.791008677767,0.237267255340057,0.496049120024436,0.268225258104178
0.789342492919281,0.236780789391679,0.498617025440467,0.268801685089568
0.78766805218832,0.236292653829385,0.501179507749392,0.269376909992215
0.785985373065607,0.235802852168405,0.503736540484643,0.269950927635322
0.784294473127405,0.235311387940383,0.506288097235913,0.270523732853055
0.782595370034567,0.23481826469334,0.508834151649432,0.27109532049059
0.78088808153236,0.234323485991641,0.511374677428238,0.271665685404169
0.779172625450277,0.233827055415957,0.513909648332445,0.272234822461153
0.777449019701854,0.233328976563233,0.516439038179514,0.272802726540071
0.775717282284489,0.23282925304665,0.518962820844522,0.273369392530676
0.773977431279254,0.232327888495591,0.52148097026043,0.27393481533399
0.77222948485071,0.231824886555603,0.523993460418354,0.274498989862365
0.770473461246719,0.231320250888363,0.526500265367825,0.275061911039526
0.768709378798259,0.23081398517164,0.529001359217065,0.275623573800629
0.766937255919231,0.230306093099259,0.531496716133247,0.276183973092307
0.765157111106275,0.229796578381068,0.533986310342761,0.276743103872727
0.763368962938576,0.229285444742894,0.53647011613148,0.277300961111634
0.761572830077673,0.228772695926512,0.538948107845028,0.277857539790409
0.759768731267267,0.228258335689609,0.541420259889035,0.278412834902117
0.75795668533303,0.227742367805739,0.543886546729408,0.278966841451554
0.756136711182411,0.227224796064295,0.54634694289259,0.279519554455307
0.75430882780444,0.226705624270465,0.548801422965823,0.280070968941794
0.752473054269532,0.226184856245197,0.551249961597407,0.280621079951321
0.750629409729295,0.22566249582516,0.553692533496964,0.281169882536132
0.748777913416326,0.225138546862708,0.556129113435695,0.281717371760455
0.746918584644022,0.224613013225839,0.55855967624664,0.282263542700557
0.745051442806373,0.224085898798158,0.560984196824938,0.282808390444792
0.743176507377768,0.22355720747884,0.563402650128084,0.283351910093648
0.741293797912792,0.223026943182589,0.565815011176186,0.283894096759802
0.739403334046026,0.2224951098396,0.568221255052224,0.284434945568165
0.737505135491843,0.22196171139552,0.570621356902302,0.284974451655935
0.735599222044208,0.22142675181141,0.573015291935908,0.285512610172643
0.733685613576475,0.220890235063703,0.575403035426164,0.286049416280205
0.731764330041177,0.220352165144168,0.577784562710086,0.286584865152969
0.729835391469827,0.219812546059868,0.580159849188833,0.287118951977765
0.727898817972709,0.21927138183312,0.582528870327961,0.287651671953953
0.725954629738671,0.218728676501457,0.584891601657675,0.288183020293475
0.724002847034917,0.218184434117588,0.587248018773081,0.288712992220897
0.722043490206801,0.217638658749353,0.589598097334437,0.289241582973465
