0.9999817418501863,0.003365657697856014,-0.004951561857455711,0.0008187488626052548
0.9999924335841721,0.0019552473246228627,-0.0030567960752317627,0.001402062787217865
0.9999347345796159,-0.005365814468976437,0.010084762878269763,-0.0001793710308088521
0.9999553070219919,-0.004545361868358262,0.0065839173003695755,0.005037427619481178
0.9999533351818407,-0.0010685798576623225,0.009309693413996912,0.0023484472186395123
0.9998775273133925,-0.0022468356287002277,0.015425248130090252,0.0013942106866895202
0.9998893671551689,-0.0009947924906880867,0.014236672606818348,0.004192969237038332
0.9997151610714702,-0.0024978919544022264,0.023723434082137826,0.0007456104740797951
0.9997459947930728,-0.001108112857272176,0.022210471813391825,0.003662365756096479
0.9997015802372579,0.0011148230924888575,0.024236418010386382,0.0028466967923998334
0.9996821649802505,0.001562607330037276,0.0246481813744804,0.005059094154287316
0.9993756156714175,-0.0022842197459073065,0.03512585960084787,0.003055344306157617
0.9993364822096733,-0.0021328767077476163,0.035992617215248275,0.005155353309094225
0.9991822983911908,0.0001543334645797238,0.04035908348488176,0.0024197403041298507
0.9992369256312486,0.0011634090685578619,0.038602327853041664,0.005837226968019541
0.9989783518114267,-0.0010992777043835854,0.04480003777738321,0.005831021848620058
0.9990263666687348,0.0011531324130580475,0.043406402083823306,0.007802130762954604
0.9988230710432354,0.0014529000362486402,0.04801216631005996,0.006722627422356459
0.9986255701817173,0.00089881196368185,0.0519374173947871,0.0069762017354464
0.998325788760671,-0.001906136706499253,0.05723221249370456,0.008152299756249674
0.9980341495340135,-0.0012077506801226197,0.06234007058923894,0.006331927127028304
0.9981196874705119,-0.0003793073665101677,0.060483488009127534,0.009934449553907071
0.997738490660772,0.0010824261126187332,0.06689954569799537,0.006417428852522213
0.9977918776745978,-0.0013321666146260008,0.06516559810191776,0.012768672708271447
0.9974286953811579,0.0006690793031694642,0.0710726361119626,0.009177709911738156
0.9968855463801097,-0.0013518417479061475,0.07844516223081027,0.007983512065533476
0.9966991585602758,-0.0026477226984735797,0.08048211984110976,0.010315293288670998
0.9964887511372296,-0.0028882943914612215,0.08289068424262634,0.0114438227119264
0.9961424892662106,-0.0019338230077697266,0.08714357788965763,0.01011920153377578
0.9962152240080937,0.0010321916499145469,0.08620000531278826,0.011122999549431028
0.9955258670913513,-0.0019117562544746784,0.0938906451587335,0.010447003958715914
0.9959364821137112,-0.0007646361714561476,0.0885514398632131,0.016388454004036844
0.9952823966471093,-0.00018035976843215696,0.09617539134582094,0.012775464540217666
0.9946904917985476,0.00021322911044702384,0.10237810466971864,0.010464403621140839
0.9945706091884592,-0.0013626861602491496,0.10311774445359785,0.0139347480683501
0.9940233994574711,-0.0021476677972379985,0.108328184901473,0.013336911561441804
0.9945783548324637,0.0023176701342444745,0.10260285800069477,0.016768364082042464
0.9935420753965865,0.0003577821165711441,0.11266143731191035,0.013469111010580383
0.9931866353094295,-0.003140877496192388,0.11523917530160252,0.0170403875277138
0.9925646356824119,0.00025378721034766713,0.1210589393197848,0.012653568487241836
0.9928786201537066,-0.0029006141426644256,0.11728130710335329,0.02070572586015399
0.9918451929504853,-0.0011294876128729566,0.12655723170609237,0.015003485649587553
0.9918129050279413,-0.002296335462156138,0.12628772052430506,0.018796273786475973
0.9908444394445485,-0.0006348856742656611,0.13425447561337395,0.014234799604387022
0.9903418741935688,-0.0022511970714338557,0.13775502586409263,0.015538892486221445
0.9902131585809074,-0.003311271793436424,0.13827715809573482,0.018610846334863616
0.9900501204317198,-0.001705296083425263,0.1393883671440245,0.019202450451115252
0.9894954752219969,-0.001444835110762885,0.14333921995710758,0.01872124431722531
0.9890165721827632,-0.0003474568542397112,0.14669797172527577,0.018050050229342654
0.9882471968346347,-0.0034970959983115766,0.15158242018950105,0.019442689051644684
0.9882591059448713,-0.0019063159346449253,0.1513162492401708,0.02106414471293309
0.9873610268822347,-0.0020860606080889696,0.15727612378129066,0.019444069366531758
0.9868966921844421,-0.0020234719523768937,0.16010461854442043,0.019933279645112843
0.9865630276537928,-0.0011935690133025854,0.16208898877063938,0.02047260557192942
0.9853341809947844,-0.004997088958379996,0.16931889323618887,0.020559505309016887
0.9858371134222667,-0.0011806560714807167,0.1661625039383186,0.02266746865978142
0.9851945679101962,-0.0006840401122845284,0.17000810412428358,0.022100678302559483
0.9835353563831046,-0.0036899599935378384,0.17957673602525376,0.019919408076589512
0.9840623746648057,-0.0025033042216136914,0.17616820428008445,0.024077791380603047
0.9832319376059296,-0.004095132345490888,0.18065736960930542,0.024517372791740887
0.9823831385295644,-0.002047802651281255,0.18555286902237403,0.022120317237096402
0.9818109867619711,-0.004651750875974371,0.18820886718804342,0.024555443369364265
0.980957272284397,-0.004378585945497209,0.19272680416947893,0.023665098607285984
0.9809795820948267,-0.0029926357110905315,0.19241149960908824,0.0254542425293283
0.9802043784253872,-0.003541686378782138,0.19629722280848758,0.025577984497800202
0.9799390585947215,-0.0039634803451417625,0.19733282230310872,0.027631313865511428
0.9789385438807078,-0.003922279493187857,0.202387668504789,0.02651744077946791
0.977892474354285,-0.004411655211776962,0.20747064882980906,0.025744431896715755
0.977772720815647,-0.004177782585027744,0.2077663250534824,0.027860486988020922
0.9767101764018405,-0.003989076803517651,0.2128671801805927,0.026624841432472974
0.9763344268072865,-0.0029303430085051364,0.2145242446761895,0.027236897159005142
0.9757809274008215,-0.002637294534417878,0.21695976475871154,0.02780443982848705
0.9746480098543098,-0.006571506137520811,0.2216939676344814,0.02949333668134908
0.9739160168976199,-0.006832658409302947,0.22482424402196713,0.029915984177154704
0.9745636003819732,-0.002075830416321616,0.22189898851412168,0.03134196284564836
0.9726340222508062,-0.005208055255026825,0.23035090297364727,0.02990646117319933
0.9719532539029496,-0.0054401037795769784,0.23311661780571713,0.030560104730827632
0.9709538764083476,-0.0042502179532790015,0.2374338011099515,0.02925227555991093
0.9704196968659361,-0.0052429845588019795,0.2393757625016537,0.0309413537889479
0.9680065995905439,-0.007896703536819575,0.24921124212761797,0.028189040771439074
0.9684662683833162,-0.006134462461803531,0.24713895548924755,0.03094821567850137
0.9686666848951928,-0.003245709845713399,0.24624766381428861,0.03219327581591933
0.9674629271947109,-0.0057457847275075085,0.25078687905113817,0.03299108603087156
0.9668273259765804,-0.005713280860048833,0.2531267486831549,0.03375098913934778
0.966161313372481,-0.005284051644947807,0.2556103886016386,0.03417198530222186
0.965392175559443,-0.0028630009760374597,0.2586899978256771,0.033003569791282765
0.9653984629618263,-0.006920592558216918,0.25785033932822155,0.0383551250539953
0.9625335764033685,-0.006476367781034102,0.2690952502424965,0.03278593072392575
0.9628472426493527,-0.007055969831580227,0.2674642292323241,0.0365826009659382
0.9608841500638564,-0.007943271879303385,0.2746733642023172,0.034541244703878315
0.9608716503658531,-0.008065939050865433,0.27437184447937124,0.03715781354462814
0.9597792453310294,-0.005795277625962316,0.2784493742687521,0.0354423610722832
0.9582466601731305,-0.007499545112672404,0.2836673054490633,0.03521299347416871
0.9580586480341611,-0.00807138707031201,0.2839736052239664,0.037649318371246715
0.9573420589059661,-0.008554329520330993,0.28622349843018824,0.03871840185915898
0.9567261474315587,-0.00656804251397769,0.2883579760204154,0.038491782288062285
0.9563624536641168,-0.007320407201744282,0.28925390545642987,0.040613384963007856
0.9530214630314882,-0.009751441497707288,0.30051618737119734,0.0366745350061609
0.9540576161484289,-0.004529599434999902,0.2971146372864897,0.03842447277781726
0.9535736617762622,-0.0047742024738605645,0.29846014476836696,0.03995022580905673
0.9517256613505646,-0.008957784729079769,0.30410523159179376,0.04071893586624616
0.9512871392011524,-0.00730174101810638,0.305451292291273,0.041218580836598
0.9499245740132354,-0.009710277344525037,0.30948078435909904,0.04207919096349944
0.9491233435072634,-0.008475222348895512,0.31197049176460606,0.04204119032425465
0.9479337931119254,-0.006102554353744049,0.3158205319988078,0.040517579823913324
0.9464859894598225,-0.00893143512305103,0.31994015408754334,0.04150661423607615
0.9463280282668989,-0.007718527185030573,0.3202508090106305,0.04293141719782853
0.944371447889705,-0.009358567695286845,0.3260288575134574,0.04219205718929511
0.9440063652373449,-0.00833948140631275,0.3269671125114881,0.04330060943162461
0.9424151820966177,-0.011718940414789804,0.33128100708434016,0.04437550376659397
0.941154686562013,-0.01007651102225623,0.335037928979341,0.043311730896046195
0.9394169297298259,-0.010112756063290729,0.3400083932925841,0.04228305561790777
0.9414199801387377,-0.006134550397809929,0.3339566231762884,0.046516256552799576
0.9387961794136263,-0.010220750615480305,0.3412397634999933,0.045964046620193426
0.9373572205403613,-0.010412086174038635,0.34520730212164724,0.04566123218055682
0.9374037913509186,-0.010921584176312393,0.3446835797113496,0.04845699988002808
0.9354541262510928,-0.012225555579854634,0.34998841531366215,0.047793541580426604
0.9344207468486118,-0.008848327311273503,0.35302384582785906,0.046408396218608206
0.9343495118559089,-0.011068338660096154,0.352677379952365,0.04987130681930709
0.93219243565344,-0.010364557240354646,0.3586389334368942,0.047832565130522725
0.9299263218830971,-0.01432547908903855,0.3643015537394254,0.048126857999297945
0.9284812536430372,-0.013029500871428467,0.36813600334828517,0.04720886335474111
0.9280346219249269,-0.012225216038063634,0.36913797951762367,0.048367723526408425
0.9269723020140499,-0.013049840976984748,0.37165156672232147,0.049266275504571244
0.9250225151279315,-0.013714742405692265,0.3765503470089288,0.04852925421430165
0.9237598358653577,-0.013991305746565296,0.379588819967481,0.04882967091030611
0.9214711644954388,-0.017415656576156843,0.3849561593870002,0.048952459176754615
0.9230319801996528,-0.013688033238632418,0.38092890597312745,0.052132234451269216
0.9197947061841621,-0.015387915055187046,0.3889223526089535,0.04980275280505885
0.9204863201294103,-0.014065347698660198,0.38695419829281,0.052664493468571445
0.9179946495965516,-0.01363945671371354,0.3931115355220687,0.05062715844426256
0.9163210639581439,-0.014608367673959732,0.3969567824255307,0.05067165111664845
0.9142867807628938,-0.015195893641626273,0.401685331877427,0.04997660946060509
0.9153165890905283,-0.01514429434436537,0.39881916472631435,0.05393946543577657
0.912058267053531,-0.01518467632460614,0.40658773292432715,0.05104467200093271
0.9121462756655687,-0.014739452877948872,0.40611891683742646,0.05328551121164635
0.9119865443114372,-0.01645838436627469,0.4060256771739649,0.056149924793878585
0.909722951657843,-0.0136469340433964,0.4115172673701186,0.05358592235267969
0.9082964355566333,-0.015408856711801335,0.41447868003795363,0.05447546313658768
0.9063662697549378,-0.014947206454749723,0.41881216051152875,0.053601681665633706
0.9050730827745073,-0.016713788854032807,0.42139015488187337,0.0547147280704521
0.9040961581891299,-0.016770402342732967,0.42337123497038365,0.0555489671602527
0.9046822635566527,-0.018406155721667223,0.4215159194440259,0.05946044982018251
0.9007041628261403,-0.017077367901552194,0.43057460152213844,0.055189556052469245
0.90063468292346,-0.014016774000653561,0.4307214453783197,0.05603333341132241
0.8975231854383147,-0.018908311071437776,0.4370048689087479,0.05586906051773548
0.8989677503461969,-0.018193443408295387,0.4335137063657484,0.0599320352355796
0.8966773003497864,-0.018389292609309858,0.43835684622662097,0.05894852263626818
0.8936284401907455,-0.01854799854839641,0.44479693754649063,0.05691982942145285
0.8949777499748663,-0.018526087935459797,0.44152113045944186,0.061079476696758755
0.891812173246363,-0.017631441711625388,0.4482630995946585,0.05848395895079246
0.8908958630935243,-0.017203835266139198,0.4499945957530327,0.059274387116566796
0.8880764785653654,-0.01826894556974651,0.4556478631749829,0.05806409071691142
0.8887067990382669,-0.02151901675062453,0.4536883471936209,0.062482324556345344
0.8845911695854494,-0.018320247781870705,0.46240481722452714,0.05783265703916108
0.8838141557486673,-0.021036676146025713,0.46348784487764694,0.06007506975170377
0.8840032408589527,-0.019265044863846805,0.46297012538396637,0.06185298052007767
0.8823832633000673,-0.020215123453145335,0.4659530416579338,0.06228072255054503
0.8805264497838055,-0.019145500524662306,0.4695835309169289,0.061627335918222
0.879411666331615,-0.019896528553814057,0.4715004704241126,0.06266223472874215
0.8772682926399449,-0.02109325789057675,0.4754419893688927,0.06253264703422806
0.8760574807369291,-0.02092253957149713,0.47760144352833006,0.06310625105644876
0.874447281643057,-0.022015040478371915,0.48042330507388803,0.06364540487486797
0.8730990184076323,-0.022308615409420807,0.482778498621847,0.06422889538656935
0.8719022050451256,-0.02437038436002269,0.4846454137920263,0.0656616485777516
0.8684198373490617,-0.02075194419993416,0.4914774102045292,0.06217956391935437
0.868753054596922,-0.022237544851247393,0.49041795787267783,0.0652981494645815
0.8673324424063211,-0.02306682443208501,0.4927929067519027,0.06601141579390271
0.864767937651601,-0.023524735636310908,0.4973657446487477,0.06519445431196795
0.8661537255237952,-0.01974703773819143,0.49477291667325857,0.06773137521454338
0.8601697224774434,-0.024258441239845666,0.5053661622522925,0.06422319372376849
0.8598407476193457,-0.025167649977598863,0.5056132448028975,0.06630026250245777
0.8590569627769016,-0.026658034295255414,0.5066382255777726,0.06803081871802177
0.857722372932592,-0.02115374983827616,0.5093217894994714,0.06675450980809701
0.8563880031507172,-0.02488031467022645,0.511154176883025,0.06857087907031008
0.8531026047585977,-0.02512822616251127,0.5168184304643516,0.06695691104274223
0.8511605921210065,-0.026356657299860968,0.5199120528641547,0.06724901726252777
0.8499055996188778,-0.024421614592105026,0.5220443186456003,0.06733339325358083
0.8487033493196328,-0.024878871481151615,0.5238574256819668,0.06824268580092904
0.8484119837767656,-0.025624121898926742,0.5240241277580351,0.07027961075811816
0.8465429622791226,-0.027715764691451275,0.5268431528588595,0.07094463819763028
0.843014390655974,-0.028130850728254927,0.5326760833026587,0.06922125874021998
0.8412053605317356,-0.026333800996360283,0.5356751558035701,0.06879098627420506
0.8395764446820716,-0.0274611417755909,0.5380837630933156,0.06944885256597132
0.8399395543725842,-0.02897455210001101,0.5370446138810349,0.072423083560137
0.8355443020063601,-0.027935343535772622,0.5443044734427873,0.06941164280157176
0.834740764909905,-0.02791219446376082,0.5453786924403063,0.07064592436896583
0.8325797542286156,-0.03028210777943275,0.5484878900293273,0.07109839160086147
0.8305490867184532,-0.029023748170434717,0.5516804765965305,0.07067169401894585
0.8296093054662276,-0.026867296840330318,0.5531367486459128,0.07117784726841216
0.8289121985658908,-0.029099486929599575,0.5538107205283147,0.07315376105850091
0.8277526183177689,-0.027391527227568574,0.5555763838494224,0.07355398570450528
0.8218356873697318,-0.0329717645096184,0.5643266924745767,0.07095315265262984
0.8225761086421359,-0.02979812608808087,0.5631650076771892,0.0729780192986308
0.8208253728777891,-0.030224612789172357,0.5656408172540546,0.07336651741733681
0.8177420971341927,-0.03192199424889133,0.5700793845658715,0.07272100212967002
0.81525929077895,-0.03166408211371186,0.5737035325581354,0.07220755800341064
0.814303879977842,-0.032571999723238765,0.5748384698625044,0.0735458323305689
0.813884029500148,-0.03222795309706313,0.5752497598719434,0.07511231144790563
0.8127677139282403,-0.03373783282873147,0.5765656437310781,0.07643598825717061
0.810133203612559,-0.03253751756091431,0.5804442412820284,0.07556444347677996
0.807267651726699,-0.03250810325670255,0.5845257923223806,0.07477807036963237
0.8059547615644347,-0.03373925244274364,0.586129117520131,0.07583694845715154
0.805982846322041,-0.03322537446650919,0.5858617345260553,0.07780587345633691
0.8004026074731962,-0.033031578778499236,0.5939137386154829,0.07437104165794796
0.8007114083932537,-0.03462595090203612,0.593059835375123,0.07708641681809944
0.7998135994329947,-0.03523647645179847,0.5940612707847621,0.07840792971946439
0.797109387169345,-0.035554739487768626,0.5977302329998426,0.07791696827021692
0.7938012347069071,-0.03821464351624862,0.602024123577708,0.07737050748966635
0.7920317341889033,-0.03462648267971791,0.6046177513434894,0.07696826290941139
0.7900164436585754,-0.03442606284981532,0.6072469583369112,0.07707137300118151
0.788877394057695,-0.035189467826044596,0.6085382985252534,0.07820036909663226
0.7859977750975963,-0.03453048678157608,0.6123897457605461,0.07742055483907209
0.7829468793615186,-0.03683880597204585,0.6161939631511066,0.07708492880418387
0.7796952917843384,-0.03689926142288425,0.6204164718396229,0.07613867575585725
0.7811479491509359,-0.037771930443315234,0.6180882913647876,0.07967450587000684
0.7783915975916761,-0.03641863678434775,0.6217328158980684,0.0789209055251303
0.7781371262040916,-0.04073433593355636,0.6214462109657992,0.08153486110334121
0.775135647468799,-0.03978186855511909,0.6253639091175548,0.08063567529697774
0.7729840350468568,-0.03763483351128258,0.6281940601278967,0.08032137753603603
0.7741464531719157,-0.03781685273035537,0.6263453688035825,0.08341842523818076
0.7678495335783181,-0.041573423774423544,0.6341977918818928,0.08044815095055276
0.7681477295999837,-0.041358687322264054,0.6335611466366686,0.08269702513270523
0.7655745452781954,-0.03961048684455484,0.6368538761860858,0.08212043193249408
0.766293636870725,-0.0432877587842893,0.6353159712273839,0.08540403230689031
0.7623393458318505,-0.040477562498250234,0.6404994147588989,0.08343133958156611
0.7568511402575824,-0.041947987082722384,0.6472063412707895,0.0808744068873689
0.7557115038160063,-0.04182327385976252,0.6484193721923213,0.08187340550824525
0.7537518558125511,-0.04309646598605174,0.6505499339250055,0.08237486235994101
0.7539589619730291,-0.043074179069045246,0.6500316784742384,0.08455362640386678
0.7504525689697941,-0.042677201380058864,0.6542410081603003,0.08347635264190861
0.7476911136034036,-0.04216214715360203,0.6574830204731377,0.08304474562198272
0.7475813162083893,-0.04434656427207879,0.6571810697690603,0.08525608148741194
0.7430226635110176,-0.044876143118606604,0.6625249054026481,0.08345180051385194
0.7437979968878248,-0.043631822772938415,0.6614202713133496,0.0859303704341223
0.7401510534904742,-0.042983404709319016,0.6656894479525034,0.08477265963285234
0.7351787026182585,-0.0451468744829773,0.6712699107238227,0.08288993845928269
0.7359722794270064,-0.04533219889607486,0.6700515330979386,0.08556131515682351
0.7323815344319196,-0.04769026423609247,0.6739012818841151,0.08485274889586698
0.7306431418895519,-0.04533748305279977,0.6759131879792376,0.08512622484255473
0.7304921099593331,-0.04688297229206379,0.6757114323792546,0.08716263160437189
0.7259960742742247,-0.04719106230611421,0.6807303885049579,0.08549176535037868
0.7255137203871879,-0.04987550429081065,0.6808142712825181,0.08737392986316188
0.7209448955195898,-0.04729762347997286,0.686086850911251,0.08535938989986598
0.7204475033927819,-0.047892972664454476,0.6863626340322457,0.0869942103176248
0.7170319116218432,-0.0499307811708076,0.6898580439904484,0.08641778722734654
0.715124158908523,-0.048369235676196276,0.6919095484287447,0.08671234732498452
0.7140914527137207,-0.04944011612973498,0.6927427169890779,0.08795794527430041
0.7113800220081539,-0.0520912601700079,0.6953271989844556,0.08800597283145177
0.7090717920160968,-0.04807438606390302,0.6979962173656757,0.08779138747547152
0.7093034659255175,-0.04911166922594484,0.6974039665754515,0.09002413330166655
0.7033407944219268,-0.05099081804123762,0.7036075343052789,0.08745342215296319
0.7010024056165877,-0.050025806036472845,0.7059982559299817,0.08751861901322829
0.6989137053929775,-0.053977420069026116,0.7076987102809604,0.08813969595599647
0.7000642161694215,-0.053295005830744153,0.706256225645776,0.09094987261770736
0.698985338703492,-0.05277488159092929,0.7072239577702772,0.09202489720925061
0.6934156392891815,-0.05149525874578155,0.7130897087065311,0.089588262918283
0.6931275399255689,-0.05289242001092771,0.713036436494998,0.0914092201729745
0.6894926915363724,-0.05500728299711674,0.7164826893357414,0.09070051277378417
0.6880513015842378,-0.054903975376910316,0.7177681578614242,0.09154141923886401
0.6857829909004688,-0.05260643447990793,0.7200953613738336,0.0916347257910828
0.6844591631331695,-0.059282564625284945,0.7206683679412876,0.09294264351378945
0.6828665924279606,-0.055795782248721774,0.7223855730718757,0.09348332175685953
0.6782564623301388,-0.057939939827261595,0.7267317328205352,0.09204413719450358
0.6766829395716529,-0.05843782132521068,0.7280583097508789,0.09282412366471787
0.6719787223477016,-0.05408897500830048,0.7329553624711412,0.0910791750033999
0.6722451047493386,-0.05647765268306501,0.7322509207262866,0.09330264188900224
0.666595258226046,-0.05828365355773629,0.7375324061817855,0.0911028389800154
0.6676162454864135,-0.05774934480234963,0.7363135680958042,0.09378641359786628
0.663400416981668,-0.05794273249926896,0.7402462597317825,0.09261750078777636
0.6634889650600261,-0.057883420228529395,0.7399184848715311,0.09461785588165099
0.660875024715434,-0.059384068024169116,0.7421290985413096,0.09466855481382744
0.6577754475178849,-0.0598247271447079,0.7448840196991879,0.09434118857364175
0.6538312670424277,-0.05931019250694653,0.7485082450653474,0.09339369556707983
0.6527660256854406,-0.060077343172933416,0.7492296262314725,0.09456318377235597
0.6507198951635752,-0.06208063455527271,0.7507853370414542,0.09503152390165374
0.6480403519588228,-0.06271343835681564,0.7530477031251649,0.09502570021033555
0.6459949917203787,-0.062231984091669766,0.7547859869189949,0.09547651427927786
0.640978597369185,-0.06036001107487716,0.759409069030245,0.0938134993073457
0.6397438092897929,-0.05927953187201786,0.760403146823782,0.09487280894391986
0.640506429938135,-0.061790576931019595,0.7592507569922294,0.09732279186893236
0.6312971180212641,-0.060230703059281875,0.7676153203582056,0.09275198724771494
0.6339082940613465,-0.06270454921657857,0.7648004375107068,0.09648163043403918
0.6308563634197009,-0.06301753835792855,0.7673236023178921,0.09624722291095306
0.6277412678127238,-0.06158826254984032,0.7700189256858766,0.09601375259063008
0.6239578651746452,-0.06740374639835524,0.7727100479900646,0.09514462251413588
0.622980374847818,-0.06293471685151862,0.7737065400908814,0.09650318020608827
0.6204762842119724,-0.0645003255501182,0.775571009226302,0.09663590627778025
0.6179400520056745,-0.066708641592886,0.7773962504620124,0.09672186428962368
0.6145494846068092,-0.06695155253192075,0.7801134819619605,0.09627759783177277
0.615252082427337,-0.06878706830083182,0.7791066895737245,0.09862038615253052
0.6096388132467075,-0.06503700180061718,0.7840525255405116,0.09681086185691269
0.6115433930910674,-0.07280685458142615,0.78151643028837,0.09972918069425146
0.6057128378175531,-0.06600310655350727,0.7868724938436908,0.09791438331779269
0.6046259250197759,-0.0713604762259976,0.7871267746672348,0.09882617987525144
0.5993857688293803,-0.07085398389023928,0.7913751932300271,0.0971684960871146
0.5955432401733372,-0.07092351382957592,0.7943514753450029,0.09645640407524018
0.5990999965006417,-0.06838660428342867,0.7913368548719524,0.10093784557280554
0.5908040926303313,-0.07046195652158771,0.797844678472476,0.09710564271736377
0.590077517700115,-0.06935584241554879,0.7982948846490949,0.09860815063060728
0.5894329545554062,-0.07095953201799786,0.7984597913294084,0.0999774901168705
0.5855940216164417,-0.06918509302546068,0.8015017375791281,0.09943857102643436
0.5823551379474664,-0.07284209816465205,0.8036007935933351,0.09890544260717236
0.5820250150067259,-0.07474153394578247,0.803473613499682,0.10045266258101616
0.5745505274096864,-0.07094916503360375,0.8095163553058836,0.09767895334494646
0.5749658708438505,-0.07421127873496722,0.8086958129933158,0.09958923395816241
0.5761340688085848,-0.07471870586292693,0.807486881149907,0.10223300114459269
0.5720658190482296,-0.07534171349070125,0.8104235066937051,0.10138079050412645
0.5695832044573255,-0.07476654733615078,0.8121843778658373,0.10169303294837055
0.5636526682402495,-0.0765616525841246,0.8164141429660202,0.09950844237698447
0.5646360523279759,-0.077977486781844,0.8153008072241966,0.10193249583052583
0.5604291790319784,-0.07752817282741205,0.8183434989987663,0.10110605992739283
0.5602338331431158,-0.07454069934291997,0.8184948864775826,0.10318845455422354
0.5536973730881612,-0.07764929142473091,0.822977272737625,0.10048987577785065
0.5549264797735153,-0.077938271717655,0.821789764407451,0.10316884686273115
0.5508418451926145,-0.07776496421154297,0.824641847278863,0.10242897852891901
0.5463432407583593,-0.07851273404976356,0.8276947640613166,0.10132221580268716
0.5443414292465636,-0.07892539667967426,0.8289049702300191,0.10188101144342683
0.5398339148951858,-0.07663078318306157,0.8321493959675584,0.10116545946376974
0.5411547884568233,-0.07663629181208265,0.8309508127899555,0.10391881654087681
0.5382486799458793,-0.08148895496089595,0.8324482983195615,0.1033331475411717
0.5352363566250274,-0.08237790073533065,0.8343204108423786,0.1031764317516892
0.5322944781108422,-0.08073274776057517,0.8363323477353642,0.10340704107161776
0.530077483761245,-0.08287574742580764,0.8375067387737422,0.10359504914102768
0.5263855929829369,-0.08312225577768045,0.8398691046761594,0.10309599946117315
0.5243274693191741,-0.08239578688765586,0.8411417920510035,0.10378884759809825
0.5208821517218866,-0.07716006911203076,0.8437129898344952,0.10429045275930698
0.5181598630487355,-0.08020456517345412,0.8451386360641356,0.10401091232320468
0.5178512467798798,-0.08077699802949487,0.8450726214130705,0.1056287240096568
0.5092005899357303,-0.08374945812976932,0.8505170003898427,0.10159537154781521
0.5113591367084934,-0.08613842881918143,0.8486307124059107,0.10448884316875
0.5090079637809543,-0.08641534909847866,0.8499694545252476,0.10485803079310559
0.507026410601611,-0.08660484812488148,0.8510572979317564,0.10547651336108138
0.4993597189222675,-0.08659020611319214,0.8559356515687941,0.10254836759623479
0.5002670937524224,-0.08777591792759545,0.8550087657052102,0.10482477621118941
0.49741790001425357,-0.08880479888816853,0.8565716781653083,0.1047573415322737
0.4925174242363453,-0.08752221579001478,0.859644419280743,0.10381676630620036
0.49337140470941443,-0.08887630139755061,0.8587474057146312,0.10601204291655601
0.49085271735714714,-0.08666363969100263,0.8603244434450833,0.10674678182278162
0.48570698903673665,-0.08932361548998465,0.8631890281666107,0.10495100842510695
0.482545439640271,-0.08915383696722776,0.8649813658380094,0.10492248943582222
0.481774259976707,-0.09095429575513063,0.8650923760139467,0.10600028051910436
0.47996435313178437,-0.08769171581099838,0.8662592893878681,0.10742079058607376
0.47562758036534253,-0.09337989720406863,0.8682894403606458,0.10550851791283787
0.46747935849612077,-0.09164366791572422,0.8732210931932534,0.10271032038401899
0.46882895577963324,-0.09117018867116083,0.8722060771331114,0.10556498440445465
0.4664877614436928,-0.08851590732621287,0.8736077593859486,0.10660011873413722
0.4607011739204465,-0.0943849421155319,0.8764114220061995,0.10367704870047852
0.4609125591226309,-0.0945270381943692,0.8760439874973517,0.10569382130932514
0.4589494537738207,-0.09091973145097781,0.8772733372201033,0.1071937177090935
0.45609751242255314,-0.092611699678385,0.8786085624273351,0.1069818969452839
0.45160775310012585,-0.0925993656024554,0.881026193372958,0.10615385730454738
0.44801542072628153,-0.09377318973469305,0.8828007123555831,0.1056014864616467
0.44659765747382685,-0.09449546408397623,0.8833361457545573,0.10648189146483028
0.44429125967654903,-0.09559918238070923,0.8843502694606552,0.10672709968902887
0.4411047775387841,-0.09614790550724465,0.8859038687793414,0.10656683715314659
0.44030300575798664,-0.09886610304158093,0.8859109206810819,0.10733404589342399
0.43371120532004726,-0.09726113307115596,0.8895384291571476,0.10562312921979163
0.43130482962942723,-0.09784428841768543,0.8906070700727043,0.10593245913732278
0.4324233746010875,-0.1008452284570788,0.8895081860275302,0.10777500631435624
0.42952642496306404,-0.09901835666093162,0.8910412558637821,0.10838770987207019
0.42376434400841423,-0.10294195037116986,0.8936638367557562,0.10579074853634085
0.42018128011596256,-0.09850799969950809,0.8957444766252722,0.10670378826747504
0.42000920487168275,-0.09978865139243996,0.8955064950000768,0.10817860365623279
0.41769959761315495,-0.10329729582061854,0.8962386968831055,0.10776322674840899
0.4089655184358319,-0.09784766270394217,0.9010863581260694,0.10590757684407558
0.41007634144781585,-0.1040411753934125,0.8997837448777725,0.10678033742812074
0.4028821205216131,-0.10138608401814492,0.9035265016100391,0.105103376823954
0.40589276049127887,-0.10593301972752409,0.9013650573245698,0.10756530921469291
0.4013931776869231,-0.10464793783946293,0.903578766168785,0.10713421181508097
0.39958082931953254,-0.10654701139439536,0.9041259997493265,0.10742007159054577
0.39556518828021914,-0.10420599927250435,0.9061399011223178,0.10760934499609993
0.3934478937174632,-0.10513991559241866,0.9069082057936398,0.1079900890946598
0.38668992058323665,-0.10393441728946891,0.9101559550816429,0.10622937282809868
0.3891837025925238,-0.1067906790248136,0.9084581194929081,0.10879173515117195
0.38261361314490394,-0.10453611042150956,0.9116616989370999,0.10748009743791699
0.38307046918428583,-0.10643352958704783,0.9110579818233764,0.10909753972702958
0.37664257895726283,-0.10599983063391226,0.9139940382075609,0.10732801005813976
0.37298542974947685,-0.10578130363753521,0.9155381387662563,0.1071545680769666
0.3716988660799527,-0.10739027443682189,0.9157971244454879,0.10780959497483188
0.36853007300573426,-0.10865992175505504,0.9169700657088873,0.10744535954806064
0.3667116417368806,-0.10856332474773228,0.9176059437734134,0.10833239721368296
0.3639049625645545,-0.10879906871290349,0.9186722448578577,0.10852302703076201
0.36132191943461917,-0.10832607880034116,0.9196804634045691,0.10908609636329403
0.3555387044123829,-0.10966733424921438,0.9220015994981627,0.10713708968543553
0.35525307087334096,-0.1102345627157076,0.921858627180856,0.10872105734477157
0.3514651635977176,-0.11104466447026118,0.9232810411431317,0.10813621195312777
0.3502036678471934,-0.1127750161652288,0.923480654000774,0.1087320948092474
0.3481579959622342,-0.11001111895914281,0.9243860070999984,0.11042677859395972
0.34005439727564823,-0.1132841984409382,0.9274737808215688,0.10640527790309165
0.3417944110268389,-0.11393506080688434,0.926433376287928,0.10916309728795129
0.3439149286685427,-0.1162350913816112,0.9250788974318921,0.11153904651114274
0.3403196018482669,-0.11741308939797038,0.9263324706048731,0.1109274039132521
0.3285633432720727,-0.11570898070548223,0.931296685016709,0.10650843027134294
0.3297274784463604,-0.1144849326478028,0.9306757132203904,0.10961618026436845
0.328619817801582,-0.1174157243775965,0.9306780858763211,0.10982196267835785
0.32448171353416483,-0.12076833453097086,0.9319062139030347,0.10806218323474191
0.31637492719278737,-0.11712329107287968,0.935323576467349,0.10657789375073824
0.31523608727809066,-0.11855430622267013,0.9354433717318943,0.10731628038898314
0.31180034832815734,-0.11887104193666337,0.9365768997971661,0.10711642702060536
0.31540792126719486,-0.11838184225545785,0.9349294439372682,0.11140250214991447
0.3072687416579572,-0.11985427433387769,0.937849819665623,0.107974946524616
0.3042721644326665,-0.11794950428816803,0.9389568940198916,0.10893261936699719
0.29794026041416194,-0.11848610514263856,0.9411464193507717,0.10693952242127636
0.2990181592776955,-0.12195826207933111,0.9402232506701738,0.1081413964769267
0.3003658223824512,-0.12096998368631434,0.9395520468960322,0.11130402941908189
0.2980891330958825,-0.12345236599557505,0.9400003857012001,0.11091283488323236
0.29049440725723824,-0.12070575555034006,0.9428918052740782,0.10953612863469993
0.2879755586253696,-0.12180730245303893,0.9435194444897755,0.10956329939001301
0.284027429605627,-0.12338761392131412,0.9446287531477462,0.10853771090713364
0.2799592363162392,-0.12416474046472653,0.9458279273103536,0.10777511376173943
0.2757722784286621,-0.12289210637882604,0.947216701227818,0.10783182069839845
0.2776998921384168,-0.1256561333069339,0.9460689384753387,0.10975823304339392
0.2679383644679267,-0.12319200878739911,0.9495125221215901,0.10704546768301423
0.2680640788209987,-0.1267864364534259,0.9489501809276939,0.1075193159138784
0.26311834561279773,-0.12338506522258386,0.9507140889690988,0.10810912504344851
0.2622313704103491,-0.1250024078837366,0.9506629722582943,0.10885320194190366
0.2589695456735535,-0.12450668951311017,0.9515875804338573,0.10915097546131704
0.255340877741545,-0.12611927873157494,0.9524566211013697,0.10826517725735688
0.2527058470798935,-0.12748537656495626,0.9529989571627401,0.10807507233610965
0.2561990654145748,-0.1276548434943539,0.9515832177166671,0.11205203957592585
0.2509296667819575,-0.13032671124835374,0.9528979975697119,0.10970258379599693
0.24153747529073802,-0.12517720003346855,0.9561376078084772,0.108587253194104
0.24161382560725606,-0.12955680875768993,0.9555389723863877,0.10854982648865229
0.2406207817638568,-0.13049099659428362,0.9555513921656872,0.10952294792142406
0.23410959804975526,-0.13073164014698085,0.9573580974475566,0.10755188337289566
0.2311372626929682,-0.13003011874611567,0.9581082822251937,0.10814921888373141
0.23156533413543806,-0.13338400097099462,0.9574726053706417,0.1087769013921102
0.22432717733543459,-0.12989681135779652,0.9597354321720308,0.10822216104550553
0.22743023137433693,-0.13426066452695218,0.9582112623368205,0.10991242217635958
0.22567478190705015,-0.13534398828004363,0.9584243660815972,0.11034324695578693
0.21403056888823174,-0.1323143819584958,0.9618948581280975,0.10696776063398049
0.2111176307717045,-0.13343677441056856,0.9624142422589981,0.10669020343632228
0.21278273082557966,-0.13619066598914767,0.9614807945551845,0.10830648023721273
0.21183926793855815,-0.1377617906060219,0.9613911149288018,0.10896301089926631
0.20637426787510424,-0.13712571077135202,0.9627716834482783,0.10805964350595663
0.20182327739436282,-0.13508341534490304,0.9639800237154715,0.10845436587834292
0.20078086071537835,-0.13857571951062816,0.9637499791433726,0.10802681904811322
0.19169563551865684,-0.13459650161259104,0.9663013862371485,0.10676233433620728
0.1920802711328138,-0.137757513739529,0.9657151034181802,0.10734233032621483
0.18985295380490302,-0.1396014374003351,0.9659221280063007,0.10705950324512889
0.18773283779267616,-0.14091113795763582,0.9661390345436892,0.10712515458463288
0.18334230295947762,-0.13979352283094096,0.967140958774149,0.10715286641733995
0.1830629156839325,-0.14083372488621884,0.9668963087082559,0.10846823978622012
0.17864846934164721,-0.14052528244277374,0.9678135416139331,0.1080477582597725
0.17073472384742164,-0.14180446220010368,0.9694314298437332,0.10461286442891207
0.1713470569698821,-0.14450325197396713,0.9688247573784238,0.10553476075372856
0.1672920617305587,-0.14337501719232243,0.9696728232772848,0.10579029409402015
0.16691639668530575,-0.14407789994483058,0.9694745785117496,0.10723580038657018
0.16016898576723484,-0.1398069985828594,0.97118357736998,0.10771424321971981
0.15952549471713243,-0.1450828586907535,0.9706678603141595,0.10633195945953446
0.1591620380741489,-0.1477366435221096,0.9702929330061064,0.10664405260168729
0.15513078981873843,-0.14617546583457716,0.9711218164454128,0.10718949977503539
0.14331400320172483,-0.1427801155098085,0.9737739514527717,0.10411160633358894
0.14732327887777433,-0.14674350540591863,0.9723506643725685,0.10628443261411852
0.1457752730561672,-0.1469189737619725,0.9724425911741542,0.10733029294951123
0.14064959668519575,-0.14732331800789994,0.9732750147201852,0.10606260719433944
0.1378197358180503,-0.14775162250938867,0.973602339387762,0.10617750799281875
0.13298999702107694,-0.14722173714305437,0.9744101930043509,0.10566076175260922
0.1280147154374414,-0.1480760761121172,0.9751049383272679,0.10419245445080952
0.12704141800127358,-0.14850103644120585,0.9750320148285035,0.1054537355791033
0.1222837511714295,-0.14697285959800432,0.9758530363232406,0.1056244017249015
0.12291737423990039,-0.15079155633995056,0.9751802847365182,0.1057196193133396
0.11946228848038422,-0.15000160816158262,0.975676756057981,0.10622215808460354
0.11516314827780237,-0.14846249356628227,0.9763765324032906,0.10670147259973684
0.11449187713067951,-0.15348583503849936,0.9758435807431359,0.10518086535129696
0.10785184488162237,-0.15293357449062334,0.9768595112636972,0.10356059387044457
0.11067543235473294,-0.15241382140357013,0.9761687022578208,0.10777588065302751
0.10527804623116073,-0.15657225609748596,0.9765318920341203,0.10386108723942251
0.09909867858357786,-0.154642915573544,0.9775310597781114,0.10343136726832317
0.09282345391307205,-0.1526211935955398,0.9785069357077781,0.10302793039220895
0.09930550374465459,-0.1591711474932576,0.97663316906648,0.10483613790510857
0.0922817678029733,-0.15538181253483194,0.9778973407280882,0.10515397596615812
0.08636484698370694,-0.15711760989868145,0.9784488935782046,0.10243501608725304
0.08544693324115116,-0.1567046787157864,0.978397431878008,0.10431169906958455
0.08369882744494563,-0.15932398100962136,0.9782029330210008,0.10358280353758939
0.0751935836132372,-0.15369432333875896,0.9797131046239981,0.10433701445244085
0.07814224919323161,-0.16048342849152222,0.9784687700137924,0.10362299058767785
0.06933056021341814,-0.15744030067099987,0.9797567451316593,0.10238430306522527
0.06676496768293197,-0.15764941288950493,0.9798565810266295,0.10281139199861065
0.06462301781960776,-0.15822205547538473,0.9798620682607395,0.10324714965954175
0.06014576992856833,-0.15687355819820803,0.9803274975800356,0.1035913634739285
0.05998619764779448,-0.16021320172647469,0.9798301041460745,0.10327803780767143
0.05528621152784742,-0.16062499208614198,0.9801524178340065,0.10219728248040555
0.051111161309875766,-0.16001073279200825,0.9804789793741786,0.10220169072140409
0.05118566707551003,-0.16378740498762745,0.9799050868409628,0.10168448375572359
0.04733768432711959,-0.1629207485144819,0.9802019882971147,0.10207857505093863
0.04299010512873881,-0.1641324095980896,0.9803523019259704,0.10060699324109312
0.04270504653794819,-0.16577125187750644,0.9800049113644868,0.10142260474203997
0.03970007346597673,-0.16627469034288953,0.9800550827191431,0.10133442827880089
0.037419109581314274,-0.1666930608273538,0.9800280762305053,0.10177525981359467
0.029225296712036098,-0.16586136675247753,0.9806970473042923,0.09934379930224436
0.0301462497706224,-0.1671984616725684,0.9802561224977986,0.10116230693679155
0.026677018399813048,-0.1685635489877538,0.9802317146720313,0.10010220873265256
0.027319202954087615,-0.16994927893823186,0.9798117566678601,0.10168493120366663
0.013962825571789982,-0.16290918869085966,0.9813808898535233,0.100782859518425
0.017187868553788264,-0.16820616409108563,0.9804169265645861,0.10096491292600994
0.016380800784231545,-0.17090359887865414,0.9800051568212743,0.10056600747754643
0.018383034359014595,-0.1722369961390512,0.9794777810766372,0.10305220805945663
0.009481655145368202,-0.1696780721232045,0.980206555747206,0.10156061306661761
0.007057234436033805,-0.17232305897102443,0.9799140962714442,0.10011654568003121
0.0002359833369653559,0.17013724492447377,-0.9803976743510179,-0.09936630169160512
0.00383959889235387,0.17022209415715056,-0.9803913233093577,-0.09920962315216379
0.008507332002854862,0.169300229649099,-0.9805242973337105,-0.09918245753016816
0.005923028018499152,0.17260672664384694,-0.9798366604703219,-0.10045872015813921
0.01424607766943656,0.17075315759772786,-0.9802461048808416,-0.0987825000068335
0.012788469751049724,0.1721807415922897,-0.9798037490141902,-0.10087051444380786
0.01326851773871365,0.17569039878660367,-0.9792727610611514,-0.09990840632769721
0.021086233642716886,0.1750669417321987,-0.979487828907795,-0.09752194463219416
0.022943560332141698,0.1750730873884932,-0.9793374440589325,-0.09859603326596816
0.026734685159517102,0.17629571707278935,-0.9791492144336614,-0.09732364884877141
0.02916222328358934,0.17658954487336762,-0.978982832800393,-0.09776661217730334
0.039876698624426096,0.1685703859926404,-0.9798019540084465,-0.09990998345691648
0.03726811125765295,0.1760780936750842,-0.9788350343436695,-0.09741441552685699
0.03798479132186592,0.17771557251338768,-0.9784689467630878,-0.09784094814977524
0.04387962955181179,0.17757795495007464,-0.9784000411719047,-0.0963016482774913
0.04583738755623723,0.17739851811303553,-0.9782245259224209,-0.09749603354609958
0.048489677880983864,0.1779281255057162,-0.977992041227275,-0.09758022642500602
0.04987069566967393,0.18156017283759993,-0.9774375118869062,-0.09573258436378851
0.05081657513195356,0.18354301162464537,-0.9770254348232157,-0.09566053671254536
0.05855747483311736,0.17898357627969577,-0.9773202358864165,-0.09685586244640654
0.05727198155723857,0.18333784685582544,-0.9766597709021696,-0.09613972092801477
0.060691160072685865,0.181869367946225,-0.9765917684155588,-0.09751222464312327
0.06608727899856857,0.18146577856853655,-0.976412347802406,-0.09654827715748417
0.0674363704520085,0.18432793469923048,-0.9759023234964113,-0.0953425583047153
0.07375108217546503,0.18141312630075562,-0.9759188037352227,-0.09608612802978096
0.07664241427046098,0.18229367878331318,-0.9755744755190041,-0.09565248416154191
0.07260889944936492,0.1878098001164971,-0.9748354397084377,-0.09566238649249104
0.07932974138477111,0.18492095896195046,-0.9748193017241076,-0.09611638806442255
0.08402915028716436,0.18665028321800958,-0.9743435581099373,-0.09357031819076511
0.09089350521655926,0.18467378461800826,-0.9741538011828865,-0.09305017799687312
0.08913553191132595,0.1883218707032523,-0.9736029194124988,-0.09320453463845992
0.09547419945904191,0.18722855642602954,-0.973308896070639,-0.09219510684428002
0.09660092353867736,0.18720397832240782,-0.9730409736040503,-0.0938839483587256
0.10152473474789986,0.18669934298102553,-0.9726903946942661,-0.09332459286992638
0.10410004650382226,0.18762995361839732,-0.9722680348449967,-0.09302176756926105
0.10575979240668716,0.18808464856954896,-0.9719207601866181,-0.09385663109675994
0.1125794033740969,0.18681397676216177,-0.9715108009195615,-0.09269940517002366
0.11363259206900093,0.19076051986720421,-0.9708369455909748,-0.09040842413881635
0.11948156217013862,0.18690298520449186,-0.9706771804481413,-0.09261339957199265
0.11844368925438627,0.19231282132790328,-0.9699645051826926,-0.09030907991119291
0.12458028087352437,0.18852264354753417,-0.9697562561758178,-0.09225925479423944
0.12551802280319685,0.1910516803846096,-0.9692158036660428,-0.09146150719172495
0.12749427688810475,0.19015875091974727,-0.9689402708755813,-0.09348588281114942
0.12910884845281373,0.19427016452416765,-0.9681944671755921,-0.09049575767690571
0.13172764763679254,0.1952580666296003,-0.9676849505470471,-0.09004415999336032
0.13739582123823857,0.19240345284091812,-0.9673396267397807,-0.09141852208445672
0.14208161084130747,0.19277262936812017,-0.9667147439221799,-0.09007848306180107
0.14488037323033065,0.1946130493898236,-0.9660715531085325,-0.08855050950900427
0.14388360699767722,0.19499260330613666,-0.9658712273534908,-0.09147767194182758
0.1520736256713782,0.1943522879264689,-0.9650165107099608,-0.08856599014340968
0.15866195336176045,0.19156116061874878,-0.9644510366093584,-0.08924631242221222
0.15257815500772473,0.1976391338806454,-0.9641583868141267,-0.08976237802847979
0.1622311745104735,0.19562015579226677,-0.9632269129295684,-0.0872222154782546
0.16045274560344638,0.19697765264555422,-0.9630197584749711,-0.08970878203037061
0.16469763386698807,0.19858397783671367,-0.9621987161990037,-0.08725092372090204
0.17208290813988705,0.19655569220961222,-0.961394114901452,-0.08645628039057365
0.16852458965057784,0.2001584006326873,-0.9611618418906815,-0.08777238194661423
0.17589622528969723,0.200091528405366,-0.9601276078942815,-0.08472824056032938
0.1779746502510126,0.19916503869051078,-0.9597475806076643,-0.08684982872276864
0.1748754079683969,0.2032467151039402,-0.9594290309579828,-0.0872083656673619
0.18130523631249323,0.20076458794816585,-0.9587108549920295,-0.08772393078360331
0.18470907370207937,0.202068862699584,-0.9579264051500549,-0.08618430910387047
0.18998921500066251,0.20082019757996591,-0.9571576990405067,-0.08616545476500392
0.19613110279301502,0.1988380375414694,-0.9563160084012269,-0.08634649627748747
0.19538805116080837,0.20362885532260824,-0.9556773215254475,-0.08390265708267225
0.20302497126357846,0.20094678574107214,-0.9546706515168929,-0.0836970577503603
0.1999805058380345,0.2025773543426103,-0.9546780893729505,-0.0869480216193857
0.2050280176714991,0.2031148290391708,-0.9536728185968605,-0.08494723811639802
0.20913556930254276,0.20378997136455054,-0.9527627023243644,-0.08351762857813255
0.2070533561581791,0.20602862258881646,-0.9525850576939219,-0.08522219333047955
0.21002956290656788,0.2070931035893554,-0.9517906798661052,-0.08422903816988252
0.2127736248875752,0.20810688090291782,-0.9510259752423835,-0.0834775723612874
0.21945799678303274,0.20661748929874496,-0.9499074554770855,-0.08260282557462302
0.22329573401866398,0.2059262333369993,-0.9491200489681697,-0.08309352706054297
0.22685234640360827,0.20680042703956147,-0.9481974312329149,-0.0818121489189312
0.22580200077149745,0.20908011636616927,-0.9478801085968096,-0.0825969800561674
0.2330760862640563,0.2074198444005871,-0.9465837240238825,-0.08143586171795468
0.2386189253797657,0.20643431728912992,-0.9454671025419661,-0.08085690512798296
0.2362681392291148,0.20888845250093444,-0.9453741631884427,-0.08252679790667393
0.24104295521740654,0.20950192098203374,-0.9442071631090637,-0.08049889426837607
0.24415931694640408,0.20947345052540142,-0.9433917429427677,-0.08074107269943108
0.2443204057933528,0.21334128428392113,-0.9426864652722743,-0.0783279255790896
0.24970667530335314,0.21232041922366907,-0.9415402897576908,-0.07790056901355144
0.2510927972374708,0.21490286232492412,-0.9407322237410705,-0.07610551987338428
0.25673941348753443,0.21162439045553566,-0.9397521593686763,-0.0785230532283975
0.2555921912396145,0.2131235306794205,-0.9395653216143014,-0.08042387001311
0.262132086515464,0.21242420946113988,-0.9380789007982381,-0.07855380532494144
0.26431305396047555,0.21283322876707825,-0.9373351979692857,-0.07901489028371923
0.2671575929152035,0.21263997440901394,-0.9365119221224539,-0.07972754576428441
0.26972435951389134,0.2146231034663633,-0.9355003847469003,-0.07761909224984434
0.27523727785849056,0.21400804323103823,-0.934126969918485,-0.07649707432562462
0.2788670265793463,0.21362724332769067,-0.9331156137398656,-0.07675828157195795
0.27923830883580736,0.2170250725304206,-0.9323978988404703,-0.07456703701744036
0.2779681803686514,0.2193835189892237,-0.9321612006696146,-0.07536616127035202
0.2836390605919447,0.21726355781396936,-0.9308761687651047,-0.07625606977635306
0.2826135809671794,0.22108454369766095,-0.9304159457260968,-0.07468170009793342
0.2861285961565558,0.22007585456862117,-0.9294779315975774,-0.07594616099882562
0.29431588726996505,0.2189312440545443,-0.9274213783766931,-0.07305378708251703
0.2940332031407952,0.2202896508650768,-0.9270824316463413,-0.07439832058059642
0.2988857562311371,0.21872872885140798,-0.9258295576963583,-0.07526405511899477
0.305389767378801,0.2183609179436302,-0.9239939195672369,-0.07273813372579407
0.30257206674719767,0.2213047179431074,-0.9241111460871854,-0.07411447846325397
0.3072978611354491,0.2208807195291267,-0.9227111056170243,-0.07337538996749794
0.3117199607266265,0.22072150231683801,-0.9213334029320682,-0.07250824188465599
0.3141360543798741,0.22090555106066134,-0.92042454762873,-0.07306113174375299
0.3154928363957064,0.22289689760783915,-0.9195775853422694,-0.07182136002523104
0.32052046416507723,0.22153860626378988,-0.9181345871903226,-0.07222297273691558
0.3205633403100252,0.22709660031104972,-0.9171856491913172,-0.0666090376296227
0.3262192734258915,0.22340279601321852,-0.9158398625529642,-0.07006798511394514
0.3313862525211865,0.22253515718760525,-0.9142359838494457,-0.06952568798860098
0.3293921454307462,0.22525709020927745,-0.9142211710693611,-0.07042519582894492
0.33093782247425657,0.22641020931254163,-0.9133898544612045,-0.07026769202406408
0.33489421687913334,0.2262406190055654,-0.9120231458270497,-0.06981996339602924
0.33667231056969377,0.22764046998910858,-0.9110816175686831,-0.06900621600430878
0.3453250508730589,0.22411989905104157,-0.9086933424531698,-0.06926246797621921
0.3445592155007651,0.2279279629701076,-0.9082031608719606,-0.06704333890831002
0.3456050095634726,0.22824922027171063,-0.9075959205324702,-0.06876856725864408
0.3527200943374527,0.2256347121187805,-0.9054825596639619,-0.06912919703029757
0.35302736363147924,0.2288773510123818,-0.9047331963179671,-0.06666844981876659
0.3604625836278238,0.22579978947068863,-0.9025130483610629,-0.06746390455176102
0.35845461037501547,0.2297477919055145,-0.9024084359680452,-0.06622128894202353
0.3706571151532357,0.22277224390867303,-0.8990354222754684,-0.06871055103945879
0.3670429076846122,0.22855223628536608,-0.8992739677756671,-0.06595233194051735
0.36926182022448945,0.22991307736940284,-0.8981154198507225,-0.06460942350298886
0.3703743432445558,0.23248707610659475,-0.8971570715743298,-0.06230404668834163
0.37133264961318757,0.23364226256489312,-0.8964339305957572,-0.06268623893206791
0.3754881433100906,0.23293296744869835,-0.8948734165541469,-0.06286855536588175
0.38045545889248367,0.2325218094938069,-0.8929691987143418,-0.061589463840028086
0.37826076398533537,0.23559133759461393,-0.8930672266517312,-0.062019712674250015
0.3864239467732566,0.2320195750510089,-0.8904397363419887,-0.06293271086278512
0.39071414388748876,0.231108783563028,-0.8887735385672519,-0.06334654741128222
0.38907855085731957,0.23503235318003593,-0.8885903078371625,-0.06152185822355798
0.3941725757739684,0.23298402426097956,-0.8867687832821758,-0.06314705015378055
0.3967265310659801,0.2342940100357652,-0.885409342804384,-0.061356923687744924
0.39846993154924387,0.23607595419475974,-0.8842729848627789,-0.059591490533850884
0.4040137695568235,0.2338647520258522,-0.8822459237742191,-0.06101050526055007
0.40686692387540035,0.23477945491589297,-0.8807893165567242,-0.059565876515873285
0.40651278850010286,0.236907466394281,-0.8803810242482927,-0.05959410454097539
0.4148954492011616,0.23368657030735027,-0.8773270449854667,-0.05957859705652016
0.4124787467455221,0.2391889993690527,-0.8772576038001287,-0.05539857975554652
0.41373039299731157,0.238564705153232,-0.8766082345311487,-0.0589240741770657
0.42140491101083793,0.23680535280477666,-0.8735632314729332,-0.05681906790435567
0.42401097310969804,0.23605968523369428,-0.8723593651108539,-0.058988624270486026
0.4241378494857232,0.23979706644206994,-0.8715349488997503,-0.05505710131957348
0.4291549886997926,0.23748320222394104,-0.8695585436921157,-0.05740786903892708
0.42767575889257087,0.24159114030123502,-0.8693309819577544,-0.05468829849226287
0.43308594423596886,0.2396349841634761,-0.8671205112653706,-0.05580016319950821
0.4360333093671732,0.23907709793174403,-0.8657069627459739,-0.05717122545465935
0.43569722274393546,0.24328393553392344,-0.8649899389284157,-0.05266177320375298
0.43845202239509173,0.2424962600961488,-0.8636882504322746,-0.05475394015293792
0.4398130178188408,0.24449559944077218,-0.8625602235859667,-0.052690339707664756
0.44798005738409025,0.24128597917243214,-0.8592445194809307,-0.052856410991785625
0.44660250917658934,0.24426089963174766,-0.8591556010588522,-0.052292111044269944
0.45101842157512595,0.24278044182610273,-0.8571776712991612,-0.053725974097741665
0.4578961213263292,0.24138313906469944,-0.85405201661554,-0.051579794149506274
0.45735247276079655,0.2435061504222965,-0.8537291205031736,-0.051769287912593547
0.46052369197170856,0.24343631228517798,-0.8520441778541701,-0.05174369506086327
0.4657937388768532,0.24236109309974282,-0.8495240359305939,-0.05105101126143098
0.4658341243282999,0.24539420778145807,-0.8487935664498848,-0.04826730727813157
0.46790892611567936,0.24483498208824742,-0.8476575062686783,-0.050929563845419315
0.46901795101204585,0.24500705760864677,-0.8468500131184223,-0.05328000217476814
0.47446396181471995,0.2447558027578129,-0.844062380525832,-0.050371060506250134
0.47482178767920485,0.2473935385076499,-0.843232968146315,-0.04794651688020416
0.4809422284106255,0.2464379587619516,-0.8401697190463883,-0.04558232782753897
0.4862779563457633,0.24469520828998492,-0.8375660293391248,-0.046272569727662034
0.4841916788598506,0.24741909038255747,-0.837917280021795,-0.04729528177338458
0.4902460485378321,0.24611367689139982,-0.8348581117933949,-0.04581269597835201
0.4898995480045385,0.2480107509938385,-0.8344783596650646,-0.04620570859887753
0.4935984985989235,0.24773858556354889,-0.8324016073179076,-0.045756743092407674
0.49633811133846434,0.2488479646384051,-0.830573028419901,-0.043262156553780406
0.4966381698496398,0.25128372728723647,-0.829764291963885,-0.041209664287722166
0.5052949761576792,0.2466830371017803,-0.8257684779963037,-0.043941859584232267
0.502560078554395,0.2502027648589448,-0.8263775487131553,-0.04395555577144665
0.5046008325271356,0.2502021435992554,-0.8250532149365128,-0.045432143623031
0.5052276505180383,0.2527031035343994,-0.8240593144572937,-0.04257239566057686
0.5121790984848171,0.2492120084421918,-0.8206783205161515,-0.045310486184521756
0.5102632928003376,0.2532391645902656,-0.8207898647952261,-0.04248876778179993
0.5173652266545254,0.2501250921427262,-0.8172131164599657,-0.043970249204372765
0.5194938332204908,0.25196445514121046,-0.8154894460733462,-0.04021236046616455
0.5232529445757633,0.25133870185834045,-0.8132632955903575,-0.040472521375229345
0.5274711243864474,0.2509405604262187,-0.8107172713810504,-0.039249891158276075
0.5273464704133274,0.25296836887277696,-0.810187975698874,-0.038834887992798266
0.5303752849590964,0.25295178509968014,-0.8082239270330923,-0.03862039992865685
0.5340827472887179,0.2518017939035069,-0.8060473797337003,-0.04048576614005533
0.5311158217796264,0.25698990276896866,-0.8065861999870585,-0.03592875896250078
0.5378835122642416,0.25317582730315075,-0.8031063490135103,-0.04004397430124285
0.54152937170298,0.2538066870420503,-0.8006142950400016,-0.036672275267780066
0.5399444148660225,0.2563543243444509,-0.8008413030792211,-0.0373590220330207
0.5408701596535779,0.2578288241796457,-0.7997813178275469,-0.036518645545621
0.544921333129468,0.25769734929435945,-0.7971537872350978,-0.034621617001590894
0.5436055768133777,0.26037500447384754,-0.7971950253340446,-0.03432091906244399
0.5493532267262465,0.25913879193581313,-0.7937262109579396,-0.03250878093470704
0.5521473473255905,0.25799688833538353,-0.791998524660516,-0.03618355132017104
0.5571621604275286,0.2571876295811416,-0.7888231818802252,-0.0343924105947764
0.5593451558811413,0.25766794557931244,-0.7871313891145916,-0.034123345143342275
0.5610206502488648,0.259279560649531,-0.7855311757635564,-0.03115624058278194
0.561681265837117,0.26070070580138577,-0.7845986962139994,-0.030889860821402253
0.5669509992819999,0.25888113812280766,-0.7813696541145969,-0.03175821730224863
0.5664828246475639,0.26125477145645043,-0.7809631022291726,-0.03065594113939782
0.568138973158248,0.26211799388482027,-0.7794903469101844,-0.03011749548567077
0.573412357266159,0.26018318419055836,-0.776220640486348,-0.031376686917080766
0.5774380696131222,0.2602302777675877,-0.7733298330985633,-0.028398019899696286
0.5770387282237491,0.261477319197288,-0.7731042348529522,-0.03107667497898175
0.5820872990540116,0.2611755524138773,-0.7695688760842199,-0.026934217341187186
0.58072388255701,0.26334156856707924,-0.7698032601336223,-0.028529479143316307
0.5814724877220163,0.2655750438692285,-0.7685933404994446,-0.024978371366684408
0.5891623925435362,0.26137323196044165,-0.7640267166567443,-0.02889437768225498
0.588666291893692,0.2638749713778575,-0.7636113284230925,-0.02719807663025949
0.5940399039482844,0.26208962858000917,-0.7600426288043519,-0.027582993094951946
0.5934306623317472,0.265082054029452,-0.7595953279255344,-0.024217585134160332
0.5949522484760638,0.26538588186154277,-0.758240152147803,-0.02596203791546432
0.5982331833383125,0.2652031066993469,-0.7557426559646369,-0.025246950418618734
0.601827550731694,0.2654337066247455,-0.7529036135828577,-0.02201579482130987
0.6065351537753781,0.2637011601024423,-0.7496750151576979,-0.02375241132201018
0.6055288335137874,0.2659514716240543,-0.7496778371075867,-0.02424432045083208
0.6091047860856852,0.26665098145003024,-0.74668014723474,-0.018904268955827676
0.6101765120963839,0.2666615655131586,-0.7456805085169622,-0.02316922057056862
0.6153695820080938,0.26487906798927213,-0.7420181789254784,-0.02384070100553663
0.6165945604024391,0.26667418751734595,-0.7404688370723959,-0.02004812007994059
0.6178785055792696,0.2670921935271296,-0.7391889386342304,-0.02208224401628946
0.6216346396651882,0.26771705989518557,-0.735962708197089,-0.01602631438028815
0.6248248260627218,0.26722656031258785,-0.7334239607006918,-0.016528643903912427
0.6242335358741217,0.268567912429163,-0.7333516265229114,-0.01997901348249272
0.6288097619199742,0.26774289646160576,-0.7297891431091166,-0.01788382812925296
0.6297120128638848,0.2687512865667505,-0.7286271594827118,-0.0183844849747246
0.6312548691887891,0.2698200704322645,-0.726938474316533,-0.016579332788856496
0.6347889391748538,0.2687555577609429,-0.7241967104834871,-0.018777044462978273
0.64023528449055,0.26796020286945793,-0.7198049254517305,-0.013303362991824264
0.6374682951535511,0.27140532455925964,-0.7209611941756812,-0.013721478334486076
0.6393972649849559,0.2715550547437154,-0.7191671436710542,-0.015086723862835393
0.6429292944457771,0.27077642719672046,-0.7162897690206598,-0.015843472295068328
0.6476275791283982,0.2697625861655295,-0.7124733493702237,-0.013725607263478438
0.6503947857985868,0.26999609833605365,-0.7098967010728302,-0.011636292159932587
0.6495733406070334,0.27255669106709873,-0.7096972369055093,-0.009856838025379048
0.6548475288752601,0.27078475229044907,-0.7055218530111051,-0.00944705121941356
0.6514977448791612,0.2747729441035221,-0.7070847037297155,-0.009040982109835834
0.6559979423733685,0.2730706968714058,-0.7035433501613595,-0.011218224271352988
0.6604856700518986,0.2718333610990723,-0.6998215961179878,-0.010725532926061588
0.657866106855556,0.2757159123219892,-0.7008057756182895,-0.008011616766624053
0.6646032200853705,0.27265465057905036,-0.6956112516857084,-0.009326730296015351
0.6659023267370949,0.27329900607597507,-0.6941006446168417,-0.010297556335946399
0.6608876625340796,0.27906346816376487,-0.6966487770492596,-0.005617800496886778
0.6706554357894576,0.2741263432903069,-0.6892325609349229,-0.005874632535352703
0.6725972825434456,0.27482384565004253,-0.6870749985942802,-0.003563100330316889
0.6719615557283636,0.27630680429630133,-0.6870695114162307,-0.007596315221530541
0.6734599987472156,0.27739305455458624,-0.685188381539851,-0.004648136731692549
0.6784511216849078,0.2754036416736208,-0.6810398327073708,-0.006454138464174035
0.6812824499354061,0.27541844312579256,-0.6782177659064623,-0.004423415538115599
0.6809480297486544,0.27744167218498156,-0.6777346016901749,-0.0034218399271353306
0.6828602356924123,0.2776026105426055,-0.6757335610218157,-0.0047795019415847175
0.6860563633361094,0.277542082149238,-0.6725292439709266,-0.0012144818615030433
0.6892859014914785,0.2767623947467526,-0.6695368353930884,-0.002819381302878211
0.6905229782190883,0.2778498324821513,-0.6678152605181823,-0.0005147427641217354
0.6952534498329013,0.27609855929493043,-0.6636188549168301,-0.001497147149903931
0.6947822067552449,0.2783064095276188,-0.6631915627434798,0.00042272688426553303
0.6985775251675319,0.2772668148542198,-0.6596306177884081,5.279664001044057e-05
0.6998636100068577,0.27799482331636494,-0.6579588019766521,-0.00014317444182767962
0.7012804985919275,0.27883682490669376,-0.6560893801582517,0.0015532592096548883
0.7042376433101245,0.2784319803551299,-0.6530863227563095,0.0017969666562892568
0.705621658651523,0.27928732309017457,-0.6512170998889306,0.003599279823601207
0.706922121060878,0.2795393804981977,-0.6497059524977917,-0.0010123212981050281
0.7101933564887982,0.2794553495852197,-0.6461475551251064,0.004841589948068106
0.7131563089590484,0.27893003141465583,-0.6431082334525362,0.004232804328536361
0.7124274996196982,0.28153806484164967,-0.642727929703509,0.009175195359500683
0.7138893598539657,0.28179447624135523,-0.6410328083696546,0.005549201822706607
0.7160194182242453,0.2820540054663317,-0.638521500326723,0.007212790494849302
0.7172833553440275,0.2827880562483335,-0.63677415920641,0.007360268790770928
0.7199371935791202,0.28257244608880133,-0.6338600540378713,0.008042506320729472
0.7236639565617359,0.28133782614016195,-0.63018052309642,0.005658079715296032
0.7240158930701612,0.2828540332281116,-0.6290763664823468,0.007583376673704381
0.7305285374793303,0.27974198599794,-0.6229127085986709,0.007227355291282435
0.728454208575736,0.2830276597823035,-0.6238271902395832,0.009457617260056235
0.7311288943557351,0.2826859491187311,-0.6208506275605312,0.009148347757772542
0.735816641880353,0.2807381037372978,-0.6162100614437196,0.006719138146670124
0.7351918434019673,0.2831185445411959,-0.6157907265692434,0.01177387801090326
0.7366124669023014,0.28364531600018783,-0.6138624915653665,0.010965845358200624
0.7361091797180502,0.28571682223535616,-0.6134716549063809,0.012716196482260267
0.7406275785471296,0.28400899888296194,-0.6088100118911426,0.012651002727844063
0.7428039774406071,0.2841635261225783,-0.606004137758769,0.015884789556292574
0.7437308657872586,0.28493061488168553,-0.6045830631758781,0.012580290113972067
0.7466679077103007,0.2844096622179772,-0.6011739012969383,0.01371568561892598
0.7495081559588629,0.2839309723186606,-0.597836033230243,0.014587819605842767
0.7494475865718082,0.28577632127327585,-0.5968740692422954,0.0200388284924363
0.7534952834408275,0.284207367355277,-0.5926233092129368,0.016390349322621102
0.7537691591978238,0.28563563260039565,-0.5915568372848711,0.017459905288917936
0.7539194067316102,0.2871501593968088,-0.5905955691415424,0.01863297674076656
0.7584068167330721,0.2853653182374472,-0.5856735372952961,0.019293604952533617
0.7605516061458434,0.2853135467899068,-0.5829322389687018,0.018639720439907453
0.75905015665087,0.28810012245822236,-0.5834264158401016,0.021325956668341747
0.763579651667615,0.28620787252664537,-0.5784792529114293,0.019822290835573377
0.7644422894888647,0.28713721037292717,-0.5768784168224731,0.01978637573364731
0.7643338561598967,0.28883209596733955,-0.5760882086157479,0.02218451173125876
0.7669808248864022,0.28838420504137574,-0.5727769534165235,0.022394780063968573
0.7703802261226004,0.28734359208205623,-0.5686777709306864,0.023527858763130734
0.7732325411623614,0.286704072195487,-0.5651364196667776,0.02308764692076459
0.7736242017418224,0.2879746952077231,-0.5638194436929614,0.02614965225593618
0.7761254626974574,0.2876050007126865,-0.5606681383164738,0.023745913215809707
0.7760087668399827,0.2892588577247644,-0.5598749464272397,0.026072042082458686
0.7786382675519007,0.2887392647236675,-0.5563717746937032,0.028329024600041545
0.7810166276661396,0.28842922961580014,-0.5532003082740561,0.028125179781404244
0.7803479692653456,0.29054269432484453,-0.553084071743529,0.027202926708540524
0.7822663225731045,0.2905505641254509,-0.5502431162815126,0.02953444157494519
0.7853381488327946,0.2896148472253262,-0.5462214997548958,0.03176956814378543
0.7879709882063721,0.28910360075911556,-0.5427806994191421,0.030165246746116793
0.7849839048828019,0.2929442099600676,-0.544794957391323,0.034386237462199036
0.7900694587478373,0.29048412356199826,-0.5388726571590423,0.032023174088001094
0.7928083327130362,0.28985783711429614,-0.535234014503393,0.03101502156664488
0.7941676295486757,0.29030265402309857,-0.5329553845171232,0.031316183649800676
0.7961277925877429,0.29017385738217694,-0.5299616666197985,0.033470916851520614
0.7977053282543385,0.2905376190469249,-0.5275268692800841,0.03113684924225882
0.7992541886350164,0.2906520846512145,-0.524881089844094,0.034841773223546986
0.8038739779493732,0.28846057185729784,-0.5191311874607762,0.03286238374153142
0.8022723290272206,0.29126609010335947,-0.5199228245423911,0.03469050811104874
0.8045666501271946,0.2909462035238697,-0.5165932143862046,0.033974446401378935
0.8081697530863321,0.2894042102896319,-0.5117371072399218,0.03509966291473735
0.8043687271596095,0.29373038592043044,-0.5147234059859925,0.04210969585313741
0.8056083084405957,0.29447096354609326,-0.5126709758556574,0.038086421660814794
0.8104479505850172,0.2919924691253188,-0.5064796140599044,0.03732181544855067
0.8114050733571068,0.2927137606970422,-0.5045153423388751,0.03747973550641111
0.8117196616393854,0.29382558029768574,-0.5031866871091105,0.039760246313726176
0.8153051465759722,0.2923065105587745,-0.49825741148188957,0.0396733380880971
0.8161996420141628,0.29296055583581876,-0.4962844830103691,0.04115785494229635
0.816473137559602,0.2940723864300446,-0.494977516239601,0.04347764483263888
0.8199779518529665,0.2927605885986512,-0.49013698217374474,0.04114772100614618
0.8211374837644049,0.2931998708121481,-0.4878443907820536,0.04212978631904607
0.8229227418683516,0.2931004851470053,-0.48481963684543145,0.04289739212969152
0.8226959477368271,0.29461641518354054,-0.48407585156948274,0.04520083416358197
0.8260670874107251,0.29349101201943795,-0.47929740755377126,0.04183524916624346
0.8279620543859136,0.29311660417149676,-0.47604149221047737,0.044113382890563706
0.8286951100591854,0.29348472940106407,-0.4740518484984185,0.04905071974610842
0.8307060425243791,0.29358533339149256,-0.4708253492388122,0.0453719455725818
0.8305531734031504,0.29455835157565535,-0.4698272586422217,0.05176051297779066
0.8321288605127114,0.2949700227013243,-0.467086107966968,0.04883454672326445
0.8352420329587248,0.2936125194823245,-0.46231841450821504,0.049235336790037075
0.8351576985365848,0.2952104740527399,-0.4614579743309748,0.04918264440821457
0.8370496508189346,0.2954659461936064,-0.45826551286198886,0.04517163296976343
0.8370833683190402,0.2964826873147289,-0.4571436634850576,0.04908280291250049
0.8384529867144304,0.2966997612475671,-0.4544538713747077,0.04937124201221453
0.8404008264715793,0.2960882305436076,-0.45095363538037253,0.05195218317518506
0.8430605370623664,0.29524801813180357,-0.44663388821553773,0.050948096478938054
0.8439728995758052,0.29550999661252797,-0.4443891739055752,0.05386881100592332
0.8449453021367999,0.29616973001433416,-0.44216356240294497,0.05331333326031594
0.8451252181807484,0.29697776799630654,-0.440807552097114,0.057063761924925765
0.849635613689375,0.29431814248561117,-0.43399518550253247,0.0560743605859315
0.848847210380526,0.2962452175315604,-0.433933659063744,0.058298919804983564
0.8523157785972092,0.2940971187232871,-0.42829713247316575,0.06021847414338507
0.8543292105468873,0.294349243013742,-0.42473681348231945,0.055486596727992075
0.8528746924812051,0.2971061577293202,-0.42561150368778405,0.05645828453852949
0.8570880533352345,0.29448881304264307,-0.41892315999093194,0.056389660807328774
0.8537900065765657,0.29835991060992134,-0.4221591523514485,0.06168985732463791
0.8579316733630842,0.2960298568230876,-0.4155794298339068,0.06011077448049809
0.85678564774975,0.2984864033831296,-0.4160557233943732,0.06100701464774327
0.8609591843808784,0.29557581161869406,-0.40924882566620524,0.062446946338432244
0.8604524509113975,0.29793090253849325,-0.40893667071651574,0.06024579965823172
0.8631005186705507,0.2962532318298252,-0.40411808884842343,0.0630879351897655
0.8643255271573385,0.29588629204052636,-0.40122772094373194,0.06640031048870233
0.8646167593385575,0.29779925639789,-0.3998460886269126,0.06226208934427005
0.865720532565375,0.29754764866749545,-0.39711517345774944,0.06552018984091858
0.8625786680403151,0.3015272473656317,-0.40034187778864894,0.0690343496135044
0.86719693555505,0.2987320007529895,-0.3927896569060258,0.06667047410730632
0.8671281043334643,0.3001712782158758,-0.3917735130933577,0.06707882562917016
0.8702699479004027,0.2982989103078317,-0.38612585788217485,0.06748925666611795
0.8700608061329593,0.29964045374905024,-0.3852681052520156,0.06912509807479449
0.8722083108885227,0.2990412267686649,-0.3810352767831647,0.06811112212009986
0.876510316334796,0.2960850431908534,-0.37354574923737993,0.06728213569760315
0.8785275529958433,0.295102540450709,-0.3693429751268512,0.06848062478628404
0.8770023852925978,0.2977102248579589,-0.3704309677499356,0.07082609927112808
0.879385312700367,0.2970540436051984,-0.3657114360612292,0.06852380986717074
0.8786693105483628,0.2985674877991753,-0.36556997531121593,0.07180731913051136
0.8787659825540495,0.2996329970225997,-0.36422845537377657,0.07299347434602273
0.8799759617348261,0.29982624998360335,-0.3612143251723248,0.07259984765782851
0.8834000280972687,0.29702382391132337,-0.35470135935940594,0.07462026571535164
0.8842026186623912,0.2979004325682618,-0.35227876506575956,0.07308031958028056
0.8860629676401826,0.29668170757630874,-0.34810700369930453,0.07545790708581085
0.8877185774772579,0.2965507052358553,-0.34428547591387776,0.07403321889952719
0.8874827957193759,0.2973619673553458,-0.3433752086527734,0.07774068275583283
0.8889084146793735,0.2978668648780703,-0.3399089185260582,0.07469329438683234
0.8872794476576192,0.30087333798399757,-0.3412772606162599,0.07576442200016335
0.8884866421778626,0.3000056049541094,-0.33804127301910686,0.0794746588746846
0.8894102819671712,0.2999023799473254,-0.3352707960885131,0.08124903767542038
0.8927102334899859,0.298546218464363,-0.3286780465619657,0.07687220675311712
0.8916682193828622,0.3001586902531297,-0.3290818273590988,0.08085603323264069
0.8939897529633571,0.2982011302620743,-0.32392605889289905,0.08324851876791173
0.8950182613678292,0.2993391291784112,-0.320975093710528,0.07945682335920806
0.8983257599549561,0.29724069189887703,-0.3140794117001142,0.07754304112515546
0.8944521066268875,0.30193238231636677,-0.319312389448663,0.08265508698242245
0.8969663570252197,0.29955917030767065,-0.3137135824712651,0.08543679548374322
0.8956922125038016,0.30198322547918827,-0.3145499735826839,0.08717744036368229
0.898160865048425,0.2999271715954825,-0.308985557211639,0.0887619156441099
0.8989377852098618,0.3003320372294842,-0.30632398844530306,0.08875325255188196
0.8999346899545645,0.30042320184536847,-0.303258635855,0.08886874247294982
0.9035103539723259,0.2981501483808941,-0.29564065338388484,0.08586112829448904
0.9021769767969267,0.30054662443041,-0.2966296570389955,0.08808675068346877
0.9026067364285362,0.3002774592823245,-0.2944555492840613,0.09181751628420788
0.9050519667606879,0.2992368789375078,-0.288728188283702,0.08929871800177935
0.9065909703797732,0.2982624351993417,-0.2845339731613342,0.09040326482956669
0.9063296454867799,0.29953669875209427,-0.2836005651637859,0.0917336320619992
0.9066185820197308,0.300558533013617,-0.2816695059160071,0.09148554206139713
0.905996400809116,0.3018560450028916,-0.28138028738836235,0.09422623671452814
0.9071932990925614,0.30144356881780715,-0.2777553693978725,0.09478421635794528
0.9086777540869009,0.3014160642301128,-0.27357839759528085,0.09277906995013857
0.910666740116239,0.3004684907825096,-0.2683825968448777,0.09151806490383875
0.9108287977266782,0.3005348484903,-0.2666155877475339,0.09479364137284467
0.9110750827248842,0.3004030407584341,-0.2646618877990111,0.0982562562262351
0.9125084992594714,0.30094514647968246,-0.26044971902167485,0.09447857667789196
0.9144280579466829,0.2991265822938331,-0.255227964074813,0.09593383636285281
0.9158930773796312,0.2981277306724725,-0.2508382393251236,0.09664318240011831
0.9150693074600819,0.29970518025685866,-0.2509482350475271,0.09924691833130642
0.9156081681684686,0.30080374297895895,-0.2483554445173389,0.09745954941217878
0.916953813514349,0.3000966531048259,-0.24412814490903226,0.09766858010664844
0.9172510247951889,0.2999410362298335,-0.24199352376039227,0.10062339069807726
0.9185265937369362,0.29936716167127336,-0.23784573686886665,0.10058630405881713
0.9163820710589685,0.3024246134641658,-0.24064294547550724,0.10427955602896342
0.92085290861484,0.2982030595479977,-0.2298885040232318,0.10127256138640449
0.9205631119431165,0.29987092159818024,-0.22888514872035215,0.10125500483791172
0.9205114537638447,0.3002660239738217,-0.22740519873475046,0.10385496581740428
0.920759108513624,0.30054620021525746,-0.22527969114483243,0.10546898303793309
0.9223177267380994,0.30015720904741555,-0.22033299584066532,0.10338777367468481
0.9213027763072699,0.300639016107836,-0.2208850540376772,0.10966845154829909
0.9229950274212302,0.2995058519498443,-0.21562496763743233,0.10900595091478645
0.9255147937211696,0.29788944164409625,-0.2084501830640971,0.10598475522816377
0.925921026442592,0.2989393871350598,-0.20582486189627164,0.10460220760668666
0.9240365223842393,0.3009523091402474,-0.20835200773853038,0.11033428204559809
0.9271182837910478,0.2979918726303957,-0.1997843972237447,0.10834540291363133
0.9259815590150245,0.3000092739343716,-0.2006329925172566,0.11090081258064073
0.928412902416188,0.29827360858863194,-0.19334771089088526,0.10816191446123663
0.9278604043709281,0.29917818047045036,-0.19289880067862622,0.11116446836897155
0.9270505340584551,0.30082488660191015,-0.1930119320872374,0.11326115386500714
0.9286453443043253,0.2985771300573814,-0.18759630768836452,0.11522650411381549
0.9288905358596754,0.29878295223639023,-0.1852485739870311,0.11650787818428225
0.9288346588545924,0.3013612398233164,-0.18351783246502365,0.11299904782769657
0.9308405204805015,0.2991848046631621,-0.1769458858266337,0.11275873172079671
0.9305249627269637,0.300036768725192,-0.17589490837842003,0.11472668548108485
0.9291142859628778,0.3016968792726422,-0.17748972534384258,0.11926036246049176
0.9304484991179276,0.30191631494755544,-0.17237365946766897,0.11575599673195529
0.9304935170888683,0.30085407410507853,-0.1704944123736436,0.12083168499747823
0.9326942969386123,0.29810992795949537,-0.16322251255414677,0.12070721066151627
0.9335057908332993,0.29867725443591187,-0.1592247713779908,0.11834825027413146
0.9334732766677898,0.2980645628130793,-0.1574581542620652,0.122442181451212
0.9351074944064898,0.29770478539320333,-0.1512543793145619,0.11860837827476681
0.9338766616269416,0.3000371860656316,-0.15247126245876355,0.12084941857769584
0.9356567376681969,0.2976462053125683,-0.14591224641704703,0.121090140245465
0.9348284562066838,0.2998219821848293,-0.14605866040288365,0.1219401664190405
0.9336922864196141,0.2998918257809453,-0.14714688450813643,0.12896279110593697
0.9352255413065175,0.2991205943359556,-0.14109103373088883,0.1263858264711089
0.9360793529221311,0.29869176915079904,-0.13676251873408776,0.12583594694664318
0.9362338217797533,0.2992659312361013,-0.13427149593542972,0.12600515361019238
0.936984345785082,0.2982131254838851,-0.1301891161348557,0.12720087099882368
0.9370776674873,0.2985079647574489,-0.12784418079746857,0.12819635528809284
0.9382499257562747,0.29694688581216433,-0.12248719073917433,0.12847767093790075
0.9377344391997101,0.29868167678157376,-0.12175615093894535,0.12891399149155827
0.9386720214863613,0.2979289311041354,-0.11691735719695474,0.1283102477432539
0.9396962750006684,0.2954606588601063,-0.11190650470719138,0.1309612309809258
0.9391661336440147,0.2987321898291603,-0.11102201442894247,0.1280631269654421
0.9388601997774734,0.2974928156290718,-0.10991670632982897,0.1340069684475109
0.9396817514908907,0.2972697707543096,-0.10520654643619108,0.1325159307315982
0.9385859486849406,0.3013656771131374,-0.10597346222621606,0.13040234236055376
0.9390050072315739,0.2990718947577105,-0.10269632867316135,0.13520008223784052
0.9407021395278,0.2957144354941973,-0.09536802249638644,0.13615211204126204
0.9396796315958913,0.2983372048422007,-0.09610261772133945,0.13697221994937098
0.9396648368915559,0.29973091080596487,-0.09370362130070548,0.13568716509724266
0.941293519590491,0.2962776590774634,-0.08638724820100274,0.1368331175438995
0.9400429555431387,0.29764124585069496,-0.0880181070018005,0.14135679446700258
0.9413634362436366,0.29638585205697116,-0.0813675959862728,0.1391747891230686
0.9411351434754649,0.29826980549373894,-0.07949711524743922,0.13776782466700513
0.9409750446606776,0.29813169400696027,-0.07764063260826054,0.14019768372753266
0.9423066548721459,0.2952347599357882,-0.07087121495105286,0.14096764026075517
0.9418039299733122,0.29804744005837847,-0.06976399947266887,0.13894626781259442
0.9430264994604578,0.2947037544042456,-0.06326776827399791,0.14088260344352332
0.9429754673738828,0.2969467295565695,-0.06048235451173716,0.13770182471333237
0.9413743120368926,0.2981626752518572,-0.0636858004847589,0.1444214061015133
0.9420210942912942,0.29656043462911763,-0.05892333759262358,0.14552046869690655
0.9445895448532462,0.2924601311448607,-0.047020012943685525,0.14144533158589467
0.9432737282554744,0.29588295101083645,-0.048877429066885095,0.1424743830025177
0.9435869599557676,0.2962785961735151,-0.04477454140741432,0.14091800059836102
0.9419319392090308,0.296619498118539,-0.04853417371168887,0.14975155830890127
0.9426476780196175,0.2947299093823126,-0.04324387747660556,0.15059748570446294
0.943817929029433,0.2949452542256275,-0.03560519420284531,0.14473176568448914
0.9444531377716713,0.29387821899013933,-0.030185386344342268,0.14398855998887913
0.9420858280273048,0.29721512189605165,-0.036612093785479166,0.1509868157657016
0.9434704241592774,0.295014708899201,-0.02825956796440251,0.14842936733779533
0.9428302667452098,0.2958378205374838,-0.02786531675425955,0.150912544776678
0.942715759261779,0.2950087010582171,-0.02549799591852073,0.15364477128613946
0.9429941284274971,0.2951194963846522,-0.021211110929408184,0.1523700934503709
0.9441245201754688,0.29275963807857386,-0.013444712244970885,0.15079762739576935
0.9429766446582653,0.29531166430188655,-0.014979200750551612,0.15284532083503327
0.9441582227579729,0.2935582743434976,-0.006540890515232551,0.14948580773518838
0.9429087576725859,0.29579377771223914,-0.008708839073397758,0.15281777348547126
0.9429759727572556,0.2937287472321909,-0.005563514470580654,0.15648892982780196
0.9429955359114284,0.2939041329918499,-0.002067889161223629,0.15612656306933792
0.942959833357286,0.2949529140662906,0.0014594910634900498,0.1543612679542331
0.9425698828103458,0.29342046520271786,0.002594541232019429,0.15956100706283796
0.9423481253610103,0.29403093436092104,0.005122354880350714,0.15968588462326022
0.9432095004677636,0.29178824537740444,0.012597815231194694,0.15829325045095335
0.942213701585223,0.292648769048661,0.011269793950658805,0.16267461468737363
0.9425150788699128,0.2930976229411474,0.016668076168302723,0.15962858379982767
0.942712951258489,0.29277451372908647,0.021496671055418845,0.1584716655233421
0.9424340897726372,0.29225826730694465,0.023656377582806278,0.1607590352820737
0.9417576121039638,0.29265052120224133,0.02387726050717464,0.16394556692685858
0.9415310206542116,0.2928379604331281,0.026594902882178244,0.164493091696557
0.9411876988825002,0.29227772025592924,0.028486107847675256,0.1671166998655478
0.9418157586668309,0.29231127175203137,0.036354917454985675,0.16191206598142444
0.9408298437552904,0.2936477886411468,0.0349913636497498,0.16548651242772366
0.941069176224168,0.289767999933124,0.03952741664066499,0.16988494668227117
0.9411696160191367,0.2909446492102441,0.044886774899161555,0.16594017722501875
0.9408727410158513,0.29172452873779126,0.04777135523506295,0.16544842750850727
0.9397993275458715,0.29122101809039985,0.04520573563324378,0.17298550237686433
0.939914987581772,0.29161340542561076,0.05059801987083546,0.17018013479952998
0.9398558254741967,0.2906983232145512,0.05458698344497574,0.17083844251468341
0.940534269904097,0.28737972207706425,0.06303437243526636,0.16980827531827963
0.9394682495686594,0.29058448063527303,0.06164226753207876,0.17076386772333182
0.9392687835995904,0.2921402021699045,0.06605892347915368,0.1675245446501746
0.9392553484974909,0.28887145532609954,0.0697572307976045,0.17171663101775514
0.939223485452108,0.29026938396692853,0.07584269791779699,0.1668856323330547
0.938708692928497,0.28927968522511344,0.07671005764740284,0.17105209905834037
0.9381949852513235,0.28852758331968764,0.07783543372765175,0.17459567168002182
0.9379489976704993,0.28769912951210047,0.0812248180446692,0.17573678493842904
0.9373633905195006,0.28830607102093087,0.08249550808797025,0.17726808700825958
0.937230409230001,0.28919703932286694,0.08796649979119632,0.1738566287949318
0.9364261001273207,0.2897622067355746,0.08727335071163181,0.1775595246773083
0.9368327909128964,0.28567424289700033,0.09534023376762914,0.1778898216332598
0.9359118835056744,0.2889632987164908,0.09509379443192136,0.17755655033899603
0.9356062784720922,0.2878908851702729,0.09833500270099983,0.1791366996549644
0.9355029213914123,0.28568856536395393,0.1031050563762448,0.18051502718075896
0.9349095642078736,0.28709656225279384,0.10513787971367351,0.1801823990976494
0.9337889372783059,0.28900510606407603,0.10195901451675644,0.18471228612173074
0.9341584547024159,0.28472949739134656,0.11082491702582752,0.1843771476877871
0.9333326319263141,0.2868543519476306,0.11086318455862802,0.18524074405951815
0.9335221700871824,0.2848911120137503,0.1201869876816484,0.18146211792905337
0.9326796319249778,0.2853852672664209,0.11881092798155214,0.18587069917478619
0.9319549816629699,0.2878219498976667,0.12044528993168648,0.18469263505605896
0.9319236836626341,0.284598439706039,0.12680036400479974,0.18558998796757634
0.9312427668731115,0.2865961864451066,0.1289697033520382,0.18443522081999622
0.930641359988196,0.2846984390551904,0.12880394723113564,0.19042846703299912
0.930566034890725,0.2843081568632321,0.13817710621667714,0.18472361507498475
0.9300911193755513,0.28301893383846605,0.14066621023970277,0.18719991999055846
0.929118937235226,0.2844471437588559,0.13775276258684174,0.19196874557595653
0.9289546879451125,0.2822646153284544,0.14486109765149277,0.19074888483417912
0.9282054844888903,0.28335134696737585,0.14541274577110186,0.19235832735763544
0.9277229701260088,0.28416218010067096,0.15107193712700545,0.18910107327486164
0.92727472902444,0.2829217753358486,0.15510635356735303,0.18989171924152565
0.9267205078325187,0.28211751177301625,0.15756609495588852,0.19175957768516455
0.9259963369913208,0.28245335532201243,0.15779110452078338,0.19455809744162425
0.9255772367376618,0.28096951057231095,0.1630268429942907,0.19438405650964613
0.9248326414357207,0.28043696282218616,0.16160422503429636,0.1998093332884121
0.924289429574209,0.2818724093721817,0.16931781829431186,0.19382587964500253
0.9237963820932488,0.280073016420916,0.17310000585194865,0.19543729909709945
0.9229804403398723,0.28179848805490265,0.17364960354036627,0.19632252563131977
0.9223454660041936,0.2822251924083594,0.1794119282156197,0.19349196914994893
0.9217908077947427,0.27995098360424053,0.1792847894766278,0.19946457757320057
0.9210591543211175,0.28017385581006926,0.17951734939284283,0.20230216516081698
0.9204548867978936,0.28021436960574003,0.1877009577643029,0.19751217403162283
0.919814138561898,0.27910753960003887,0.1878036216223334,0.20191763554871034
0.9190193882156513,0.2803301840237019,0.18848249352008173,0.20320605710809858
0.9184452416482252,0.2787608923001116,0.19671964425444471,0.20013016909547549
0.9177221616156435,0.2787012325555801,0.20035743320389285,0.19992137457375334
0.9170091898206443,0.2785855527018724,0.20118863675166732,0.20250276060410557
0.9162453601208727,0.27899758730887847,0.20363220356736558,0.202950023412406
0.9154634639193795,0.27951799027655255,0.20630831737933678,0.20305964030450505
0.9147597276154597,0.2791914186398387,0.20693504381740868,0.20602106720200147
0.9140227509409291,0.27753584343364657,0.2154947681708802,0.20272708566673883
0.9133533822687215,0.27760030928773466,0.21216941809044496,0.209064117937064
0.9124457641573607,0.27708449052034395,0.22240553454616804,0.20298445947314472
0.9117773178823624,0.2775490851835962,0.2190533745325668,0.20891205569542737
0.911047944609926,0.2763246913322768,0.22269884220310066,0.20986074731485554
0.9102363823206582,0.2741194211554463,0.2307142137067684,0.20760352318511202
0.9094333493894009,0.2759432973814904,0.22901975925527665,0.21056170002937694
0.9086589785876746,0.2741851055633816,0.23389705224927138,0.21084012300390717
0.9078482112496464,0.27275959963380214,0.23850180936843088,0.21102301548980357
0.9069510482187564,0.27413261115402027,0.240039255297852,0.21135814049340615
0.9061896426882095,0.27242209210969637,0.2434013132089925,0.21298435609999491
0.9054043316573911,0.27193955226146604,0.24516350266939474,0.21491098876218495
0.9042477105243476,0.2747731422893912,0.24930004104207384,0.21138894915371034
0.903735936172059,0.27322675412998504,0.24722534733275883,0.2179177049599264
0.9026422283453382,0.27301012558188764,0.25411951022581736,0.2147690700732183
0.9016687831669057,0.2717122806542443,0.25954891763002574,0.21400981603903793
0.9009260876556265,0.2702535647381069,0.26130897366768024,0.2168243888694625
0.9000471901628444,0.27141492280096174,0.262113557826252,0.2180492558221209
0.8992598793412069,0.27016853442456673,0.2641346348453926,0.22039402689095444
0.898024346366318,0.2706882879709228,0.2705121259421177,0.21703297861614018
0.8970938585457637,0.2710007637328954,0.2726592224261809,0.21780299226964528
0.89629941366537,0.2702356813846865,0.27407505129645454,0.22023374815525892
0.8952481615808163,0.2717991203279029,0.2763876685163916,0.21969484306014098
0.8943690877891057,0.27039333129444904,0.27931776807583325,0.22129836338280556
0.8930437440460788,0.2675292134747329,0.2882711902903937,0.2186337394052256
0.8923205532458103,0.26818050649900715,0.2874917392087698,0.22179212356561256
0.8913730715322429,0.26871762687537465,0.2891663206364799,0.22277280660619825
0.8903955510977998,0.26887060627349174,0.2914157443182138,0.2235648085697569
0.8892325784569174,0.26813829303822867,0.29611380764326806,0.22289883386956735
0.8888164125465551,0.26881232437293345,0.2922284206849117,0.22879656727559333
0.8872439588423697,0.2681688941046737,0.3007169796215963,0.224617229747987
0.8860974412856251,0.26800147870561203,0.3044173277975338,0.2243582458820771
0.8852218659219138,0.26707593070141017,0.3061831073977443,0.22650518775066128
0.8839618041643728,0.2672674499420133,0.31039335812725455,0.22546751919167096
0.8831379980594622,0.26420673205715656,0.31305690082536475,0.2285988975581923
0.8820595074393457,0.2659227111906347,0.31456548871279644,0.2287021869588501
0.8804657428804884,0.26535758385389896,0.3215198928846041,0.22581051079301734
0.8794442488099605,0.2637874307972024,0.32453126649395714,0.2273179747761352
0.8788335882062133,0.2620549501915057,0.32446014204341983,0.23174197622762094
0.8772909494887384,0.2651142961221911,0.3283623376184345,0.2285895342541743
0.8762882419528302,0.2631401636368426,0.3313063013377932,0.23046107261371782
0.8755840189535944,0.263897808548348,0.3304256818263638,0.23351539817757994
0.8741525552658427,0.26348490269337427,0.3353555778334762,0.23231369436784438
0.8732479509488138,0.26095100664181853,0.3377453379468499,0.235097160747398
0.8721571129538844,0.26114125615687106,0.33981937254007416,0.23594492726741745
0.8701431342343201,0.26096827556266533,0.34800650930161825,0.23159869295491636
0.8700248065171968,0.2618740210344844,0.3433325129483056,0.23791094700443347
0.8683030472883951,0.2598453633215112,0.3504884936942794,0.23598309477145613
0.8671513309357957,0.2600162792681269,0.35273300757325543,0.23668445056691675
0.866420571856349,0.2598683503763165,0.35252715778324817,0.2398091661343951
0.8645386851240836,0.2589970246314485,0.3596139249061461,0.23700470073307434
0.8629656822459046,0.26044270164331934,0.3634429415154223,0.23530630822229692
0.8627564232980389,0.26193052880717066,0.3594484659985514,0.24050062874774197
0.8613687916364172,0.2608273580791902,0.3635074921952402,0.24057264430972947
0.8592050443413498,0.25808289904416926,0.372491911418049,0.23750723131615295
0.858324898393226,0.25697255664183627,0.37356177424443837,0.24019799073798243
0.8570417436946968,0.2544528731259245,0.3773897611986075,0.2414749532874453
0.8560365188181086,0.25572429297745464,0.3779523359139296,0.24281391271539396
0.8548004723415693,0.25723163157958795,0.37959331496835724,0.24301636864801254
0.8532756181369893,0.2574869903053208,0.38323661751795235,0.24238577579933457
0.8520516126431356,0.25480459487618806,0.38663842741364013,0.24411758287620564
0.850529721590746,0.2543710341068247,0.39043032344084505,0.24384161301154067
0.8498583465509895,0.2550610564141632,0.3895291170129017,0.24688401183077535
0.8484931847916657,0.25463880466455,0.3924879100969324,0.24732900143098432
0.8460719592377627,0.25363508954110514,0.40057207500796665,0.2436667680847374
0.8456524438421928,0.25487503538579864,0.39830028897051983,0.2475228077709511
0.8433364461013925,0.25235943418568907,0.40629023639386724,0.2450032621529101
0.8415807454488325,0.2508177601425011,0.41115419142665216,0.24450875436102876
0.8405942690589304,0.25492448906327364,0.4102267897844085,0.24521166498413194
0.8398596057903249,0.25168897033730747,0.4113073552328006,0.24922833768186328
0.8376514348935298,0.25433918818170076,0.4162054258801244,0.2458143495482482
0.8369775885312204,0.2509850164905105,0.417057549405717,0.2500760649830753
0.8360986002648517,0.2500933260438474,0.4177092727005156,0.25280708535064406
0.8345715274314226,0.2511085389248813,0.42032468725850036,0.25251143451502855
0.832940919620945,0.249434572238923,0.42436830943557957,0.2527911322412006
0.8314083081380714,0.25010824606744547,0.4270318131459137,0.2526854189884518
0.8302268625465012,0.24866745435189042,0.4290637116611858,0.25454309102364236
0.8282460895084383,0.24563732120761894,0.4348157310572337,0.25417710689416634
0.8275150572498209,0.24876373451584263,0.4332999823394493,0.25609873041307724
0.8260133364087439,0.24914122530239272,0.43581759908556494,0.25630770229747596
0.8236044013917161,0.24664131442491288,0.44280871541956957,0.25448829752154595
0.822327994378831,0.24601227579198454,0.444738041308001,0.2558568045490694
0.8203450366014414,0.24538133362048706,0.44924109610325635,0.25495972153647284
0.8195931847738476,0.2465789405482777,0.44853316883511885,0.2574564701169452
0.8182505478970423,0.24617762617427355,0.45055509144497946,0.25857827985040804
0.8159212106657002,0.2459569746127165,0.4560001159546126,0.25659625654821533
0.814901234644391,0.24257152198593057,0.45787168606076817,0.25970859362051496
0.8137815333303817,0.24295297564984142,0.4587415677532208,0.26132286859105464
0.8126645919979442,0.2424625188487309,0.4598908875318009,0.2632272011619551
0.8093984237030182,0.243975156288279,0.4676993233851154,0.25808459412813567
0.8082559492022824,0.24442136784277782,0.4685666555936469,0.25966479312137714
0.8067484565549956,0.24210241711443328,0.47160232072035657,0.26102604959018033
0.8060244462152325,0.23986643201509564,0.47195612496895656,0.2646622432461077
0.8043024646516481,0.23764553761983986,0.4755824986896515,0.2654118134988894
0.803572849850382,0.23929406021322625,0.4746482010603759,0.267802376688769
0.8004274275997135,0.239748978184806,0.4819547366641724,0.2637347008120377
0.7999125963570244,0.23902511583517727,0.48111383773995425,0.26746272137342303
0.7990372519670739,0.24111231185758586,0.4805028975389657,0.2692977692002953
0.7966711193492843,0.23884530875760063,0.4860396099361613,0.26839065492738207
0.7935748322262722,0.2395301650161041,0.4927393554272355,0.26471156627082676
0.792232337762593,0.2377485763826326,0.49479638297276674,0.26649592272362316
0.7914664641500959,0.23564058381629222,0.4951747606322768,0.2699190764233409
0.789013437999448,0.23532196984973822,0.5000606957008934,0.2683666629398456
0.7881604035469083,0.23627307010444218,0.4997231111468321,0.2706566585360997
0.7864010649501405,0.23402342338093676,0.5030647824392616,0.2715367876065602
0.7842564732221694,0.2364918713573967,0.5060265252774706,0.27009356657760436
0.7829096416756456,0.23746609814419592,0.507095870249109,0.2711385689638828
0.7814681930566922,0.23517125615908643,0.5094540416375222,0.27287089067260256
0.7795675519561437,0.23150429904465591,0.5134927996151842,0.27387102111086553
0.7766013508347062,0.2326168430778145,0.5190162074991737,0.2709278917929932
0.7765092120785825,0.23171296773162917,0.5170911565632041,0.27560711156686063
0.7746627732425315,0.2331429151357262,0.519345575393589,0.2753582070563864
0.7716404558366018,0.23122870306160162,0.5257706808435949,0.27325717732933175
0.7699238126750273,0.2317505471033005,0.5278475120975875,0.27365308433426727
0.76834192767079,0.22945366855409885,0.5303853530707392,0.2751237420111677
0.7680554584101035,0.23080999360789273,0.5283677066509693,0.27864875062624195
0.7667082338035743,0.22734037816610864,0.5305776252001103,0.2810021713619052
0.7640790907962642,0.22793097785812863,0.5350056483090404,0.27928402857667123
0.7615161839024934,0.22976862087613364,0.538801426568162,0.27747523356756887
0.7590256183274832,0.22917400207601657,0.5430436367801603,0.27651943159138237
0.7576494682088027,0.2288097974699243,0.544352554012173,0.27801736788394177
0.7562338084751177,0.22738326459075828,0.5460570205930745,0.2796944907649826
0.7532675067226201,0.2265977840239306,0.5514152483917177,0.27781780258369293
0.7519423937753993,0.22523959731704798,0.5528285430387977,0.2796969113976351
0.7480289629750033,0.22820401375784635,0.5592352008435617,0.27501197936237415
0.7473163977088753,0.22419115214640217,0.5599285018166059,0.27881284380047866
0.7469274059930118,0.2234809032620533,0.5588554073754568,0.2825533041762912
0.7443192845436527,0.22276646772007494,0.5630997403197222,0.28157163558818804
0.7428111223673928,0.22443483174144602,0.5640207212012222,0.28238496568361476
0.7413862867021198,0.22144222890257176,0.566034002866063,0.2844560084584698
0.7391197544195945,0.22396704257789024,0.5684701258516961,0.28351802143741867
0.7372318730471414,0.22022507068538294,0.5717295315722697,0.2848077006212694
0.735902229245505,0.22201113742838932,0.5721575993302439,0.28599763176974263
0.7336469687294519,0.21938211399185528,0.5759008685285422,0.2863071828694175
0.7334972849156611,0.22092760808627881,0.5736816923634637,0.289934545809259
0.7302350945852777,0.21712641275373196,0.579978076594508,0.2885104126205183
0.728447177826557,0.21910978879073195,0.5813487366885371,0.2887719791171701
0.726487939720771,0.21746300878063712,0.5840481645759389,0.2895044985968598
0.7240102748446724,0.2186598290493432,0.5871037075255229,0.28862819974707804
0.722501977403344,0.2174830559150198,0.5886402993574812,0.2901630765801485
