0.00509012662227178,1.01833635289961,-0.0220590485604516
0.00815519049933956,1.00197157002184,-0.0128988569641015
-0.00307902403026923,1.00256345709059,0.0312302370748824
0.0264754420658647,0.983547441122384,0.026611380269878
0.00908082209489492,0.997899696999176,0.00229941483589067
0.00200103775544619,0.99747264967343,0.00700852113644974
0.018117122812583,1.01359623326962,-0.00315718518339866
-0.00356164503777721,1.00671238884414,0.00190923969235411
0.0138792348119888,1.00962417068353,-0.00959958921858036
0.00920878841085801,1.0017775582525,-0.0277819976149716
0.0226963154216928,0.98585706113332,-0.0341104781519145
0.0104656283239935,0.966808436608464,-0.0159400841768349
0.0240344150311538,0.989810226246979,-0.0223841408232514
0.00935305013408497,0.997051569359117,-0.0442316843913812
0.0315919970205476,1.00060940692675,-0.0559062648144913
0.0327097323948566,0.995096324043353,-0.0489684310222988
0.0473915101530735,1.00792281417822,-0.0701982435165943
0.0431238242582378,0.982523781343796,-0.0799952041670858
0.0475551808244524,1.01123175440018,-0.0859909587028236
0.056463115410792,0.991259251185509,-0.0765672036120724
0.0491336824829945,0.993261200675603,-0.0915808288424574
0.0749823608088593,1.00760368539531,-0.105247552594867
0.0581009518100221,0.982163043874414,-0.126126902658902
0.0994657102820824,0.980767500938942,-0.118531005344521
0.0836719969501496,0.995581125087707,-0.144784379607362
0.0802029344345208,0.968788359911519,-0.144143320993694
0.0989779808669716,0.979092314015737,-0.147130889292053
0.111273484318405,0.980339271920282,-0.157567072977914
0.1098061688315,0.982789619856006,-0.177475163364744
0.123580983637553,0.973932086523116,-0.208426845815796
0.124493465220309,0.96905717134812,-0.204261565625713
0.167483101036329,0.955484456448521,-0.221067770323083
0.153167944492758,0.937834945749803,-0.241063746798361
0.147780953830181,0.962905010741063,-0.260604864628101
0.175187578476065,0.941894391362936,-0.262639935910809
0.179549819209891,0.947067341762356,-0.273544806017822
0.211349891114358,0.93248690826081,-0.313793140924913
0.199676738124096,0.942629430175941,-0.319999192468384
0.227491902544329,0.921234244760967,-0.31059217118177
0.213097223000855,0.910259701234527,-0.350979105283466
0.26913875640003,0.91113800368647,-0.340643965697876
0.245861817024628,0.88880528600456,-0.372013431067209
0.27784596564593,0.88022744262719,-0.377477058300085
0.262185111565483,0.869524207715287,-0.407925101433769
0.279279781869734,0.86731641034357,-0.413048240009146
0.306710764938648,0.835106048180143,-0.41934872197562
0.322595344705613,0.833468952880998,-0.445032620842283
0.330209236490493,0.804681663331484,-0.462809179200217
0.338290106720666,0.799075680821627,-0.486361361069575
0.354249472752437,0.773270303014539,-0.481167390317943
0.3770746308301,0.778875561550154,-0.505382804851454
0.378598485903948,0.774252727395391,-0.521540868829142
0.392784209580844,0.760983143551023,-0.53665844857032
0.407378382814496,0.72575439543821,-0.555760824048148
0.416083110079431,0.737985130626279,-0.547120912561804
0.442433797832253,0.678074873693576,-0.581943853304011
0.451576259827753,0.680654474110534,-0.599734260860892
0.445683963018576,0.636919409899344,-0.596504194705135
0.483659253402927,0.635786063034765,-0.612081433793618
0.495241751180221,0.604393618292678,-0.613702767023089
0.494747428941523,0.592726086107919,-0.640795885719265
0.517367401461226,0.571020887555405,-0.632560207355058
0.523646712192678,0.556115191726106,-0.645185493929446
0.546366237235039,0.517303181965202,-0.660150506135957
0.557452658381078,0.49667600510711,-0.664454757796821
0.580750651322396,0.489418498798818,-0.66633006095288
0.584479739827588,0.45682042667878,-0.673690513601398
0.590065333494184,0.437335114703169,-0.67657555318794
0.613428813420878,0.409232158953363,-0.679110364040421
0.61651306271351,0.379176442294889,-0.684698314249806
0.632870975217604,0.375968089890267,-0.692548434413085
0.645864534601496,0.327480749100191,-0.694221193156209
0.660930862657727,0.309581514129494,-0.667863144748212
0.672736424210438,0.278837189110756,-0.664671242489608
0.698279547097314,0.26545803750813,-0.690010985224461
0.695210146052135,0.245066024507216,-0.669900783318211
0.708767225691366,0.230228449974969,-0.663837593749318
0.711614856461443,0.19472883667067,-0.668234337799427
0.729902660472915,0.180940710806208,-0.654277596695636
0.718641934799133,0.160291889403222,-0.635926663095058
0.747579296708341,0.155434813721115,-0.635338960142651
0.767997561635289,0.128483995748504,-0.643079416056761
0.77836012530469,0.125998672195185,-0.617904364102034
0.790143642510967,0.0839410074003722,-0.607381370275725
0.802300826397819,0.0803751093287204,-0.5991929867341
0.808305990614369,0.0826203112357399,-0.605021090692597
0.840517797996504,0.0498033149651865,-0.560500839242345
0.815262070806056,0.0277902585979197,-0.559904980828951
0.843628480031528,0.00362764705413958,-0.537867100640856
0.838261600309652,0.0117529889667521,-0.522782321439683
0.86125633091827,0.0124013635637264,-0.504340611577355
0.861352355266839,-0.0049954416475692,-0.507176833126669
0.863975621707659,-0.00531141780563947,-0.483187546419458
0.883799424787143,-0.0123264724597515,-0.461272977908863
0.89561314697353,-0.0141938176860243,-0.441928197957827
0.902524854746321,-0.0392861635656311,-0.43963295332642
0.918734370977472,-0.0525592904603209,-0.416662434109833
0.897813529170316,-0.0254434421652926,-0.393705575206869
0.922433892387471,-0.0385179375239399,-0.407049935892567
0.934418493493488,-0.0611755443909448,-0.387947099758337
0.936354843933338,-0.046262550689078,-0.346527070207673
0.947851899987513,-0.0244771785025518,-0.340534430846406
0.951585231443885,-0.0289230257137693,-0.309864142714324
0.957795563267321,-0.0156628655865245,-0.30268985182375
0.95670553412279,-0.00852423418572441,-0.30536351405443
0.958168851570238,-0.0260888287018325,-0.272818310653576
0.972836292126928,0.00398755887645822,-0.263404383874564
0.966630325250692,0.00572042748523334,-0.241664150711718
0.977038018834261,0.0181590705689172,-0.232545280501752
0.975738757138236,0.00182725654314407,-0.198218844911325
0.974222443351013,0.023581202840088,-0.197597401109353
0.969110237409021,0.0490388235267585,-0.1874923479853
1.00317954545976,0.0739455238182954,-0.191446805194807
0.988650700003612,0.0613240656864676,-0.157856272607138
0.986749122068642,0.0994123591407055,-0.146695147589911
0.999525270947191,0.101533532056246,-0.12871526643626
0.990844729521381,0.12423448547283,-0.113096604588836
0.986743746377823,0.132015327184638,-0.127462379237099
0.998975051939369,0.151194419722369,-0.0994949575270383
0.985145095080329,0.177461790491715,-0.100332439141634
0.97310892497158,0.193908636220932,-0.0699550484649023
0.96621608169253,0.223011989872988,-0.0733060658804001
0.967898200704052,0.222729056123983,-0.0707399406279795
0.964643659906063,0.238326078995035,-0.0595195751312686
0.952816209596394,0.273714266525307,-0.0528952706453314
0.946236534128401,0.292381536918187,-0.0474250802399469
0.931375296607394,0.32784910314841,-0.0242717107149613
0.949416562433416,0.333819851561002,-0.0374073389026639
0.923679197602189,0.379305338516352,-0.0306987880564971
0.931666190705027,0.37077466071926,-0.0322999986448645
0.910467149020169,0.398811179421121,-0.0391727434092949
0.896515345347429,0.414185001707094,-0.0344373625502393
0.880052025117834,0.452330980729695,-0.0335543864166495
0.890577536016624,0.469720972196513,-0.0268474612127785
0.859209818430763,0.477987612685598,-0.0364535659852721
0.861171297298527,0.522114049812094,-0.0362526663615928
0.858510614140824,0.536082515526463,-0.0238166733605956
0.834616734087713,0.545297312261504,-0.0508127352853155
0.82055080534952,0.581995540290724,-0.0431449353970122
0.799322570047145,0.590639589880577,-0.0539632439986797
0.784163101578691,0.612266543854572,-0.0474138545595277
0.77181645053623,0.64058399183256,-0.051478217495417
0.771898946532151,0.656415909952457,-0.0400916521538109
0.731634072479329,0.678493083644877,-0.0657555914412471
0.725532992925764,0.697540517109905,-0.0892383315559857
0.689591786958721,0.69435378997442,-0.0718025796152367
0.695618643761194,0.72327191019142,-0.0743546804229544
0.667588656778292,0.732845895148029,-0.0857055270693751
0.635667990224791,0.777325894170956,-0.0987603037994656
0.636406294767468,0.771796533231958,-0.0997839799862517
0.599851984832682,0.770396514745715,-0.12304117192061
0.584186797199016,0.806027008534872,-0.133634757314643
0.550823492354015,0.823607224001985,-0.142277903242231
0.542583610167903,0.826914392546131,-0.12507230905352
0.501002946413212,0.849034551258007,-0.166823921936565
0.480723030241091,0.852245956647933,-0.158812087022483
0.471848796875305,0.872473840895136,-0.176138873065679
0.446476842250824,0.888133817543906,-0.182446742300463
0.419707685577909,0.893519226654207,-0.2035833859706
0.396517584339374,0.890627185768403,-0.210742184959252
0.366095796400831,0.90235883237056,-0.217964932224678
0.344419211870072,0.92378228818079,-0.230309719224377
0.316324252768599,0.916162065669669,-0.237640508046776
0.291433924513882,0.917316524258194,-0.248794337079257
0.266792237335405,0.929267982021792,-0.247305384395481
0.229645722481303,0.924152841305399,-0.291663993035056
0.21692683100025,0.943586853559699,-0.288156317768271
0.190313497318494,0.937933042293138,-0.296572608419755
0.156652497331341,0.941668738288883,-0.310778078887749
0.154083274981038,0.923580338544218,-0.339619089488942
0.0920459750358567,0.924336195250587,-0.339953530557552
0.0741221492433482,0.931521586973015,-0.342970010080844
0.0524932991848478,0.93891722354363,-0.343704429033611
0.0334039061815795,0.913041504969898,-0.392927941825622
0.00399921696478354,0.902475527723692,-0.382651870023372
-0.0302048151889409,0.940732080942764,-0.397401884104082
-0.0613573148585454,0.912939010517805,-0.405895982992323
-0.0822597058340616,0.896277599493032,-0.430798992411996
-0.10594786223042,0.879986820169475,-0.440356344857304
-0.122498789313261,0.880425755644066,-0.443533567664454
-0.151820248695516,0.871703135394792,-0.444246160139826
-0.188189887100375,0.875148589849189,-0.460016133693809
-0.21186113100915,0.84307967626581,-0.485958635520599
-0.2369058410809,0.834987162733938,-0.49111645563409
-0.249795798048391,0.822629574992153,-0.487036632797706
-0.287230741859343,0.822300404804258,-0.513910688086621
-0.304242675144541,0.80691257157395,-0.522965093194967
-0.332733381543449,0.802183570804628,-0.520927779598539
-0.355175538258326,0.770858682046568,-0.542525643119393
-0.366948937638899,0.761269701527743,-0.563538686518352
-0.385553767605619,0.743352818781672,-0.557505788795055
-0.400079365356588,0.710152139962312,-0.577898967096623
-0.455980569290476,0.68618709603773,-0.569890321779475
-0.453235814776397,0.673141311687972,-0.589828486381385
-0.474062177530191,0.630035788611826,-0.599278014954449
-0.501379503152785,0.631729959808288,-0.601409394917955
-0.522424794050864,0.603751523561515,-0.615384451697606
-0.535382380769894,0.59002819593901,-0.615500477164066
-0.542478057495791,0.566396573937546,-0.621679878174091
-0.55709680223505,0.540067717680525,-0.619234441768962
-0.573053653180389,0.523258504660204,-0.636672428509843
-0.592323809242601,0.501324540472974,-0.648101609624343
-0.605731425453256,0.467254114018401,-0.647627871203539
-0.606113105656852,0.441997477253817,-0.651436011930626
-0.638046369829496,0.410985470529265,-0.672810757865906
-0.640342967732468,0.386359880723651,-0.662643145617896
-0.64532577054139,0.372080218076694,-0.66078176212892
-0.660734290500776,0.32953605406918,-0.669408452583943
-0.684045276113253,0.290564102975705,-0.666096671216561
-0.680843847743689,0.272663850260688,-0.690192472800554
-0.687273915371927,0.244257513805335,-0.69663761070231
-0.691281767051134,0.206972861614106,-0.695217317801529
-0.700451046425585,0.159635186872228,-0.708318406911347
-0.715550314812642,0.140471494130489,-0.70226151217553
-0.724464402205039,0.125015179538941,-0.708520799032718
-0.711044867686853,0.100443531008384,-0.694690596271262
-0.713431601166536,0.0583807765908766,-0.709116167135786
-0.716021154275699,0.0432005974773471,-0.680405095749059
-0.719979163778877,-0.0141436200488081,-0.694647688669995
-0.71232042961195,-0.0289341797671931,-0.706977561431973
-0.69620768377024,-0.0818747617329055,-0.699441646476704
-0.724178193061934,-0.0920267615776703,-0.69271563779809
-0.708011667856524,-0.12264993028984,-0.686836156872185
-0.699755198379514,-0.137503244151678,-0.696792046875533
-0.691156096611251,-0.166640763805843,-0.66763370662128
-0.685398807614902,-0.190301662554956,-0.688398593084086
-0.700093328001284,-0.234893608913152,-0.693747287514788
-0.68624553743115,-0.253665155439514,-0.689065522647672
-0.68106066410957,-0.29221366252072,-0.682008715129313
-0.66032015229704,-0.326361862434472,-0.673412139231541
-0.653484556467162,-0.329454718390262,-0.675268597152929
-0.644768754236734,-0.383512028530589,-0.681216872481604
-0.629334861179071,-0.400632910652919,-0.659279614355732
-0.627952135226327,-0.403636000400534,-0.659020139391876
-0.597502094329137,-0.453152835100908,-0.655122387632708
-0.586968992527514,-0.470256924551206,-0.658842684185582
-0.592488424767147,-0.512571545099052,-0.655994349798764
-0.56293427849203,-0.53021172681436,-0.639788716419529
-0.559791250730266,-0.54111768924752,-0.626702253130304
-0.531719622632414,-0.562357880817094,-0.631759491565419
-0.509876542811791,-0.592640131120467,-0.612981580091446
-0.502214364423721,-0.614891174404318,-0.614043109587575
-0.485120501179119,-0.652974441898403,-0.591607202811501
-0.465448530140086,-0.662947547180561,-0.604846237474352
-0.440692995912784,-0.716321375743408,-0.594417705067635
-0.430469036375765,-0.7118654673958,-0.578971915869329
-0.399611730356527,-0.699307902634418,-0.574161145771918
-0.377457795722724,-0.755307028503298,-0.563253307054758
-0.365268170413933,-0.755309155779526,-0.542635399125862
-0.327115189023035,-0.780320065728271,-0.555460433484416
-0.294682106310331,-0.766958408909903,-0.530116456147565
-0.293373851342871,-0.790609279507763,-0.527507457977393
-0.264917434398823,-0.80840322370091,-0.524580049367487
-0.254144857916575,-0.82651046248768,-0.498198587169063
-0.211154600344147,-0.838872768285273,-0.480828774230128
-0.178424193531317,-0.862344299347304,-0.472188953308653
-0.16044477396095,-0.872398007327103,-0.480372776249779
-0.130744627539099,-0.880954020410394,-0.457929283454458
-0.118020335759643,-0.90262975957884,-0.44593162839056
-0.0855292110198769,-0.881571217690429,-0.429607132391497
-0.0493782965857203,-0.910195832421766,-0.433546171642437
-0.0440075386639436,-0.902701333298556,-0.388905288964209
0.000387586528166176,-0.92247547396927,-0.39456411726214
0.0102132581284001,-0.933686908019825,-0.384677349625906
0.0399874486509145,-0.91885514332823,-0.367223039814913
0.0772791181853214,-0.915433451352466,-0.383418453669266
0.106330765792237,-0.904466061194261,-0.35224886697293
0.113212644129624,-0.930103194508853,-0.35038170221052
0.157216562536476,-0.924123298067026,-0.329963665442447
0.177123903467951,-0.934024076686798,-0.327608219593036
0.214632890582729,-0.946134825493803,-0.311765190891539
0.235824935209386,-0.930512650286344,-0.294555590338847
0.259055966846532,-0.930027683316151,-0.286148899977534
0.283429374119781,-0.919950049774335,-0.283195190735405
0.312354704419113,-0.930246083877456,-0.268559525455792
0.332652090567445,-0.9139629447359,-0.248258774948951
0.356439484685608,-0.891363733411582,-0.234864216873956
0.386877305104848,-0.88655485120567,-0.226944056993637
0.41251079964152,-0.875137230788503,-0.234053420264901
0.447873141596637,-0.882467487550919,-0.228026421224058
0.47463976876592,-0.862357806934751,-0.196915081232789
0.482844111106277,-0.861197743118954,-0.219925732835705
0.515308260134399,-0.841803577223769,-0.183438027312457
0.536472409334724,-0.841411420386069,-0.178654038848156
0.565874491279687,-0.806697365960299,-0.174981159787191
0.557988310226393,-0.804464353584753,-0.153050199387676
0.608118771718699,-0.7835234661042,-0.156024362561796
0.623717011908968,-0.78170126232388,-0.1461544907728
0.635897517593984,-0.766174234251242,-0.13222524776095
0.653981720880392,-0.73947424715517,-0.126908311824358
0.678157386591249,-0.724870365328921,-0.103869180808645
0.706550135079616,-0.701468739813034,-0.122063226727151
0.7050600508219,-0.704500221055042,-0.0782044482256541
0.746508783497515,-0.662670730274873,-0.105392692016906
0.744897419407319,-0.639915987777697,-0.0773301903424339
0.756828489648481,-0.630980115531281,-0.0876453495767545
0.770376518347932,-0.597133833841196,-0.0868460139553415
0.821132323815405,-0.591126053168766,-0.0736193678075171
0.808602940332344,-0.572271031930069,-0.0858977047861346
0.836746167410272,-0.531097793031172,-0.077835130082645
0.850811630119442,-0.529402829836165,-0.0685608442788105
0.870664579206762,-0.501559469815874,-0.0773702805564715
0.864527007568369,-0.482645644517718,-0.069042925257275
0.876128528060968,-0.457240883994126,-0.0551108563934999
0.892670925956744,-0.439808830670132,-0.0870139208274255
0.898295560479635,-0.430661963497633,-0.0706735700141649
0.919662244997623,-0.377858304436388,-0.0521660115951376
0.922867152319926,-0.375730472355857,-0.0628297439016129
0.936648611057782,-0.342521357355185,-0.0658657038570897
0.926555585892318,-0.322838276284938,-0.0777190930278043
0.940017322588159,-0.314848087424966,-0.0681696334739463
0.945888419314745,-0.299433307709026,-0.0823626391940039
0.976939350005234,-0.265597501743423,-0.086004661130016
0.955397800487368,-0.226402245379939,-0.094963888489533
0.972979532364165,-0.234612632241281,-0.0932497457012751
0.975436534787526,-0.216745741569581,-0.107787408419712
0.970974524387635,-0.183322406585631,-0.118791142361975
0.975800793813091,-0.176507615990582,-0.127272919651886
0.986282165653148,-0.128248362970997,-0.144433106603556
1.00205805864916,-0.112893443860647,-0.140953663739276
0.978631550504056,-0.118567463939553,-0.145087849564266
0.975204730375081,-0.0990020140457399,-0.1554634369712
0.984937078114864,-0.0684360034102983,-0.170208843949568
0.97641084256993,-0.0678192606050453,-0.179101718957918
0.972452069967345,-0.0346559269742171,-0.192047476790882
0.97904078165178,-0.0335764039927091,-0.208069557568673
1.00565204065338,-0.02242394785478,-0.238002124415797
0.988107004306644,-0.00185999637987495,-0.244075196924543
0.990918837268117,0.00883125375151476,-0.249229669173196
0.956385232734855,0.00293823694384954,-0.283581783994439
0.955170024349834,0.0126243551434695,-0.275986599674202
0.951280763486819,0.0516023252889776,-0.284095634491636
0.950368574062912,0.0371110654609069,-0.302196530851778
0.932926819355526,0.0543856360441428,-0.335687703981003
0.933620778351288,0.0453458191277226,-0.339560800475615
0.923831417423678,0.0457782712022334,-0.35606896660428
0.920286099173713,0.0644600257909272,-0.381228092510102
0.919451251262815,0.0351953132476727,-0.389065076236237
0.926317279748332,0.0747526455518531,-0.402152279804907
0.899770718553637,0.0661852334953379,-0.425465445720963
0.894801430622381,0.054208240452897,-0.447230654192762
0.884083785570598,0.0558746946431562,-0.453012435571773
0.899963566031807,0.0428104455466616,-0.474887902016822
0.855323505589338,0.0676032195155676,-0.481544267144233
0.844291523779687,0.0689539699483357,-0.521107051795351
0.85201392160419,0.0526540392733411,-0.524679754501472
0.86112447029273,0.062025350610599,-0.540178000064668
0.813555062373837,0.020628838654246,-0.565083887456094
0.813893353389288,0.0020512090139173,-0.57075029888206
0.82959279017352,-0.00543915293608971,-0.587663926026675
0.810779205174298,0.00328790490242661,-0.595449295228881
0.798970771251148,-0.0136374000948174,-0.616870537891575
0.782861036792234,-0.0403581648431958,-0.634378634256505
0.773793300356142,-0.0517658894812609,-0.640051765016979
0.759599765677126,-0.0580404662428398,-0.646652223430763
0.74743645698719,-0.0827984216639451,-0.660503990419636
0.727242001140134,-0.09516284650377,-0.658527302382954
0.717752824248601,-0.101874732122254,-0.682832751246975
0.708530413588602,-0.152026728690504,-0.696080536393768
0.690124498776557,-0.158872151626154,-0.682208453639911
0.691244422794154,-0.175070541008056,-0.690978302778659
0.651595737624426,-0.207125575486737,-0.706710417879021
0.667964441492147,-0.242651213196602,-0.722731455512524
0.655837705941665,-0.252936863197717,-0.712521758002715
0.627082095410281,-0.292332497858264,-0.71362613470445
0.633278340378039,-0.281792151139975,-0.737039500447177
0.597094440175176,-0.33890709864074,-0.723961529215823
0.589966614430844,-0.333865336218268,-0.737460450443873
0.565978973287578,-0.370499632550106,-0.711655879198689
0.560367442242592,-0.411777911301698,-0.720947743867825
0.53856096859411,-0.423163031892392,-0.709104809966669
0.540714666692108,-0.469829946118128,-0.715974059372146
0.521254342188114,-0.4552117926302,-0.69820119286552
0.508431559659161,-0.486189680106527,-0.709396166081934
0.490530733261141,-0.510415852844497,-0.678088090009149
0.484706545534801,-0.545864054549629,-0.687898665780862
0.469043548656245,-0.585097512176419,-0.666756593920654
0.448819148308899,-0.588626291619096,-0.665784695220742
0.435688850480213,-0.616902725541696,-0.657880805707557
0.414782720717127,-0.632220818789088,-0.635847858642195
0.393745061656498,-0.668000614341226,-0.625176337013788
0.383393457193556,-0.69769906579901,-0.607307011548071
0.366166712131156,-0.70421672787053,-0.587411967817046
0.359208141936805,-0.762959514956108,-0.577394339428394
0.328581082145686,-0.771121881177094,-0.568116093976747
0.313841422555526,-0.776311588952318,-0.535259577790745
0.293421757914043,-0.812097040546992,-0.522692982096553
0.270231019259998,-0.829116852274372,-0.494961261005034
0.273571840972676,-0.84582656968192,-0.470226907021307
0.22381992144077,-0.842777999804028,-0.465224969231938
0.215640732804994,-0.88063682698443,-0.428051301544936
0.194278628041063,-0.889959849221503,-0.38266479220971
0.168715401962805,-0.904393679916336,-0.361729559352824
0.144083781859347,-0.911371606513349,-0.372786236657202
0.14352661373103,-0.926875717895364,-0.331262406470481
0.111414595866472,-0.938875455348786,-0.298947582647493
0.0729710755861883,-0.968910406874142,-0.283306013105018
0.0669533212655627,-0.964218474767243,-0.274973709931814
0.0439813032435248,-0.973440895158505,-0.241626235046958
0.0235080302624974,-0.980625561212031,-0.217085186028274
0.0224917761471913,-0.993113041331351,-0.163774944011738
-0.0139160992830955,-1.00230858353898,-0.15984896864548
-0.0231273254117545,-0.979184292930108,-0.125829787139727
-0.0499653925653561,-0.985864983333428,-0.113704539783812
-0.0787975634839953,-1.01322417826647,-0.0765738016817145
-0.0859954665687122,-0.986172640142466,-0.0241274928277994
-0.113970975058835,-1.01559533116564,-0.00174018103873019
-0.124784709431222,-0.996529642815608,0.0118171744397374
-0.15007013910688,-0.982384662929156,0.0429076970697433
-0.178738140977792,-0.981913738748333,0.0641325902707145
-0.205321216575052,-0.960076938825179,0.0895641038838023
-0.212348517696492,-0.977831644554536,0.107426447128444
-0.239466245299344,-0.962917146741815,0.154463373072201
-0.253086567050625,-0.945206743533918,0.156153080686969
-0.286901152728928,-0.937964316437276,0.191763569588448
-0.285947443070383,-0.914746074563189,0.215575651908955
-0.308755399112336,-0.901425467327851,0.248966667828326
-0.320766074878962,-0.891520138327103,0.273140627185255
-0.34588333983917,-0.885952920198388,0.291712139775826
-0.368569994373169,-0.871816303185928,0.316005436995893
-0.373472664818615,-0.853515299402978,0.368633902488604
-0.409276850476212,-0.831668800672696,0.380188761168986
-0.398784929478744,-0.816705729486725,0.381826265439328
-0.432393914822468,-0.814214730387411,0.408451213750997
-0.452953609940695,-0.763586553877284,0.444722327716181
-0.470904535287753,-0.748455206240183,0.449394728858452
-0.479418207206605,-0.7160485378153,0.474095789575043
-0.502226079826189,-0.719055954826526,0.499459832673938
-0.501047510998894,-0.667831028947266,0.51223030953171
-0.524580484192984,-0.673035924846827,0.545685779808293
-0.5390649763431,-0.646462240551792,0.568804467169625
-0.542789263753985,-0.608479043733448,0.556482977279937
-0.557206933971645,-0.584466156014782,0.572302445792404
-0.573502187996711,-0.567653046045194,0.603441804891278
-0.590195766594951,-0.524291371461784,0.629781921999456
-0.592816121940211,-0.508676905610477,0.633284612675918
-0.587475697758244,-0.475321946225649,0.646750270539166
-0.610143171287543,-0.454529580285588,0.661887280947017
-0.597384249816811,-0.417665184432431,0.65834530526613
-0.614610890859871,-0.395273686616155,0.679222340932292
-0.625684927206299,-0.374102627372632,0.690066435779003
-0.635192667993289,-0.338695417677716,0.704666569564388
-0.630189029913318,-0.30738441960589,0.71270003999984
-0.634283739463983,-0.26996367190951,0.735357171517857
-0.631027256295917,-0.247827353454276,0.738434060901603
-0.640031436918456,-0.233251846902286,0.719643418588058
-0.653643281909192,-0.185801432061561,0.742414418395587
-0.644275864747834,-0.152549460628437,0.749428583308226
-0.64222321121741,-0.115931043679801,0.769165218871918
-0.612542617668325,-0.089529815634897,0.769523816093888
-0.636755025626082,-0.0636715533452027,0.772960180338782
-0.64367842673034,-0.0337097511823125,0.7847413448273
-0.62847508863628,0.00424648381325194,0.791340646288739
-0.60828672943201,0.0368708715065302,0.765292796146408
-0.616897972470501,0.0684415439005778,0.792375111431109
-0.604797841338204,0.0928690640539784,0.802068731463873
-0.595678808537932,0.109277343354868,0.792348190129993
-0.590359586360095,0.156147796184084,0.798696525120865
-0.574197810306324,0.176556401972967,0.792996558705708
-0.568435695857076,0.20570546125292,0.783701487829729
-0.556466229403244,0.241198540699241,0.795487008403552
-0.532253374734008,0.264349526707883,0.792762986647457
-0.535381575842457,0.282813728740999,0.797666549904999
-0.514054930517498,0.308911288875097,0.798668455932147
-0.491180868831294,0.34779726833081,0.800279091780704
-0.499747618432808,0.358168773951134,0.792275866052608
-0.478058079793653,0.371152506228458,0.774003187979915
-0.451980285295678,0.404475120094989,0.804491051379078
-0.464633146399647,0.441965006816924,0.780411815650332
-0.434210304258274,0.464149300615325,0.769891361917265
-0.401815257407996,0.48248265248448,0.758699080356698
-0.412938172576369,0.50125502103694,0.779161397871375
-0.370451817857523,0.525199912859958,0.77105453851511
-0.365041999661971,0.560599587467351,0.750467640339585
-0.332035173864478,0.560519004589307,0.755955521252358
-0.329243163782834,0.600062527958345,0.752854169190656
-0.272512542252773,0.615855267932767,0.743534262135889
-0.277461694510844,0.599877133013806,0.73754215806571
-0.244990144009294,0.645857485164266,0.721869853257565
-0.217342397109392,0.650765394461878,0.717568788602795
-0.194666714520656,0.667543598611825,0.715849971622305
-0.161503570924039,0.684782199722749,0.710449858349252
-0.152329359369922,0.692550270772028,0.705688413267528
-0.126848089894237,0.697173822282279,0.68980053855814
-0.103497053713026,0.735144159291351,0.686235286810493
-0.0914079505158538,0.722988747513786,0.677338809386503
-0.060546521560499,0.739893051960233,0.673080467859056
-0.0380483443862309,0.738583712539003,0.654554464251051
-0.0153504945433011,0.735823644294458,0.654490795058464
0.00785904066014317,0.750135589268588,0.648351282158624
0.0321882391325149,0.763303892128879,0.646156089262949
0.0597904647869748,0.780244685186855,0.620073832232677
0.0904725193976042,0.75607189502694,0.624601306935987
0.107661235439494,0.769064077995458,0.612309272772368
0.134506390158728,0.755066431128295,0.616897592828915
0.188761611970606,0.801450763143859,0.598829581247312
0.195879232675407,0.773291010987313,0.596202589755411
0.213489873060174,0.75718714150824,0.587308207306459
0.236101135707115,0.755830447456123,0.601583142877176
0.270272514586445,0.777833483878746,0.58232749476739
0.282294445330376,0.774886151047779,0.567551590215207
0.323116070544,0.767372884583184,0.55089305751233
0.353575069833569,0.751184641755384,0.541217080209733
0.378056617792168,0.772375357459931,0.536603187323772
0.391177614344608,0.75202891710393,0.542573767200775
0.428347471160949,0.742390708331021,0.51988111237355
0.448895429808776,0.730112059755979,0.531230235019446
0.453799813054012,0.723573441175325,0.522488855616026
0.484906621662971,0.704862703199324,0.495406494551181
0.50934660954417,0.698330696184032,0.498411007912168
0.525981174211082,0.689716609262742,0.484546107266031
0.552252290529448,0.667118315128868,0.481462177172761
0.608885285646305,0.698411159853074,0.488414472591413
0.604524167697785,0.634743609803539,0.466699270740741
0.612042418144588,0.639856077953947,0.469600862166578
0.63824786998775,0.614838646077517,0.451319685401576
0.656421650181403,0.614681663135879,0.457853823415842
0.676535530036794,0.592739828149268,0.454227322165783
0.6782955467072,0.569004254088663,0.439383329505268
0.691869589932651,0.536704445869251,0.435832058434564
0.734318687254926,0.529279602624103,0.437320708862078
0.734865770939323,0.489964919109037,0.431469733646939
0.749788377830558,0.506200832744026,0.441613344504898
0.769730341549006,0.486216309043209,0.430813526177335
0.774371110565059,0.452791080873471,0.420949372472412
0.805146651117564,0.43896486299566,0.42205894156399
0.819155004549703,0.406926320969531,0.416809713524193
0.804643754704687,0.37673915795388,0.421125377105002
0.830112786914306,0.370300376346019,0.421793558171234
0.838440759452533,0.334105149306011,0.401621418502162
0.860033025640927,0.319149227498875,0.395733011686271
0.85074899702872,0.294907293924157,0.400820400774664
0.868158955027756,0.27258519567175,0.392086497031618
0.885202885613403,0.228331800513665,0.403941313959889
0.89276994660527,0.218956249312931,0.401433942536154
0.895064759155993,0.197839440302963,0.401715888557688
0.901037493575353,0.170503377448032,0.410163351259568
0.911265967348041,0.159933773425057,0.403195894512481
0.894206917989817,0.138425035329122,0.392099939431925
0.92148202220787,0.114082687129376,0.408286608671339
0.905279759228319,0.0616029742001003,0.39677896139241
0.912967428390732,0.0868218135966732,0.415819585798681
0.91251714938168,0.0312798095731704,0.413607169721313
0.917639346731266,0.0105168999895611,0.43314435401176
0.896439888983752,-0.0137698763152943,0.418739160734088
0.887490072302967,-0.0268136020605135,0.422169198117957
0.902674245158647,-0.0480104056137299,0.435871012014447
0.905255208814052,-0.0846593209017283,0.430889614051403
0.896527424456069,-0.115612964847627,0.42666530841979
0.884048476075555,-0.123358553562097,0.457430093556492
0.888860965967316,-0.151205039012238,0.44117616630586
0.88853781142734,-0.138827736265458,0.453802900782049
0.86273093820271,-0.204013096700717,0.468219666733169
0.861241094050204,-0.197217797384483,0.45691586644487
0.851681228744053,-0.236993565418092,0.484768721962859
0.834741519063552,-0.250433579631838,0.476681046030646
0.838160779838469,-0.264490073379011,0.478725004678538
0.81236175294924,-0.298547793737509,0.500722090715397
0.809243926387571,-0.323178895831974,0.487301402444197
0.793459709175777,-0.315440706384786,0.514461091654582
0.766881235441609,-0.355994226738645,0.530199996936147
0.765833674171122,-0.359928785685925,0.543882815969245
0.745761517490738,-0.369548998492545,0.544865612198315
0.745548829328341,-0.395267571681889,0.55516261192881
0.747614596468366,-0.416752776015679,0.56701881816129
0.70499501886842,-0.421741591469645,0.564585861426877
0.695249269858974,-0.400483544170165,0.575021354526387
0.678873883568873,-0.442883368832666,0.612669139823019
0.661700947844809,-0.449006823920198,0.611242184733256
0.639121509652232,-0.44526213238066,0.614697498934995
0.611054826987756,-0.463109086479221,0.642478667489029
0.591985664451691,-0.476317235607612,0.649334815343732
0.566734136416917,-0.473850904641187,0.658537448306156
0.566883438810284,-0.495499402231551,0.66486586160505
0.546446557635345,-0.482277796206318,0.68285442688658
0.52283146435753,-0.47896470271508,0.688317516930471
0.49880171366753,-0.504129840057707,0.709774691530226
0.48779226137904,-0.49228949271568,0.715006658939046
0.488148830668981,-0.521478012824027,0.724755793592881
0.444564667928263,-0.502075264214018,0.753375656302731
0.426722965353523,-0.50343195151836,0.753370665732012
0.410826039268697,-0.507785721993765,0.769948542094515
0.369199956779046,-0.497618985150114,0.768670825185873
0.356582215604751,-0.489912808432626,0.779725229891751
0.332694655447221,-0.504035890714464,0.782386282009997
0.319366215309731,-0.469295649886059,0.813146377114415
0.297776131898251,-0.485786702317045,0.842340841123774
0.276834180652561,-0.452343046109462,0.842267443440436
0.255978966601783,-0.445277392054536,0.859851396019807
0.236706504389971,-0.432632460470209,0.87877039546257
0.216601141661392,-0.437890280065367,0.877751660345894
0.19998384079094,-0.41411295704895,0.882387281815082
0.183046738904564,-0.398133362697793,0.897060152215055
0.157969822094376,-0.408241551379275,0.89529427343722
0.123625039347787,-0.392225990220667,0.914004174201999
0.102668079403625,-0.33820784894773,0.930559552546968
0.0792702209686671,-0.357197797028888,0.932537270202849
0.0634150549080865,-0.331444680053254,0.951981708507847
0.0586032644153023,-0.308322099027228,0.940880620163533
0.0366297098745442,-0.301818007891629,0.961131288164597
0.0194422228605793,-0.257823953676971,0.975320346415104
0.0154360680826618,-0.24508393394266,0.966039497847126
-0.0226963208385687,-0.220093953314629,0.984184376005484
-0.0317877810527937,-0.199921972869182,0.986111253683822
-0.0375953594903896,-0.189304471660492,0.987031812220459
-0.0598648452341897,-0.1505157275381,0.996047514670486
-0.0807506649226665,-0.131925551645647,0.99276115208751
-0.0887560034018494,-0.0992511734641338,0.999268634287117
-0.12155517370529,-0.0810000026618711,0.963712432150406
-0.117750935597056,-0.0531069581552686,0.990375791918633
-0.127470614099209,-0.0139952928698002,0.987413933027783
-0.157856965421841,0.0118701353492054,0.994527206080023
-0.177076472763296,0.0428368978769958,0.992929363282237
-0.188966816171614,0.0800658585829515,0.987844684911423
-0.196409060453385,0.0862233795458105,0.981402546150524
-0.193021808536476,0.138110753849653,0.978379081168124
-0.222311194724399,0.168839988973418,0.958166420957718
-0.22763483220648,0.176020078814876,0.966481410945269
-0.231461033859343,0.233784261567993,0.960519994481085
-0.253278512487468,0.260759064369127,0.93571724229318
-0.244364964229288,0.295735202704056,0.932563482050674
-0.269069202922692,0.313377866672152,0.914624535452642
-0.241950399527206,0.357232891759874,0.92095313956647
-0.274902214585441,0.377205494681483,0.889661725152161
-0.291213221869484,0.418448272971518,0.865909322715166
-0.306244702768112,0.44432113702302,0.835555393250364
-0.317497202748622,0.467466795786592,0.823077306820778
-0.315717495150547,0.491252332465806,0.808475954733031
-0.315768647777911,0.524127804354459,0.781814360255192
-0.33066051497721,0.526754683367759,0.76785674887492
-0.319178774257536,0.568536231212083,0.75368961677382
-0.325470763430798,0.613360604541418,0.733924162126338
-0.341381119495556,0.619709566377352,0.700574166593832
-0.345691587203039,0.669635365960661,0.686413292799193
-0.343070812149939,0.673524038790663,0.652400391321548
-0.353764368770273,0.700368144740727,0.614621345823068
-0.350555302451736,0.736107470592912,0.597590611947734
-0.344593756262969,0.735365210942604,0.563751870047719
-0.366871536559989,0.770323302124548,0.533488824184826
-0.349236935573947,0.796770032880472,0.505785712889419
-0.368113049566301,0.798537766427973,0.448482583900218
-0.370043039897853,0.804025442776997,0.443655694767989
-0.360121431813238,0.837674296675045,0.397948772536595
-0.368990847554988,0.868223640627367,0.379093222151868
-0.376166547631234,0.866244226371295,0.321686279320725
-0.37019428374762,0.884144072565357,0.305255847588968
-0.389089413247164,0.892764095807463,0.252538645460693
-0.380034117844773,0.904777746886536,0.227441860799056
-0.379301399204954,0.910645955621296,0.203411720703248
-0.38447228223146,0.896193320106217,0.141068893092561
-0.388245147256496,0.90859724106814,0.119771303694954
-0.399262814800736,0.922223539498221,0.0692450730731748
-0.371186218528324,0.911802058614815,0.0405644155647868
-0.389985258833047,0.914872907549953,-0.000140602827273316
-0.38392329899078,0.915590157063085,-0.0245320124409039
-0.377088451114487,0.938723222818209,-0.0754328685917229
-0.372472737444082,0.892405376051976,-0.1028050757596
-0.378618367478602,0.905989551931498,-0.140132131487181
-0.373797887340075,0.914424836200076,-0.179778223510672
-0.375867691537585,0.888171855388941,-0.229910354223704
-0.383105651996034,0.888276024106406,-0.247650963131185
-0.387060907891504,0.87040830975667,-0.264577298336108
-0.384618986181732,0.88417731969459,-0.319172275519669
-0.382918899826231,0.848982393803952,-0.364125871232737
-0.372321149326954,0.849855095370148,-0.411523461404344
-0.356844529620649,0.827208976067622,-0.434170027925178
-0.374459329801333,0.805487636581541,-0.459695923363198
-0.360546399093423,0.795332804348667,-0.497586185407534
-0.370315986992955,0.772412885187221,-0.524739271359357
-0.35645141036571,0.73630646403783,-0.551025070106114
-0.361353014319777,0.737314433825299,-0.598369950376592
-0.360928773561167,0.700475301895091,-0.635948982458342
-0.346391779025752,0.706301530676358,-0.644529444411237
-0.351428533194194,0.647026231133186,-0.66488157466969
-0.35349543518293,0.625928967351719,-0.67954041472903
-0.353432020230955,0.595017444420706,-0.720000728840784
-0.342378116792747,0.589837747340147,-0.724532498289092
-0.345011747373331,0.540397125097417,-0.760818667062348
-0.334278865642113,0.540645960233485,-0.772635953264644
-0.320079213958785,0.496608555260386,-0.810631201709087
-0.312099598436096,0.47370114251482,-0.825634134533077
-0.295069803690047,0.439161602578063,-0.845659806700407
-0.302122542095069,0.414454974687073,-0.866115553519032
-0.298836231302145,0.398309180985326,-0.883363808048717
-0.281713382674705,0.351111757106657,-0.878264954178106
-0.277216634488917,0.285541229055826,-0.913779424060129
-0.26861000257978,0.284290857670198,-0.901156332821003
-0.251360410483282,0.256054214120131,-0.929873009260911
-0.268298846182442,0.240924136093992,-0.941262350005621
-0.258143144333101,0.195037092526194,-0.950438140587493
-0.238751798667746,0.165017050226382,-0.965892347043504
-0.234668197145468,0.11082372629866,-0.969473353825312
-0.216614987892177,0.104193540221747,-0.986620517803953
-0.200802854745832,0.0534283298820383,-0.960288264411632
-0.18746253512081,0.053324806680635,-0.97742573618227
-0.165235734450666,-0.0015779845866186,-0.972411595595925
-0.146872861907023,-0.0402699993627176,-0.987429755808317
-0.15188635755264,-0.0438970007458123,-0.996359483660109
-0.129108273723806,-0.0670615483801941,-0.986380403144232
-0.117835217563049,-0.114333536728243,-0.987150085212428
-0.10616171884772,-0.140623554234108,-0.986981319544655
-0.0876236792504542,-0.150764266148328,-0.975421818535334
-0.0643844423970228,-0.164193842578985,-0.988487172319168
-0.0607751539914989,-0.203355950264692,-0.96522826096664
-0.0242705417687616,-0.227985560948426,-0.978373574533499
-0.0323215704104128,-0.241643159645349,-0.968695146901454
-0.0114834031462427,-0.274696891559086,-0.979625050925715
0.0211030856092298,-0.294699455491141,-0.940582349190402
0.0234501510496607,-0.302386272908791,-0.948305364414956
0.0552155951439781,-0.325044998479221,-0.930385023762224
0.0639215193596687,-0.336920501422624,-0.945116809619968
0.0832753953722292,-0.376030584192995,-0.917810358034463
0.102963615960421,-0.381964655509469,-0.912024571022887
0.133883108873797,-0.39570396404824,-0.916825010332248
0.161693374384087,-0.415462010186968,-0.888805261413988
0.164100227021388,-0.429404533920066,-0.877792052263219
0.202598669176475,-0.444168973281145,-0.891735251372637
0.204267796984977,-0.452125753977879,-0.857045569409464
0.23911980962099,-0.472186445852245,-0.831566502710036
0.256520903532324,-0.465886049244324,-0.845344806977385
0.266837174142224,-0.476154930081379,-0.820521795423888
0.314344792937122,-0.497551224163823,-0.831962998739711
0.333600656401761,-0.495512649973916,-0.815588112389325
0.335116352739283,-0.511964899516479,-0.782608386929855
0.366573605023629,-0.505395372877942,-0.778788870926572
0.374896792640552,-0.500350700965476,-0.766163672762353
0.400921062776154,-0.515491069589444,-0.757343895480717
0.416169278160764,-0.506676568437323,-0.731548514541559
0.467186515869701,-0.510362763664626,-0.738402957138595
0.467334421124646,-0.525252708196358,-0.72434701169925
0.480026357155276,-0.521387753989107,-0.703115661991997
0.496148447136168,-0.502366335650343,-0.687544306052871
0.535530865938645,-0.506539988556453,-0.675982019120223
0.562168564493613,-0.501196829560951,-0.670992161577261
0.581357021077721,-0.523000386656463,-0.660778223889501
0.606435975391581,-0.494610497911433,-0.650272785548401
0.592337836803679,-0.472478294966139,-0.654583469953343
0.61464736972621,-0.466501811940922,-0.623277388248075
0.645542630400159,-0.46219191932905,-0.604978761499491
0.646009677893504,-0.450424582016842,-0.615371281555978
0.68189404167152,-0.445496048012495,-0.582975417170026
0.686791527332578,-0.42630666301257,-0.569254054924396
0.690117436077907,-0.436740989603069,-0.5854079350625
0.731388938083005,-0.399471476138945,-0.564491925843671
0.752532038134838,-0.38816860396019,-0.562490550713464
0.74460565231229,-0.38879992760752,-0.529705914407409
0.762548989922207,-0.370817369761059,-0.53451610683267
0.774026765346536,-0.332511917599369,-0.516431931622324
0.797271666157549,-0.320357741896176,-0.511227077858429
0.798379480477098,-0.300902465401515,-0.511325633759263
0.809004125531118,-0.299848029495701,-0.487130485255652
0.838562383188193,-0.288775725967551,-0.487921051579575
0.842402420784942,-0.256738222352686,-0.47271233561058
0.852141094177852,-0.231796636012493,-0.47803683894848
0.864959613456302,-0.200624398696099,-0.461988045481052
0.865004326312163,-0.178647628532298,-0.46874845630164
0.876033071975336,-0.152242815259982,-0.456130137892601
0.873965267088181,-0.124319150894786,-0.451548654634396
0.891615571581649,-0.132017761409737,-0.440036113157102
0.89716055910361,-0.100855428330726,-0.435025423035682
0.9083463002801,-0.0933997690431572,-0.430921891253049
0.883342720297081,-0.0541291104299928,-0.412310255391686
0.912722167233108,-0.0319809855195515,-0.428530697795035
0.911193622820743,0.00304556625156699,-0.422302016491392
0.922365601420648,0.00629836182846432,-0.436947695644233
0.901681426784717,0.0373297167181411,-0.420190939359345
0.900571695645971,0.0777666520712011,-0.429904015411295
0.902747897744092,0.076860886022742,-0.416508141653022
0.899344324254538,0.116473809748208,-0.4206701065717
0.895309728122498,0.136478264141034,-0.399655019337001
0.882549269169554,0.178991625644355,-0.417846191065756
0.90081555560607,0.194218828757798,-0.395799310136659
0.885260857037275,0.207348553945093,-0.409471112365233
0.878598355231038,0.233754140811398,-0.404905679718849
0.874214277656913,0.255762452667273,-0.38380872874062
0.869861154303271,0.285270665692887,-0.413788092468464
0.856934646053334,0.297227971818467,-0.405285520317762
0.845450365774056,0.304028263548411,-0.411151411317837
0.838946783456854,0.349503093955352,-0.413215240436301
0.838888106261025,0.37821462890739,-0.428218777314567
0.8072965509414,0.396523255887813,-0.416185160218892
0.800524649692377,0.425911107752119,-0.421497157393078
0.797321816563702,0.436530785840047,-0.417193447930799
0.796448435178195,0.451235577032654,-0.44292685546555
0.777660734180206,0.464589835420917,-0.418940539293832
0.748355690072877,0.51090056439841,-0.443153786538029
0.728100130488573,0.524688546550657,-0.452507871413406
0.728041439925929,0.53751475174041,-0.444853607939396
0.701998653230194,0.573501057801339,-0.452545102301737
0.685898602343184,0.558996829998472,-0.460572839864484
0.664291432624749,0.604689012505375,-0.46278548120425
0.644683855112268,0.598036596341008,-0.457317389084039
0.619837868100752,0.625612365127328,-0.48246827217893
0.61074798688057,0.61412407151014,-0.469828940281317
0.597884183641503,0.640651816593129,-0.477973274784079
0.572332543689256,0.674418917857031,-0.486729425946451
0.55896605163456,0.673537220523398,-0.499666223479843
0.527552609658365,0.685234666689775,-0.492434594438643
0.50524362236463,0.689880425918797,-0.508630755344685
0.493896288915938,0.704894973657712,-0.519940120144428
0.469117829287821,0.720449133179032,-0.524509563098584
0.430313221887143,0.713044295702228,-0.527048283199531
0.410483112862929,0.740574865759584,-0.549737344290163
0.401302637728574,0.749427273245368,-0.55770949405461
0.374703826383302,0.74455877177771,-0.547708227023788
0.342693995222334,0.747398195630289,-0.584909790180007
0.320843189683243,0.757946864170024,-0.571727572609154
0.294896605569018,0.758223510412272,-0.567715796410891
0.267414691286511,0.758138483860264,-0.574064512592131
0.245114058887841,0.784347320477322,-0.598622409768501
0.207451377612828,0.775887772298041,-0.59231606642972
0.197546341949567,0.77250547139496,-0.608001450764487
0.170487252647182,0.793032157237073,-0.606296257337466
0.139857571958639,0.764412618711496,-0.617293653153553
0.109220304417753,0.770887869998396,-0.623170457754082
0.096405341036306,0.770946948134992,-0.625221391966545
0.0793083608961769,0.739733250862678,-0.66135724138203
0.0289751880189266,0.734183961833567,-0.657008633877375
0.00900032395600148,0.752078828806116,-0.65938687775533
-0.019264277719594,0.733701810086256,-0.66224916905145
-0.0414765125958303,0.719672687719523,-0.676922108421998
-0.0609588307864849,0.720969524734289,-0.678549931055453
-0.0853024336196168,0.713315598975146,-0.692642662880168
-0.107501389868531,0.700119786125041,-0.709216691734627
-0.137043682428129,0.694836414681412,-0.702309631961838
-0.159629899857085,0.676043338593182,-0.708335579308496
-0.183768987298481,0.676318825093251,-0.722008535146606
-0.205838335767104,0.652434773848083,-0.736110401115869
-0.236782385064801,0.628281578228765,-0.717576625878945
-0.252491106130151,0.632640064478332,-0.737530789891662
-0.255773083959619,0.615250831785773,-0.757509323999845
-0.296827041913007,0.597911451454978,-0.750041594394008
-0.294381173767392,0.568826966161688,-0.771504809375055
-0.331169031586117,0.540918235054109,-0.762334687882023
-0.345332518756069,0.534008798165236,-0.765210827797044
-0.376139944314783,0.50885696549484,-0.77398426380427
-0.41832402511044,0.494011420986486,-0.769339892634126
-0.422983484952597,0.451024354068873,-0.775755346546611
-0.442442926327702,0.426689807044021,-0.777984772521061
-0.451706671373424,0.434539867806994,-0.801305801091536
-0.467649286665907,0.399762501175255,-0.786943128249087
-0.473550065626301,0.374347277054184,-0.796435728204165
-0.497938660348649,0.35254403691532,-0.800601192603124
-0.503199530808726,0.333072782245619,-0.819561949910059
-0.504312879450977,0.28796588813382,-0.786905998874751
-0.519429914054109,0.252265587794347,-0.79828102839989
-0.514297626280367,0.238000296557201,-0.795667608174258
-0.553881011386707,0.227046335870241,-0.79166529628963
-0.575977814863533,0.180927338377614,-0.798084884163831
-0.577810699370196,0.184151289381168,-0.796900433339321
-0.582394494823832,0.118926568312695,-0.810453112215542
-0.58744459326845,0.096537862151945,-0.790442669071043
-0.609544871912658,0.0792358966517984,-0.811705360331353
-0.594618964675966,0.0483564517449639,-0.790007339021075
-0.625032908451485,0.00574022941481165,-0.785653459923425
-0.608751919970285,-0.0318503975307427,-0.770848125269632
-0.598935249584983,-0.0567704850106195,-0.773423852960176
-0.633186332681969,-0.0994336294244484,-0.759633929394419
-0.623614852777891,-0.117327590348154,-0.766226123304181
-0.633709241871097,-0.157865100798403,-0.787522662941845
-0.633026564139776,-0.177744270531606,-0.759266956611161
-0.640358383127522,-0.222642745801366,-0.750868148898954
-0.630619715573255,-0.2452718918883,-0.733364176454958
-0.633051074170171,-0.265228701553581,-0.742229328291449
-0.635195644153613,-0.289858012238683,-0.726975233134674
-0.623780457709034,-0.303331550093295,-0.702138841845833
-0.61202841048454,-0.329319030569708,-0.687474273957104
-0.613137006278913,-0.363171755045195,-0.695244312937453
-0.617436954794685,-0.391507823816838,-0.670764395778972
-0.605491077199673,-0.437449235527083,-0.663790525071899
-0.600806399915605,-0.475113111000871,-0.652709257442966
-0.599001371789403,-0.49967944960878,-0.638972963239325
-0.569127575090147,-0.524931950623687,-0.608526679453198
-0.57425898427724,-0.555264500341114,-0.591205310400625
-0.549976100682074,-0.581270828322715,-0.570432788425974
-0.548431153145013,-0.603678657944554,-0.549371026066739
-0.527743456444613,-0.6238471603921,-0.548248636850274
-0.53462544084453,-0.659358747989539,-0.51732432118027
-0.535561189391686,-0.688983306010355,-0.517534371611776
-0.503004313295797,-0.725575224556963,-0.49036766385641
-0.484159700035149,-0.739636151613703,-0.477725196752464
-0.487478231719724,-0.73378821653214,-0.45271263671781
-0.464091089674127,-0.782856445946088,-0.432944967401448
-0.431426058744386,-0.79104213882977,-0.408527245003125
-0.441652026130756,-0.811196512082816,-0.38325425604606
-0.427061543757258,-0.819646205119632,-0.345103394026012
-0.411976419329157,-0.871846993007875,-0.344347125752539
-0.374013717917652,-0.868079641360888,-0.321104008341372
-0.363280766399936,-0.894434138239702,-0.310505639884897
-0.331212307702188,-0.895239291612393,-0.281375600576856
-0.317519809800151,-0.926147988130762,-0.245973526701734
-0.301962482818516,-0.934055333988008,-0.222745579042854
-0.289484837198622,-0.915683818736261,-0.190394200136117
-0.274186976132607,-0.949705968096754,-0.170416776717858
-0.239414361253898,-0.960397701887769,-0.147937779528114
-0.229369320782812,-0.96656857483568,-0.106775464533302
-0.203051531464682,-0.961393538475061,-0.0811133671213363
-0.185969238273662,-0.958715727772731,-0.0708936528749693
-0.174611619391143,-1.0021341478798,-0.0233162428407072
-0.150982975856198,-0.991053142978989,-0.0204542342705228
-0.129112383972455,-0.993300946565439,0.0107350945625122
-0.120689584977707,-0.999787091795684,0.0484779410396346
-0.104560820709504,-0.993663650493344,0.0839840507214449
-0.0725218114523138,-0.998573174185855,0.109495127919101
-0.0386185918235551,-0.994089041984691,0.13051428920666
-0.0408667213760078,-0.995779944385239,0.167376690615887
-0.00840295431276918,-0.972848384669575,0.195360010165057
0.0165140871143614,-0.967219127863171,0.230721085008155
0.038765440984288,-0.964027164809175,0.243407288710349
0.0427424749952288,-0.965497417647437,0.273238986400904
0.064168466162313,-0.945868368986768,0.299372208949874
0.0952005332249986,-0.937643415605285,0.323115254893338
0.11408946285061,-0.929511784701841,0.357190608387046
0.133309121225011,-0.945268010842082,0.370014113547412
0.155556296755481,-0.893080266595082,0.410951695779352
0.164806102540766,-0.880330225098871,0.424121131307135
0.190704782962064,-0.872842645803859,0.445632313575336
0.212941936180141,-0.854097157137972,0.462576936905112
0.221157461032794,-0.828492368561149,0.488307852174552
0.261967431196149,-0.831077028924368,0.507725773672538
0.280469303739478,-0.786815299299039,0.523666825773956
0.287741695972539,-0.767206283501759,0.565065231406721
0.292285614636068,-0.743073577286044,0.577304044550191
0.323628117878609,-0.74180047525886,0.581498185283911
0.339919874806949,-0.719960295499911,0.629134689697358
0.358011054258968,-0.696337646754899,0.623950517200899
0.367770536695986,-0.648693423365409,0.644415483665872
0.390698633660604,-0.635249860566821,0.653147423983574
0.405633290742458,-0.628994724639099,0.661613478512255
0.437199868915521,-0.590541761677176,0.680677175105003
0.454094267517323,-0.573585367336738,0.694149831179023
0.441720733473007,-0.542664570971629,0.68707888333444
0.461119756421067,-0.512207946287538,0.712937224193834
0.47744144204111,-0.501091758415749,0.720604869307977
0.502320748657142,-0.489768973411266,0.714821302252954
0.499197608400252,-0.445894178132129,0.714735669531705
0.536073544482737,-0.430843426515448,0.726364439328749
0.560253649736149,-0.371460794751719,0.732103284046353
0.557967608148791,-0.347662785973561,0.736706781316655
0.587723839155597,-0.335148320014498,0.74468537663221
0.582842086526569,-0.300251507007786,0.750192038621418
0.593887834955895,-0.289511793030778,0.735109281062997
0.614297400474818,-0.253224756844453,0.746392654089544
0.619303294114347,-0.241914814516757,0.732304516553952
0.657325307549237,-0.242357090169829,0.730532038455894
0.658917292635764,-0.208845881583129,0.73134332242453
0.670516431261161,-0.164370076011846,0.716197268562346
0.675574994337169,-0.161289927244788,0.717357122166217
0.692742314919053,-0.142271228310167,0.718538011124914
0.705401956970138,-0.120737117222945,0.705255947727399
0.722399902802575,-0.0859615366825296,0.699404930955073
0.724767286961317,-0.084700010659582,0.685406023116129
0.732803216700128,-0.0640620870235981,0.680903581475201
0.761506750334673,-0.0380693030939258,0.680255208224303
0.746023294130191,-0.0279005367982217,0.649094761446484
0.78546423137592,-0.00900114306168286,0.633363259574906
0.786881430532018,0.00634111216458188,0.624287704389032
0.774421586271876,0.0236059840767826,0.575309911989215
0.804255894847892,0.00682972835941062,0.591542805912268
0.826264296012406,0.0280025267563726,0.597907419527259
0.830884844702675,0.0402813528071243,0.556229971731828
0.829408106902135,0.0554141849862924,0.526423343742317
0.84918804287139,0.0611070508954511,0.540541963667463
0.871635254883919,0.0601180671709546,0.508416197266757
0.87313610051306,0.0781542806069095,0.499181465880003
0.866238672367059,0.0752483949092401,0.473137561978843
0.880980819075942,0.0679764617527499,0.459927945406492
0.897630723406769,0.0762103839221462,0.463502768672819
0.887380376751541,0.079146180312226,0.423824306863868
0.910674011917645,0.0891679908599505,0.426625303703695
0.893688264497139,0.0810800296924542,0.399884207545628
0.923040128068186,0.0640380120866963,0.369249276861106
0.935021842886353,0.0600385836017413,0.365361119203903
0.935093102289989,0.0875753768784471,0.372364663966814
0.927922982473501,0.0491971705238508,0.344771104089895
0.926956487176149,0.0604200966436657,0.316261611561751
0.963633048250011,0.0282617140205776,0.297149756278518
0.976863658116006,0.0343852042639615,0.287686713533327
0.951280336414494,0.0304265407690686,0.277775840228508
0.94429308882448,-0.00209788188680899,0.288095153392297
0.968191839822856,-0.0266262938490334,0.239610562269233
0.967652169296306,-0.0105898326089952,0.231981944177102
0.974977831918357,-0.0322192128073073,0.21208164610458
0.986733895463734,-0.050851878697824,0.204756749572792
0.979509615889487,-0.0627628452056155,0.191893559443769
0.97992916709551,-0.055398425508428,0.189689954517924
0.973356453652377,-0.103995540028855,0.172302936705144
0.964959895292397,-0.0921747902713638,0.165018523950508
0.967980552382644,-0.128575878041213,0.14075045533341
0.98240328146623,-0.150794467545926,0.146155557827168
0.978513496108068,-0.15864357999279,0.129396506017549
0.959522223198533,-0.187958122494237,0.121089066019742
0.973397410760373,-0.227182619814745,0.130644284903688
0.968531074659193,-0.239470667056561,0.112859980680494
0.968868088405552,-0.222233033299878,0.105650090828274
0.968662620128557,-0.278638018539002,0.106679328010081
0.94858692871264,-0.286518501949527,0.0944991563869304
0.931224196114525,-0.314179135811641,0.0988740830720492
0.93235677798847,-0.335065159937062,0.0953497846432049
0.933984633740266,-0.362943314613542,0.0868250500015018
0.928505884337707,-0.373383228869591,0.0743795476934102
0.925460905715319,-0.405574826869796,0.0793236943874776
0.888886894180849,-0.421197716005809,0.082669870024336
0.888294377027275,-0.451127968886863,0.0684331086553834
0.907137877029941,-0.448564328443655,0.0811213910105637
0.867125099685362,-0.481634196470014,0.0843884765446129
0.850493714855177,-0.496787312074322,0.0749558006108777
0.860049924454276,-0.547682000019402,0.0861270087509458
0.836424206064742,-0.548212384800369,0.0766817058614847
0.822350925390197,-0.568494789867945,0.0860540213899305
0.802522041105635,-0.582441865991045,0.117008601010797
0.782239852219528,-0.613713111222967,0.09623729791109
0.749303343793118,-0.624214037671902,0.0854855907917529
0.747170834248097,-0.65253224521677,0.118171439932068
0.706994012732104,-0.657956816348981,0.109725549737204
0.702049066072424,-0.686718965160508,0.123385241685891
0.691037760013554,-0.720559522817074,0.139472061670715
0.677234229413178,-0.729913637526812,0.14626337734823
0.65881346738447,-0.752810303394533,0.148090005550624
0.618860127958286,-0.766239157171988,0.150415722390668
0.617725095199788,-0.770311953465023,0.139345719578469
0.599892689709004,-0.77260454077246,0.176056725153435
0.565406415459509,-0.804362036667437,0.164344249158426
0.550351170069343,-0.811270764964476,0.17552563623316
0.533493942914704,-0.817926139833659,0.197923071055939
0.495129554352842,-0.853235028747549,0.20735410404127
0.491240300647459,-0.864735626698309,0.191198785033633
0.467063157744514,-0.862215697053182,0.232071255548089
0.438576386747696,-0.884429481084794,0.227421975882333
0.397427640208137,-0.878029963902943,0.251452115557176
0.380382809244466,-0.911037282400146,0.263558249326439
0.354556204955122,-0.900843239462101,0.242687458340903
0.332295668083297,-0.89997073351256,0.275999296830211
0.293390521408526,-0.91582482625656,0.275051817983553
0.29315030045123,-0.922417323388204,0.293740452110977
0.242827059954483,-0.907128674844627,0.305083455952314
0.225127181727855,-0.910191493398402,0.322953332538453
0.205053172596257,-0.945619371109159,0.331163069005508
0.180084107296847,-0.920320072356728,0.348056947673865
0.163818087868807,-0.91139335377404,0.34070707481938
0.110542454087818,-0.924881123005696,0.355893439776209
0.0905826472659689,-0.909185731337725,0.368087426494362
0.0620079565930425,-0.922481127640982,0.39095634301215
0.0472483062280908,-0.918778781483633,0.393469603036146
0.0197172662094558,-0.905259210376499,0.411862476664407
0.0142112722181513,-0.908271203147608,0.42269288777156
-0.0423267047744287,-0.895194220457589,0.424424276384619
-0.058732528903417,-0.875615842409189,0.441099960841637
-0.0944699037386302,-0.893322416122789,0.447206241055117
-0.135034155560649,-0.878806325978448,0.453509515322876
-0.133999962128662,-0.867820334163799,0.473831222642933
-0.15806210366021,-0.878238518202568,0.487575323100885
-0.205234129039968,-0.854195967627555,0.496117643933257
-0.212424363789532,-0.844680203835367,0.509826165716059
-0.231721928791878,-0.832083648450089,0.505771871467059
-0.268987866858173,-0.802003898584197,0.523913035741462
-0.299868554008875,-0.792700589772309,0.535404336067511
-0.319739058272256,-0.790673624742653,0.547536538824141
-0.3383558206677,-0.766460219349058,0.546864124363452
-0.365317674838763,-0.754775819881621,0.552125432517766
-0.371231918303517,-0.730779704383007,0.554998564746256
-0.408313642750835,-0.697866143100886,0.573642694516927
-0.408671963514755,-0.699027868099576,0.581367581908526
-0.454166031447302,-0.657517711917468,0.589509586288485
-0.460716910904324,-0.667523035198347,0.598801482406332
-0.4775424597903,-0.642382058004085,0.612128179589515
-0.496918138917325,-0.587587075159036,0.623927729052343
-0.511064790868755,-0.588088709530928,0.620438523271094
-0.536146861647299,-0.570532168708078,0.642806511164909
-0.546055202895224,-0.527079511474443,0.650205585510793
-0.569694672705573,-0.519146369378732,0.649700443606364
-0.573317873218414,-0.479267311008634,0.659416735631392
-0.584360563740826,-0.46012638741485,0.667631643379226
-0.611507789082145,-0.428662236229036,0.647977206847961
-0.610235263633876,-0.430406202002967,0.669113401190494
-0.639174034015781,-0.396658604523458,0.674033775462363
-0.644214034520127,-0.342174597187287,0.675850964702371
-0.652349558431255,-0.327377717447631,0.692529600748907
-0.656901945885107,-0.302260961938169,0.683888430199439
-0.659765703688132,-0.277042539551656,0.69420459315344
-0.691563831354013,-0.253607851282275,0.696361005563717
-0.684848141167345,-0.205822978426414,0.684970281536189
-0.687697808291059,-0.186589023581246,0.692973521544011
-0.686976270268143,-0.144114313134223,0.674195508244132
-0.703431358273026,-0.139123438413092,0.694004620357066
-0.715940502542528,-0.0829069273062898,0.708288104303735
-0.707949855065434,-0.0636320788882192,0.702473046688055
-0.708634813384713,-0.0389614455723467,0.697143705953208
-0.711188630849972,-0.0153314292341607,0.695285173199277
-0.718277255543216,0.0168899698042694,0.698348954716591
-0.692267802347406,0.0335977575609527,0.688962822630638
-0.711180322221671,0.0763814055464419,0.689925102555175
-0.707911667083835,0.114519944705764,0.684361603891851
-0.71111501538723,0.122204914035744,0.694439501921401
-0.701687815822497,0.172530080638452,0.681041065539131
-0.695339783752302,0.192761562728255,0.701830303085557
-0.689253915575544,0.217480276158167,0.684072111773841
-0.689988754927414,0.267671142241334,0.677342173593539
-0.691928983740389,0.278812884847697,0.689260382496975
-0.662958159500019,0.310368003431245,0.691965300524654
-0.66486045492436,0.339624218864674,0.662595509806085
-0.656486765425528,0.360772665255327,0.67218780609925
-0.619919928041907,0.399543980537607,0.651915286124549
-0.628485472222967,0.412417266763735,0.653468856520657
-0.603459350067425,0.448490049704529,0.659928571869135
-0.595331515613317,0.462038963994696,0.653554200886956
-0.598849004874088,0.505165743542816,0.643009957516296
-0.561976542384953,0.505694266797847,0.630464354939926
-0.556193023045476,0.546801778409768,0.632682772347187
-0.533813804096129,0.576501771397156,0.619009077459995
-0.508115297329604,0.589129191092129,0.611353818597979
-0.510810154724381,0.615330523250192,0.608403897870437
-0.498434202221497,0.640382629237533,0.586379079854384
-0.461425582606277,0.638223059930247,0.567952548090632
-0.434430641669362,0.678394001262952,0.558803861263633
-0.444177029252656,0.700113236777636,0.569711826622377
-0.405337565131171,0.731480601194355,0.560986456408683
-0.38787445438702,0.75014993198095,0.5672910329362
-0.36528965020772,0.754310478568704,0.548445563581065
-0.34791736879599,0.758368633016211,0.527967503578056
-0.318492047176833,0.792175406694153,0.508044044380059
-0.302975658454754,0.799231268687572,0.516711002374389
-0.27525817422988,0.828290812302572,0.502414748233747
-0.251895463436055,0.814121816870267,0.490080691321133
-0.219535477947335,0.840332261864943,0.47534785566698
-0.205214147576339,0.879394599253939,0.462742684242178
-0.17444853703795,0.861223267404211,0.445788289009762
-0.163251213974292,0.891382996334505,0.445494507399718
-0.132984549973948,0.924235143962808,0.43609811128032
-0.0961260659811705,0.922376283669343,0.393593591648125
-0.0746401158924097,0.909651560467411,0.406591897050171
-0.0570261894019121,0.922950321760915,0.371513454453051
-0.0204149088034748,0.927873857010311,0.379855946453482
0.00832170283252158,0.92016312558433,0.373453570878886
0.0281924875906831,0.915093891448735,0.35309896530267
0.0525788027661529,0.925419760048428,0.347922611390474
0.0851625935325648,0.93604539605647,0.325660781833006
0.126546093456405,0.952568209661734,0.316601389438373
0.138873953885097,0.957312605455686,0.321820889156172
0.174623813500759,0.937062629260621,0.288213650986426
0.197999497780898,0.930227975084811,0.27127091628505
0.214477039519849,0.948013401997664,0.269318424288031
0.24620110324593,0.946716131642193,0.257824842168758
0.259919181699313,0.940183747172087,0.247414321001506
0.295372775327737,0.921684650421556,0.226539338000874
0.321751739353006,0.911885833219068,0.21494406597124
0.334157723337014,0.908806929780921,0.200775359287103
0.378065278105993,0.922139874421116,0.205167230935278
0.407336933747647,0.905466062527741,0.189476829686899
0.42941304545593,0.881421219078052,0.181105809610594
0.436296391160048,0.886591828719273,0.153424749447332
0.462428667895548,0.864389360078063,0.138566887629917
0.495020100169329,0.869543950134162,0.137538535267278
0.522659176720223,0.847068823507021,0.141173617148597
0.539680139775889,0.835749344967606,0.142475550320267
0.573901510006811,0.808617006703791,0.121045383165837
0.577287458585596,0.804988035357108,0.102912780949712
0.614995411709186,0.785173882538126,0.0968935460493058
0.644162134225681,0.753114982826883,0.0740063618721914
0.659548566166776,0.7543439691276,0.0746412905895704
0.67714786346444,0.764634408774827,0.0541654256013694
0.680148256066008,0.722998327900302,0.0588745423205358
0.708242943986404,0.702291061792476,0.0636059715795599
0.717476144794039,0.689683146294853,0.0544368942103876
0.746847486279072,0.661585294103632,0.0410385917176382
0.75782718929356,0.642681678461372,0.0466912235834788
0.775518942232205,0.623158888375081,0.0221593677807322
0.794392707359426,0.593122806843277,0.00983047484656838
0.810421814691928,0.57489827584539,0.0174349786255854
0.830422309496862,0.577803605214864,0.0316372208164916
0.828475452477075,0.556593974187225,0.0169770193214243
0.862322362335143,0.527985407276911,0.0203374542489218
0.874143727259967,0.499864732627932,0.00710985765207846
0.864112106266462,0.482490886428295,0.0128018809363005
0.88092768842799,0.462463089240266,0.0060589812383277
0.894620661999838,0.448339335710569,0.017169769909931
0.919081727573699,0.406242995087614,0.0104596411962755
0.924226868340241,0.382507390066054,0.0311398582732239
0.92936450629942,0.369111771633954,0.0247930407470559
0.938947671429903,0.354677061609805,0.0117435371355463
0.927303164052406,0.322437136444194,0.015317593464596
0.954274670012403,0.317763387017536,0.0186311877639232
0.964026827440496,0.297428395616371,0.029868958647056
0.953750075106462,0.279791577885945,0.0348241341536353
0.958311551147755,0.252762924902247,0.0474057046204772
0.958786387449928,0.25043857902301,0.0289770002617292
0.961128920746596,0.224224110782461,0.0597275214364782
0.975300109741662,0.192000154048287,0.0726022946639689
0.974073963122044,0.183595407161642,0.0808062905557579
0.983635728421315,0.157655084856306,0.0786037360805841
0.977922434600279,0.134425846057779,0.104066444232287
0.984518377116573,0.117025975423661,0.0964723158548579
0.976977602468862,0.106466864423791,0.126115363511792
0.998249109542411,0.0964797956045455,0.12618334634248
0.983323208177526,0.080406734040949,0.149719859717588
0.994376300927301,0.0397646767087669,0.154813371485289
0.975391724222372,0.0452109466653821,0.183627440451368
0.975116149178315,0.0202411488018672,0.183554284614168
0.9785612069993,0.0227129072172754,0.204267333497795
0.981903869134809,0.0209863242404269,0.208305510866701
0.976658288844844,0.00478348023434013,0.227869280078882
