0.00612942988449867,-0.580216573907679,0.778385402064555
0.00982964459298935,-0.59585076237947,0.787498846566617
-0.00668710968671154,-0.59553026277653,0.83076161825111
0.0310491716053535,-0.611122910801604,0.826269439822619
0.00443055558950537,-0.597018145870103,0.807433995454085
-0.00913164705885988,-0.59627451446514,0.81590052546108
0.00777512111760748,-0.577254462138079,0.808707568670281
-0.0272996037783541,-0.583099435719001,0.820495289702301
-0.0103802802104288,-0.576119586361385,0.813792273565457
-0.0242422419495997,-0.580846465826454,0.803884483435907
-0.0144484917366256,-0.591737331041328,0.804346712654966
-0.0403133888123952,-0.607082988417514,0.830736362300309
-0.032193767263939,-0.578885237775877,0.831367642258479
-0.0631566535885189,-0.567663060277843,0.821299289543196
-0.045102180152278,-0.556871934431268,0.818171811486892
-0.0564933796039592,-0.555941169062499,0.835180046451951
-0.0504410519899947,-0.535489137300547,0.824820194278833
-0.0708977542672178,-0.55325939873307,0.828501438219616
-0.0804861059611847,-0.516751844968069,0.8339730033435
-0.0849127712770165,-0.526969934221093,0.855352140228451
-0.112177754577528,-0.516132910822983,0.855300312902749
-0.095476560372613,-0.490096909429638,0.853668130675954
-0.137421824565962,-0.505368820891327,0.850728857853012
-0.1015056196798,-0.492104551245202,0.868842675449629
-0.14373197467324,-0.466249626910937,0.860441456514848
-0.17016500729673,-0.479432130072215,0.87752626945923
-0.167388544930119,-0.453778848487792,0.888469546329646
-0.174224773437194,-0.43655242838086,0.89355394397006
-0.20051079417241,-0.418189818729419,0.89120172131801
-0.207026614015364,-0.408834824704946,0.877656145636286
-0.231753927190956,-0.395494344201786,0.897956306859233
-0.20041086133184,-0.386615476432564,0.895217248888265
-0.247332404328293,-0.384790077890737,0.894708663690071
-0.282966992399708,-0.339371264272612,0.892494297950641
-0.275035812582128,-0.335642789036595,0.904796730459721
-0.299005050177165,-0.306783965638802,0.909893016857053
-0.28661126304777,-0.294165690865179,0.885421083926654
-0.33369399028781,-0.259289774700275,0.895445547655472
-0.32807978033842,-0.251316299625639,0.91689132677644
-0.380187496414797,-0.23499922854267,0.894829102662865
-0.337711745221306,-0.200836104710844,0.912719336154312
-0.402788764516326,-0.193959414643657,0.898860219492372
-0.393180317926437,-0.168468939139294,0.903202694230612
-0.447972885347085,-0.147339927252371,0.887916806729365
-0.458451360793643,-0.114398964900859,0.892318387301055
-0.454896726755896,-0.109006381119509,0.89474608917693
-0.466864829002644,-0.0733985539883455,0.878388618542572
-0.489901478536888,-0.0639376126669271,0.869964034839426
-0.512169047110219,-0.0307065873084775,0.854427619507386
-0.523622972601641,-0.0157244714864661,0.864455470817954
-0.525607296210571,0.0314673164779741,0.844393990253791
-0.556174955978405,0.067987872759406,0.832798789831948
-0.569389103219671,0.097773572448044,0.819974881136872
-0.581790986590971,0.106836199804889,0.802646501429193
-0.601871554779001,0.162684674858778,0.808891550130713
-0.597792524362496,0.149733823050529,0.773598847475866
-0.616649833824333,0.197334157558788,0.752351666986408
-0.655484648058438,0.198932918565109,0.75172115228852
-0.634650447706921,0.245812968464931,0.72671892144029
-0.649109122176276,0.261425498663983,0.7161941446873
-0.679489537613861,0.295683463717456,0.680642218941531
-0.678201760995858,0.321533500017787,0.674333400601173
-0.698567311963345,0.352229673611605,0.647908458918482
-0.696256989861345,0.359949123021227,0.616599569375925
-0.709207244108768,0.383833128446486,0.593863227600129
-0.705169969407211,0.420791105635092,0.570067645363223
-0.727093808710284,0.430517643412683,0.541828474579578
-0.7460017602459,0.452153930175904,0.515455259397119
-0.740357670219028,0.465469017007844,0.486347736702414
-0.76159602250229,0.474179248479536,0.454601157631762
-0.764346095319935,0.508845416152957,0.417181399876575
-0.771087525388776,0.49751635193686,0.385562998423928
-0.774458005766543,0.514861363812368,0.377517800922176
-0.78165558377388,0.51786721022444,0.347118067376398
-0.769689263034997,0.53729885092285,0.287046296410572
-0.79579780561964,0.546161739419971,0.270805236592349
-0.798813435215809,0.559969553420831,0.238613228184187
-0.815678266955784,0.551013625651326,0.197084444988754
-0.811030444071888,0.562652235536891,0.169596410404077
-0.845675912529696,0.563606993576571,0.148062642280752
-0.825316627126959,0.581053776487869,0.10502530091426
-0.815854967544414,0.574103825669688,0.0548074744902352
-0.819419191666491,0.588012012650931,0.0347533163690519
-0.820491367235592,0.560813011804957,0.00144212929758693
-0.820481862247095,0.568903723708177,-0.0356793707011534
-0.828204867255509,0.579766578671467,-0.0858730291519882
-0.799906968436012,0.555658399831197,-0.0907766804726081
-0.848690714433105,0.535500672286326,-0.131961524534299
-0.824366645316722,0.514586029044446,-0.157977218991847
-0.845009678050759,0.52038458892303,-0.188347421412521
-0.826659543427873,0.518404044476835,-0.2177808931841
-0.838592408642217,0.494618628418478,-0.264243681539392
-0.846414917884759,0.4853028467255,-0.286086896071669
-0.830267886726936,0.468237718970693,-0.310778978660167
-0.824207267415044,0.4532552405294,-0.336768558083539
-0.824005138589166,0.412815583004633,-0.376924351719486
-0.810437917810304,0.382329122884456,-0.398273290281746
-0.84624025987602,0.386506740246349,-0.416671601065803
-0.819623315450701,0.352385195893721,-0.470949395515121
-0.809202262664078,0.305837107506385,-0.49262828853903
-0.811447544965031,0.293324673247668,-0.492653748264283
-0.799818701798892,0.286245585435778,-0.525646102986214
-0.797702939087988,0.250988361705917,-0.533028956421623
-0.791223464816761,0.231425714595488,-0.56180717879282
-0.793564681093513,0.203586518144039,-0.597648128998063
-0.791372964427563,0.150055417061861,-0.598850707551873
-0.77021742729046,0.142582412995231,-0.622765831768219
-0.776133199797649,0.104345144939672,-0.631083782817498
-0.758411969649597,0.0764003564609709,-0.65148604504719
-0.755307757812102,0.0181213082840331,-0.645021152951404
-0.751257962415877,-0.00405087771705331,-0.669500701647702
-0.750801233467529,-0.0239538364145659,-0.68336537776712
-0.696081482362637,-0.0425804879810529,-0.712241331037107
-0.705736502424599,-0.102379078698671,-0.699107290935452
-0.696974250769854,-0.112373851668598,-0.707844583241134
-0.666999501257787,-0.157256213129417,-0.708893521903439
-0.66463868970656,-0.184107709600539,-0.709187783993834
-0.654675198438168,-0.225742498921507,-0.73578526772901
-0.621203435583242,-0.25542185464611,-0.723099559685209
-0.621517089364425,-0.280316421700709,-0.733516025724236
-0.617947000422284,-0.314892188893255,-0.713121458305374
-0.605953822797878,-0.336781201800086,-0.723394807476317
-0.580889542507536,-0.386838487931426,-0.726512336668415
-0.561013128543039,-0.421578132243049,-0.72002894702607
-0.551236040448358,-0.43733235902779,-0.716102998623438
-0.532873203085487,-0.468793380008435,-0.71174640415908
-0.524214967314221,-0.483991131717793,-0.689180833592489
-0.469590363486629,-0.525242696531443,-0.701097946241263
-0.472666115886753,-0.530343760413981,-0.690329920522365
-0.428678974877938,-0.585291601964029,-0.687412221783121
-0.422684985004885,-0.605756119301072,-0.686510588742481
-0.405445853797014,-0.637278780523142,-0.673787215544954
-0.390170197560647,-0.645756026648143,-0.66383087749247
-0.33699710624966,-0.671645266142958,-0.649062242952345
-0.339065687491076,-0.708425420609555,-0.644322856412406
-0.294711089115094,-0.706532223441946,-0.633334017984695
-0.255264018105033,-0.73332104398397,-0.608594875138765
-0.243208889972996,-0.76502401332302,-0.617541578786523
-0.216587271897719,-0.767751791409924,-0.594871387956344
-0.198400994980535,-0.797090483245293,-0.587055573319857
-0.17079973022326,-0.811814963266201,-0.563086913487435
-0.138223240879072,-0.81827038525057,-0.548619363725434
-0.0877121830797774,-0.834504753908292,-0.519723949553047
-0.0906545914360495,-0.84590824693504,-0.521189049878183
-0.0463677143175728,-0.856165157075724,-0.522906066844307
-0.0414212668413002,-0.888654555199607,-0.482546405249835
0.0212096551222706,-0.884920937524157,-0.464898797426463
0.0387011709924401,-0.900812661134095,-0.451309186069713
0.0517812207923043,-0.880961898372068,-0.439464353117195
0.10980557281351,-0.905923426432993,-0.417455099900415
0.118155609289132,-0.927644436687035,-0.412547494135691
0.15542725286509,-0.909672673615645,-0.398414011421338
0.169398698729448,-0.908737976788815,-0.380055793153783
0.217898670218305,-0.918039234714308,-0.339186592976649
0.221832394157523,-0.909340205462654,-0.350596425860055
0.255005086549504,-0.915663404040145,-0.316820933064725
0.30397770037938,-0.902503077236308,-0.308033088421047
0.330965868121167,-0.893009286557881,-0.287277322200956
0.356318934030772,-0.891682466348723,-0.27987022706268
0.386699142782332,-0.896204331515986,-0.25950793700859
0.407426610248656,-0.884909167175845,-0.239001691033195
0.440033593663161,-0.861483132395152,-0.224391246810222
0.463954953255023,-0.864981112616424,-0.203802110515096
0.492132782689332,-0.857657190187354,-0.187447075973073
0.520504149134653,-0.837751786395868,-0.159808338284267
0.531761359175402,-0.833499811776818,-0.173489056127721
0.575764206860081,-0.801477451280289,-0.145681821133128
0.600640345983189,-0.793100518526998,-0.127288114731177
0.615578729064865,-0.774108958656012,-0.114218484856729
0.672071306225048,-0.77237006270388,-0.117266163306782
0.647629264936766,-0.754566164173198,-0.0893107900990908
0.682212725747876,-0.725440295816796,-0.0683589015086244
0.711113397251517,-0.694554080293419,-0.0453515748246054
0.742708203612743,-0.694299683430026,-0.0672287985105707
0.759555620250583,-0.678025417020766,-0.0336143119714963
0.769049195450039,-0.61252699825674,-0.0247525913197338
0.781739786568467,-0.609847646481134,-0.00892996821899575
0.807297389268793,-0.593871802743217,-0.0101382452315908
0.828039242932161,-0.576122099354481,0.00267164929654237
0.857320447657765,-0.539894804679627,0.0197717544915025
0.868170809737578,-0.51203740583274,0.0400190624415687
0.868269246106107,-0.471280539010595,0.0459475282273915
0.884254519936354,-0.462977950612687,0.0416914445327529
0.897049602563435,-0.429889863925353,0.0556461736280064
0.924889863145595,-0.398768487097792,0.0766354227572931
0.918111925646586,-0.356336367099655,0.0700114485667481
0.937455865003848,-0.325956151530848,0.0779671509353563
0.939747600798262,-0.284772621519371,0.0963432616211948
0.948635087593221,-0.268088271043993,0.0922650694044027
0.970319651432901,-0.228262291111729,0.0865009770201444
0.981101143724773,-0.196071428410111,0.10612976736584
0.995688249527499,-0.177605100424257,0.100536194020526
0.952594307504416,-0.152162116703232,0.124177678600298
0.986995706458042,-0.110958828467292,0.115537571273407
0.987712988677941,-0.100126256209141,0.11896099880157
0.977802887261153,-0.0451365117383488,0.127821731306282
0.974488090268699,-0.0181141844018529,0.125247214332849
0.980194332335652,0.0240573026532673,0.133770664401244
0.991886064616731,0.0574757669265355,0.135715263789471
0.991444452232392,0.0881822350875629,0.145761025330472
0.987208319814587,0.128530264683027,0.136438253562573
0.976487463495605,0.1639628730194,0.132473187389621
0.971668369382678,0.18820456464378,0.138739771145657
0.982419271645424,0.222236936767703,0.138917395796677
0.948465141764682,0.24851240570017,0.125034820505626
0.952511847015103,0.283265448274188,0.137038055921889
0.950855302553648,0.327987320940292,0.140575018247699
0.933026551615535,0.344219768852468,0.13541354332938
0.902432590632129,0.3632791323415,0.141322585461115
0.90559517883295,0.40472528686668,0.118059982813879
0.893654067869301,0.434949690051468,0.111760268398813
0.882906897754189,0.456350827092643,0.112185687285994
0.863107025043444,0.467169009073643,0.0991928712002676
0.833223030868001,0.50474778748164,0.103151868112341
0.809642565624161,0.545919595840007,0.0943544215129088
0.814207913274965,0.579218217854126,0.101929939690246
0.795374389486131,0.593631858895611,0.0844861662418437
0.774252065349183,0.633707481820915,0.105899593403763
0.749284096406633,0.631637841089001,0.0880287919369161
0.738045547569201,0.671319320272626,0.0691118140665597
0.736284221818073,0.673379133242189,0.0684804629148792
0.67300351783042,0.713300073429529,0.0692656002450838
0.667490935086287,0.735377663202846,0.0653576018612851
0.649416747030433,0.771329504766771,0.0464218552358226
0.62996906238949,0.792243220656743,0.0638000348435677
0.604876823019457,0.817202447752234,0.0342488271565583
0.550369895314908,0.819010681369576,0.0210036216673207
0.532718332906796,0.84695658088389,0.0133373753862152
0.501666199944695,0.853631659976636,0.0087630796242895
0.489994666828788,0.86442344679922,0.00365790630287723
0.457921042589087,0.903288756432683,-0.011265215439895
0.426829400674655,0.890941095042062,-0.0291308619611995
0.403306587844104,0.913826227412818,-0.0230690890145836
0.359324296352495,0.948047631947575,-0.0367419871368999
0.353221943002435,0.937249161031771,-0.0486661807036569
0.318832143449406,0.955216181077401,-0.0671874123299511
0.261432027304961,0.945721007023199,-0.0777660554848688
0.250190500879106,0.961291874297309,-0.0800598117071931
0.202045810202393,0.979893495745512,-0.0833898212530752
0.186458268017608,0.988460418830819,-0.105846117270571
0.161366684565699,0.985989291940157,-0.105537207811862
0.116080240047878,0.988612497155925,-0.122921497369898
0.082580007899864,0.974617388842457,-0.119023614964682
0.0516626370953809,0.986550328906575,-0.149610330550072
0.0267776492268653,0.954491422962433,-0.15753813933942
-0.0185281139196795,0.976214188245849,-0.161305179727458
-0.0366530388526407,1.00549809593372,-0.177202094332706
-0.0671908189677475,0.965095121136618,-0.184796707230652
-0.111780494728922,0.976961128960974,-0.18414757520992
-0.121787435552371,0.96428539689051,-0.216346619263675
-0.139975810577961,0.986892913029184,-0.213610141055468
-0.200622087927486,0.969074712852362,-0.228243295251886
-0.224883100170925,0.957028143948675,-0.245178761636507
-0.273297098963293,0.94148038287153,-0.238642491707063
-0.278337434679359,0.931957096076832,-0.243504171286629
-0.297359269213992,0.908889241702027,-0.25519231379378
-0.336366178909062,0.895994329500146,-0.281522893157719
-0.359504961294722,0.883501479481405,-0.280277280323545
-0.405501415359622,0.85503140234935,-0.286719546546009
-0.424618062384303,0.867973325124882,-0.291940735271608
-0.438562262015296,0.830615807729989,-0.314745957883546
-0.493825001772277,0.824582117031316,-0.290321255643105
-0.495975748635743,0.792791997986496,-0.315221670964647
-0.544436476585656,0.765087295509024,-0.322493803664588
-0.565442959918904,0.762541827047462,-0.32492264726083
-0.575736235448821,0.747583378152293,-0.358707002925806
-0.596555053168253,0.737682218870635,-0.34744960510306
-0.646668276092197,0.688600030088865,-0.360059954101884
-0.645861825766454,0.671487929427575,-0.359169399504392
-0.676833784421431,0.635430877314773,-0.372031900645447
-0.683156124758114,0.596860752282025,-0.373337560247101
-0.710624070288216,0.582720038630583,-0.372172227730735
-0.734367310085251,0.552357759029951,-0.378399756151042
-0.755543354622192,0.529986873755872,-0.389494479880089
-0.769489973890913,0.48653125192988,-0.388905829693065
-0.793972784581426,0.467102721355784,-0.382373317848639
-0.812560403842198,0.452764546313585,-0.382087177471286
-0.820932343643223,0.42017154239813,-0.386276437742018
-0.834527310914604,0.392463656903251,-0.403487984241475
-0.833654307037167,0.345892424036233,-0.408019247344289
-0.843042725598108,0.324460141031422,-0.388386506119671
-0.876125266190268,0.282048597849868,-0.416156478238003
-0.874974752666973,0.258237436026743,-0.390310466560968
-0.887626054592685,0.214041794318454,-0.391566358251035
-0.887632770908929,0.203187462782169,-0.394659500870774
-0.936507133848025,0.157001645431384,-0.375527821429715
-0.905382251597698,0.132570066232547,-0.384362624672673
-0.919342146817055,0.0862377794191906,-0.376594608363716
-0.936299891434203,0.0524798743666338,-0.364108636101782
-0.943631714275082,0.0295583476055001,-0.359451703596601
-0.941063545101019,-0.00524212812932685,-0.337410782728196
-0.931111464377113,-0.0315052516978671,-0.353335559829517
-0.95985786751637,-0.0861316841383146,-0.306891827513434
-0.928846600397762,-0.0939399088982433,-0.330654695338366
-0.954324331550774,-0.123690534247267,-0.297381969946285
-0.959765653484888,-0.166081985997715,-0.299527745217254
-0.961286738437175,-0.183936765862785,-0.290994280854391
-0.910771788664189,-0.22630571170329,-0.272222233798708
-0.94407132024604,-0.2604616403118,-0.270719525504899
-0.920653270606605,-0.269563424292813,-0.253326560915114
-0.914536470811674,-0.318023079020514,-0.231196041133314
-0.898873728852036,-0.340014721926273,-0.22595849500459
-0.916633859273325,-0.372113989036932,-0.20094097310556
-0.908713763800995,-0.39597904341953,-0.171244055520149
-0.892429450425525,-0.426618785476274,-0.183248199996007
-0.889236515158803,-0.465394449325395,-0.147855101117561
-0.863114651479881,-0.459401695622666,-0.111881637823553
-0.859918293906629,-0.503437313075904,-0.0988107781660406
-0.840821793770133,-0.515230172859549,-0.0792698740536118
-0.852423676686439,-0.540887935532156,-0.0642407127505685
-0.830635337778825,-0.57512018052759,-0.0298751466170809
-0.8175906623993,-0.601349840765507,-0.0160248534050488
-0.769021273174264,-0.606362900361271,0.00599808376751845
-0.790096974344455,-0.608472470286205,0.0287127696251258
-0.756868185468543,-0.652712933153347,0.0602913747693679
-0.74270687288447,-0.67089730972108,0.0783627103310618
-0.736558919887852,-0.672670680775325,0.10089541836087
-0.716554710189048,-0.69811517753701,0.126661527461576
-0.68764704928167,-0.680731077411985,0.143559551572645
-0.650365822660277,-0.693335885913953,0.181022940439052
-0.664907250781145,-0.727426194228991,0.216314786571807
-0.651283720247344,-0.733339646106827,0.244039433829393
-0.618787481896248,-0.725461934377627,0.266903756165358
-0.609935865975441,-0.746125426359364,0.298356847178404
-0.593917559531645,-0.732390803017857,0.325274917930909
-0.562694655957285,-0.747114345212979,0.349814269473363
-0.503504592300096,-0.748256065611131,0.359755653669938
-0.503153174434554,-0.741037477534234,0.395988085605711
-0.474474727382715,-0.739679309292637,0.431834631404168
-0.495519189305108,-0.754874841267057,0.444507225978753
-0.470805221464569,-0.749994049338943,0.492982918187807
-0.449033219112417,-0.714162961242537,0.526280861564584
-0.422607193746014,-0.728059627642661,0.55149924638331
-0.417939465363326,-0.709544366841309,0.562828424234861
-0.388209331372059,-0.71303233370905,0.600681059030086
-0.372145179140064,-0.705507902876384,0.62712732850883
-0.347172800771973,-0.677168615804851,0.644039287783249
-0.318106004250672,-0.693146111660979,0.677736526120548
-0.278233837246522,-0.638664323398895,0.703303370479417
-0.283168691699868,-0.631303594763162,0.723030071723111
-0.258604539766527,-0.623314246668685,0.741593093382181
-0.241510885031398,-0.599980340053179,0.774307030999256
-0.18818882316017,-0.586818105697281,0.789098858340472
-0.216432447405596,-0.53860019514807,0.821347580041238
-0.199018784585779,-0.508677209563795,0.819437662364847
-0.156048513449291,-0.492496070321996,0.848645776678641
-0.11101655118661,-0.448911178331371,0.864542152044659
-0.142437996824337,-0.457072479301537,0.876765639576557
-0.108940736930848,-0.437416795792619,0.900461339485325
-0.0545341112272444,-0.40385819105696,0.910381115342215
-0.0466493578250012,-0.355038095896473,0.929748056376883
-0.0291674577398419,-0.329089476366129,0.934750019160317
-0.0173777302560769,-0.311378456376529,0.942224469576615
0.00405152319239396,-0.276580781077383,0.957749349790145
0.0186707694275875,-0.235649276051927,0.970743832902246
0.0361551808807272,-0.211318972514149,0.975286279523807
0.0429065734442533,-0.17416490783716,0.992844798518553
0.0642585546678845,-0.129559468989295,0.98263825736228
0.0861064082959428,-0.126480113490185,0.981754272487663
0.0956827992461341,-0.0807171824784534,1.00348485145095
0.131807432946112,-0.0419341241535154,1.00035508923901
0.112982063762901,-0.0209658310123427,0.992528341759546
0.170057310430697,0.00115858438069064,0.977182397059353
0.188797179592317,0.0463680438740128,0.985755430932263
0.185255938365953,0.0621240281923099,0.983737591586199
0.229175489482009,0.129467854700159,0.953999722229021
0.21602826165757,0.127470169238098,0.961621783188812
0.242397765444571,0.188349128263139,0.937730505743269
0.246225770340258,0.206917940036679,0.950811475012837
0.275158035971777,0.221870543887907,0.927335987627989
0.282471686903361,0.264436921373081,0.921838517525617
0.322460986582576,0.273507119746061,0.895484998425984
0.333526707665116,0.340310828946003,0.890032929973978
0.353869182039407,0.362015245244765,0.856091580269434
0.367658099309387,0.388956257213859,0.859866217556928
0.398089650875307,0.404635602137733,0.822459796633676
0.415541693762087,0.414650269593127,0.812844493238108
0.427150686162404,0.457967692912268,0.781839926341965
0.448673297732434,0.47607696160177,0.755456460920812
0.460005902330799,0.504756455101045,0.740726512143146
0.471478362904197,0.511706330061768,0.7142427771639
0.497708022046242,0.523621905598838,0.69165436234288
0.514946223430436,0.555908015793683,0.66930789502519
0.546356882800399,0.53581735586152,0.636819014328157
0.546049364768292,0.561577184628852,0.602891507292652
0.567480822519589,0.5893040124265,0.588100671338123
0.581476825360116,0.584482388612095,0.554548996701753
0.591948523114367,0.595631724301966,0.533702432217961
0.638484630469259,0.606716265571983,0.506637641897494
0.613419332733719,0.631017247610131,0.464427718797421
0.644696546589616,0.615845976265623,0.448804885421809
0.658264006963375,0.625277404964078,0.440456434237186
0.666230009868279,0.626950424185482,0.409200127380209
0.675497207002973,0.63352071902986,0.347289996805387
0.717312854166242,0.630967710688815,0.332026200615464
0.716434578850522,0.627063260335694,0.310559183867316
0.706917978976791,0.602501315853676,0.274388973234172
0.741112456190354,0.611768320950424,0.227361461271617
0.752217919139282,0.603644992924291,0.205505490487227
0.766483995937053,0.595167191008064,0.175198103614097
0.806786293825804,0.580370211027898,0.170240260185659
0.798927429307819,0.563746555559216,0.122551141510177
0.827464912645881,0.578262883572019,0.0998529635524338
0.83175143304074,0.559838682553113,0.0595696094918883
0.832865998358416,0.518570054210638,0.043829231321562
0.862695660122369,0.529774250355871,0.0394188512574424
0.863850863785233,0.481773373188575,0.011094501860024
0.887563772267855,0.480197071007565,-0.0276835561157139
0.891014735485032,0.470475195877171,-0.0479193231170893
0.889138135029445,0.444875052588724,-0.0758222129623329
0.889268800216867,0.438179379315307,-0.0997060071401015
0.914968342256188,0.391962386417947,-0.130305982484126
0.912585452649704,0.374244150690624,-0.131841094953006
0.927470112930435,0.35822540618274,-0.175858930056727
0.914021651114013,0.328547989075421,-0.185043777084363
0.946486642087599,0.315144235348348,-0.207631283322487
0.945688593065312,0.288517449929747,-0.217678724204479
0.958293515442362,0.257575350315533,-0.235941448892668
0.951936080533215,0.219766373966121,-0.256849239316085
0.947570321781286,0.188930485860306,-0.271575701992956
0.965903159832678,0.161930188014715,-0.260265701675043
0.941072586686588,0.13473439948191,-0.283201805558327
0.977392291635449,0.10275252464283,-0.317936663102005
0.952616226171244,0.0540859710419764,-0.323671766393112
0.943960663756273,0.052320135348936,-0.321534745330326
0.937271820108884,0.0148257206271872,-0.346623348354743
0.941742869313794,-0.00610941291201467,-0.352933714561151
0.925256854574221,-0.0637442463312401,-0.354874721705077
0.939529520599396,-0.0673922705503354,-0.370783914780402
0.918697475787385,-0.128919104472745,-0.362123305564145
0.908369800165288,-0.159372162037822,-0.363345716446986
0.910833675672098,-0.178506759228298,-0.397418547804653
0.897062833149218,-0.212654639912394,-0.402447920710237
0.878952863211636,-0.254464416463726,-0.391371343058532
0.85848398775379,-0.270675043464796,-0.384044380528418
0.855202457028778,-0.313372581043989,-0.397031035337804
0.860830754959885,-0.338338595624461,-0.400530157563013
0.826733017271441,-0.377775424625495,-0.398198184353441
0.838653062210735,-0.398980136869917,-0.415512412516072
0.808157535738617,-0.43651095696891,-0.405599560073682
0.784095402291075,-0.474703736070741,-0.404199096999227
0.760265176061886,-0.498663962338605,-0.398513438020295
0.75416764679415,-0.525349718621302,-0.398819636954612
0.733889877964313,-0.546382168279016,-0.383572677639066
0.721675319024546,-0.581470155555507,-0.385533687247454
0.69102068592195,-0.624382389687087,-0.405326165306517
0.652283027479455,-0.63487111289839,-0.385707345323609
0.642769446454348,-0.657013087049923,-0.381245141189637
0.621543656422698,-0.675705118869966,-0.363219216674615
0.635861597997891,-0.701678807358606,-0.364313771974836
0.575541219304929,-0.731250574683576,-0.356613211090356
0.5368331314333,-0.754683930124434,-0.341744002714688
0.526303342433305,-0.767755599477329,-0.332888252894355
0.520807446549429,-0.784697018365527,-0.353759001357688
0.474704744218429,-0.803686323711312,-0.321550200478592
0.4549592560441,-0.827073220649341,-0.306270526548925
0.429577694293862,-0.857364640227825,-0.307695984274474
0.397490609824488,-0.856855034227628,-0.293820192317622
0.378531559559603,-0.880223776857528,-0.290563665126183
0.344025835764679,-0.894451283201787,-0.289188589345543
0.316466860679259,-0.900643811822905,-0.268151671156934
0.304059657835773,-0.916633264208035,-0.260661031221947
0.25333939937328,-0.937720364615617,-0.242797661264666
0.234374802065235,-0.948064874144496,-0.230328691167791
0.216249176902917,-0.944222429683457,-0.217182928812792
0.154419811528475,-0.96900330574024,-0.208788713745438
0.132345139714246,-0.987431440941591,-0.212203376673126
0.115110854269394,-0.983961764627793,-0.170641808970308
0.044483588407415,-0.977511347778179,-0.17611048051445
0.0311105214340313,-0.98125061646922,-0.171920332129437
0.0194853823926646,-0.986882927105091,-0.168016050848575
-0.0518270099817084,-0.993450466950828,-0.13035708360049
-0.0514645634130183,-0.989306678613556,-0.12392881567416
-0.101957714243757,-0.974795881646641,-0.125834090487317
-0.115814680417097,-0.991243616128693,-0.104621975520799
-0.171123684754137,-0.969190505930026,-0.0896023852976337
-0.1540576005727,-0.9646761996537,-0.0843179188320115
-0.220848527393529,-0.993862673049844,-0.0693271149971766
-0.237461996873662,-0.957760809545163,-0.0683327706952825
-0.260939093678146,-0.960368535346452,-0.0550212781028219
-0.291412992405635,-0.949808353845731,-0.0391142669151454
-0.307917251287685,-0.936146474425203,-0.0275364850593564
-0.356990623729541,-0.93159301926901,-0.0129223805011993
-0.384091229465271,-0.927051663552127,-0.0100527011525018
-0.414075193393467,-0.888090756804,0.00350320133914749
-0.459218926700883,-0.89717311436033,0.0144685518162643
-0.478852712982517,-0.874546323098572,0.0271542247883387
-0.509591557754753,-0.868497865742031,0.0276940610921733
-0.539791955571057,-0.86199613259905,0.0453172837194604
-0.568964631729564,-0.836880348546435,0.0565722071881777
-0.596220595942465,-0.810973201176019,0.0712371751259752
-0.618582202630603,-0.779319692589494,0.0630166771351878
-0.636244528594227,-0.785940481615363,0.0839730233746799
-0.67154639945835,-0.755337914715533,0.0891266138032599
-0.693128194739859,-0.748740743010091,0.109621368722775
-0.676925807013192,-0.679275427821485,0.104501820507171
-0.723652740511915,-0.684554426987852,0.119777987482513
-0.755339266949231,-0.67559660413978,0.127563175595742
-0.779348996068917,-0.650190487035287,0.155682736571723
-0.786754351668921,-0.599457001727782,0.150441970747813
-0.823066295925386,-0.573197521539166,0.151640666647143
-0.819351805756392,-0.547808046188017,0.148186545706097
-0.828495585569322,-0.530169554234519,0.151943749756985
-0.844514348202831,-0.474874518900377,0.159394040136243
-0.874631372576084,-0.459686996265301,0.178402907277092
-0.870926374751192,-0.430904060236465,0.167713471365894
-0.888328961619198,-0.404576081083893,0.189765709566673
-0.92546735069715,-0.372465719687525,0.193768098825941
-0.925724761032147,-0.349164192622657,0.178101313532646
-0.933489313829726,-0.313220512863761,0.19012573321585
-0.95025606700629,-0.278741588427357,0.186575697145944
-0.952403877739116,-0.2561879439317,0.191983411182749
-0.911874882319379,-0.177605293367232,0.201844946723072
-0.952129344416089,-0.195487669399944,0.192509145677051
-0.974617183127109,-0.144187528432496,0.202416275889182
-0.970100619932388,-0.120200179419507,0.191090358486386
-0.974666712529166,-0.0716146053142938,0.202204983409088
-0.97480463429232,-0.0434825430624499,0.203594752520821
-0.997920151058541,-0.0177311614594075,0.195508477747578
-1.00320471765099,0.00111475560275746,0.196407157529084
-0.96757036401447,0.0469915566193706,0.197970973293164
-0.986674539291385,0.0591203904032326,0.19661122947885
-0.984419174450925,0.127176297805568,0.206528567470594
-0.973434841977402,0.160490975568125,0.196752786516938
-0.981176500516066,0.179863949716001,0.188833726106364
-0.951616347504883,0.220589967101987,0.187466603535411
-0.942740430196971,0.242466002302876,0.18141366882183
-0.97042785764859,0.264244852351917,0.185987694851465
-0.942071642973042,0.31224689902136,0.182114832605881
-0.934887181780547,0.329866430751925,0.160410942382917
-0.907769957734544,0.369199932140851,0.149426941440023
-0.920392133200528,0.397094269385801,0.150901165032211
-0.894931199656196,0.428606234322813,0.136250587338502
-0.867973777447541,0.438351559051599,0.140645881712564
-0.85184438471289,0.481281912741551,0.130707105378914
-0.84086947094143,0.511949623345614,0.123375820336265
-0.822962575637544,0.536345491853122,0.12270538824966
-0.797357644836975,0.576972516814599,0.10601473625027
-0.806713540108978,0.604347887528458,0.0874408915629946
-0.754228704982254,0.631502253604277,0.0896196656957423
-0.758632317134374,0.627260973781437,0.0699048141074105
-0.728878543793456,0.700123130522827,0.0735256316432317
-0.708290323483778,0.692437738932895,0.0596115891658465
-0.678361804519209,0.718356204228455,0.0637162415151182
-0.682239421786295,0.737988902588791,0.0378981461605701
-0.667813588982112,0.768521661211369,0.0265465654733151
-0.619053315086242,0.791743105288633,0.0221156521118422
-0.585658274165596,0.797801086287577,0.00113104849273178
-0.565917321336684,0.807456282008781,-0.0189968111982964
-0.549654486271756,0.838359061254523,-0.00752826619580856
-0.50846606191479,0.849526953186495,-0.0415170502542695
-0.472714308188847,0.898410982066345,-0.0499308094165256
-0.4699527623858,0.868068548198056,-0.05280873726344
-0.432906552177779,0.908579576382354,-0.0845010817698003
-0.40540736636962,0.901388536389404,-0.0782383269054288
-0.386573296454005,0.917944682453288,-0.10612902911026
-0.338958469759025,0.9337846550172,-0.126925895600745
-0.329637573868663,0.926302534245668,-0.12645994719385
-0.288506154101621,0.928026838974717,-0.161792614522164
-0.263405321181497,0.958858225033534,-0.159564421314923
-0.251862229144423,0.939846808377725,-0.166069178089523
-0.204830124449,0.956778333248468,-0.178228156632161
-0.182601213247815,0.964956234175389,-0.20073220823811
-0.132671574387216,0.956939730604393,-0.216215358295408
-0.0788700455208871,0.951358244829026,-0.230878396995312
-0.084747159329423,0.956823164175005,-0.25560281720934
-0.045518792224985,0.98844083462452,-0.272263177666576
-0.0146516351095416,0.955241787102557,-0.261348286336465
0.0156735886365037,0.955556575934349,-0.287972142543902
0.0391610793106159,0.963154844671738,-0.309962023439294
0.0556361211219188,0.947183915734711,-0.308249371486734
0.0846140186794506,0.934376072512413,-0.327007484837941
0.105508016981099,0.934442350605424,-0.343461518934223
0.160947616906642,0.910652137316765,-0.364120062862368
0.188699721140884,0.917495357808857,-0.372961838266244
0.212231402088027,0.912338011307207,-0.39275560987387
0.235213071002075,0.877179800320329,-0.396590494490284
0.27574156916315,0.877160943576333,-0.417516515812796
0.331515970349403,0.835695321686128,-0.43377294666042
0.327706278210249,0.836638552823542,-0.429543292586906
0.358449853620998,0.817050386850002,-0.453290163491774
0.391513504201644,0.792639595135316,-0.461207164039906
0.389424885124969,0.778599406058586,-0.483357258741009
0.42611991184414,0.76224491159166,-0.495965381518528
0.447089488467434,0.721721551674622,-0.514131041991578
0.481784747729774,0.727902137685874,-0.507763734468848
0.504706203217487,0.681372249549649,-0.499905021889349
0.527843131811741,0.681945285457676,-0.520002915653754
0.55038284636586,0.654832134554123,-0.522036491768277
0.574295615116008,0.631496809028438,-0.522205922152442
0.596265512856772,0.588796204617686,-0.539389714121802
0.622085311554238,0.573084757271216,-0.551408135714193
0.646560849121458,0.548042417554669,-0.552724510587207
0.659076213081251,0.495235437156563,-0.566731615153167
0.658064097979099,0.465804432433279,-0.56036208979276
0.674111269538646,0.473078702868437,-0.557015848115112
0.685781947466429,0.407194657643847,-0.563623682931388
0.706536885497186,0.384329099502023,-0.554527243063787
0.741075408230341,0.358377766222755,-0.573374838227691
0.751238080607403,0.313676603509705,-0.559505686916552
0.766666916818518,0.304904211169576,-0.551245643238487
0.798685614113595,0.265375369674656,-0.563553778827148
0.783319103130925,0.234402287620121,-0.545960752105942
0.805939381385485,0.199885875067345,-0.544258039981747
0.831709695736789,0.155419552335288,-0.541784608278018
0.833922311924893,0.136643724520265,-0.529327941329842
0.836689839134312,0.0975333937280343,-0.526071438885186
0.855545138310172,0.0726070261300806,-0.513395668061173
0.839552243838455,0.0313166348985462,-0.535407169520524
0.87170702559253,0.00176093176814685,-0.501074075002151
0.884244502479825,-0.0180174243333663,-0.491519880465707
0.867510738768556,-0.0524026832408212,-0.468384137001947
0.864544220785835,-0.0810192108255597,-0.452527283549174
0.870164225515397,-0.102897544057715,-0.438753791732474
0.880485771858138,-0.154721627574366,-0.423741432110101
0.904147740912634,-0.160658711220152,-0.405797561922207
0.88235135256567,-0.189274552510656,-0.398317026623325
0.891685101422559,-0.23872659906527,-0.363696588564494
0.901794521914174,-0.237869134259688,-0.34193983740924
0.886355185928134,-0.267734564696321,-0.33324004602252
0.911255145349344,-0.286692068601409,-0.305347437843344
0.889530008479457,-0.3240839434664,-0.285752027170199
0.936708999494741,-0.330979735034216,-0.246975930696765
0.901557848887911,-0.364406488119821,-0.23527691604162
0.887807941078744,-0.374488973700472,-0.216761472519888
0.874724135700708,-0.398129572131786,-0.202225255193104
0.865717235202077,-0.422652121019609,-0.169487674293497
0.873328947476778,-0.443986769798816,-0.138161257086052
0.877500252063642,-0.454819238696357,-0.116473555859092
0.860677882625813,-0.494536363681381,-0.0791180338645262
0.878611400808558,-0.49206437042436,-0.0438677134924914
0.871655014424987,-0.48587379036624,-0.0108318959490048
0.850867839921684,-0.515975722973732,0.012928292321556
0.844967689055239,-0.500349961301955,0.0536302103610961
0.847676911740216,-0.527070891057371,0.0777854417809045
0.831659657552813,-0.529907384728156,0.100135028780846
0.833741071182635,-0.52060968614797,0.141397309189747
0.838879020719611,-0.544381917621325,0.168770639593764
0.805207380105923,-0.532656021831286,0.201860245074691
0.824885012614058,-0.523802730107166,0.234779873274064
0.79462696619545,-0.539113306586126,0.244753562524097
0.78672374854355,-0.54687089712452,0.302563914593386
0.794311854340746,-0.523454214570747,0.320854920816643
0.775988836912927,-0.501672336645528,0.36626878355744
0.759466293242099,-0.508869546044367,0.376747154432021
0.760245853452053,-0.492847972068913,0.423763139048627
0.726951802580467,-0.484908015927664,0.43943101983841
0.730998192380205,-0.468830105401725,0.478099273254938
0.723359982254572,-0.456576401963737,0.51842209950425
0.707315143269165,-0.461877182814151,0.523771311396372
0.69273976217679,-0.437994517953707,0.565982400776338
0.667953109030985,-0.410697720208222,0.580955329785653
0.695598832052124,-0.401452412204627,0.612747520918589
0.659457355557448,-0.379693584735667,0.636302575276023
0.656501046416558,-0.355838658057145,0.671951336954169
0.654160051071931,-0.307400879351991,0.681125700001132
0.648380867157025,-0.324683367692056,0.71324656253525
0.627604882543072,-0.281604971872856,0.734074823113235
0.621191260594053,-0.240424673332214,0.750543980097783
0.604986156465216,-0.231453510768319,0.757392032343058
0.581301027656818,-0.194829292539922,0.792588989544863
0.561541897700918,-0.173475513825975,0.827133767894251
0.549899379826665,-0.11864787451684,0.823386645018413
0.536701706890809,-0.109945896981892,0.828305681635896
0.534957898789852,-0.0634513822267564,0.82726543209263
0.539212196030624,-0.0379543285173078,0.847609165018285
0.498111052953247,-0.012342596110622,0.866229024957158
0.498985095090601,0.028344890007049,0.868146073996538
0.46717420287113,0.0561759240829922,0.880479714792985
0.46661832951719,0.0740203575919423,0.889769001151119
0.439974254689029,0.128000595116269,0.877902595596139
0.419786202527827,0.146265100197784,0.873565552820208
0.417908768544969,0.208220915096523,0.891570757289478
0.388779875230598,0.205710655695228,0.900002930068181
0.362852515265103,0.241440324695549,0.910157275203374
0.338970422308593,0.268191512713783,0.89412558045868
0.329091025794774,0.321309013499982,0.907627217527134
0.29983481608816,0.330300831583318,0.891803074848774
0.287757426492341,0.389056224517742,0.893953583430067
0.279460527084861,0.404645265202474,0.8704696295931
0.26183550780914,0.440354885856196,0.86619305111417
0.255513705840887,0.465056233645607,0.854613019369552
0.21569547384326,0.497282886713726,0.842392845643675
0.188906129355381,0.538147054184125,0.829914280595616
0.179868840544013,0.54896700699907,0.835873717533316
0.152807846352506,0.540153104553982,0.803646980555296
0.130347599420182,0.593837999214871,0.812128986759785
0.118618719426107,0.62076467522791,0.780189803760012
0.0597257199489763,0.657041335177507,0.765244211359557
0.0365203053575461,0.663991846431705,0.749034210241042
0.0248712110758588,0.685927915035798,0.723971406194175
-0.00838703714282898,0.681755572142239,0.710375512834105
-0.0236600632854567,0.723793655319999,0.679932543832722
-0.0428434134994903,0.720932050644712,0.6899435180656
-0.0662275753903809,0.765974271547879,0.656757230558691
-0.0784338260099692,0.756314001317743,0.643595796220958
-0.0966719636288254,0.760552587223943,0.61032881221291
-0.147290392739618,0.795698039468821,0.582577727144449
-0.161086268436103,0.811859849488649,0.569344134777273
-0.191148049957844,0.8016769421245,0.546709882792366
-0.221344675832622,0.810139662501768,0.523285048388072
-0.242898631215097,0.832929045679408,0.50844313596454
-0.258693094799359,0.85079703016098,0.469442734812525
-0.301576455454374,0.839960403983131,0.465975623277189
-0.300497314194315,0.843620287772149,0.424484634170018
-0.360109642035893,0.852687015267661,0.407270644910463
-0.381078284300534,0.842655879666186,0.368224119078778
-0.386523906049303,0.844069483419128,0.373797228708941
-0.433154582865885,0.853169450420435,0.337684825075621
-0.440268162207334,0.847490689263153,0.322874950151591
-0.478750837533051,0.848488497897904,0.279067168411965
-0.50297852806077,0.821324148744845,0.274002000392324
-0.526835539477402,0.824454314942001,0.247706579210228
-0.535531855957688,0.818503270388053,0.210628888093995
-0.548393567986499,0.804195295309672,0.204512579527859
-0.59549811011069,0.791532767660416,0.184638031577478
-0.59365252162981,0.778445344721565,0.138338975145222
-0.641372368628511,0.767180903144109,0.14055745861153
-0.643949845602154,0.744259844808612,0.131715052258757
-0.66977118798699,0.743757127335316,0.087292940555366
-0.704760246343786,0.724372103028052,0.0801975588107433
-0.688999765806276,0.69464924941222,0.0365883684549604
-0.710895685595581,0.683782764421452,0.0210966560629321
-0.756175401189159,0.651475518360792,0.0235747400752662
-0.760318470116842,0.64187350198072,-0.00404063937702149
-0.795012875041262,0.627142948569614,-0.0208779083392426
-0.804994617221577,0.59197461272178,-0.0417744403447011
-0.828699592077656,0.577619536062664,-0.0460428840535905
-0.803146266016332,0.551744612154337,-0.0830214063450847
-0.845396903541299,0.509437566109873,-0.0950488597504117
-0.869668512975894,0.484666755983954,-0.101428646904763
-0.88822451344724,0.473301611351282,-0.113177397421858
-0.874201680847371,0.439237707936479,-0.129410374175303
-0.876218418726464,0.411997350880663,-0.150206649492729
-0.88706266328602,0.356088411395387,-0.163977755027625
-0.888649182412091,0.348319534192252,-0.178706469168448
-0.941851705001358,0.330188370274125,-0.202807404313601
-0.944442606066372,0.297491408792075,-0.195747198580528
-0.933985419036925,0.262488766982892,-0.200750333698771
-0.963175192541937,0.23137919447315,-0.229189869399694
-0.942955316517653,0.194952116992128,-0.219926157869249
-0.963051738598972,0.169174377772034,-0.224889107641945
-0.983659488382466,0.113221605549332,-0.255887447267591
-0.951319416562805,0.105781521300711,-0.256274900749777
-0.944502208380303,0.0705500826314844,-0.270916481296208
-0.975260672967719,0.0207038999156021,-0.25309534363804
-0.969293660109893,-0.00980105715026589,-0.272322953418007
-0.970283484788601,-0.0215462003629428,-0.26938236207996
-0.953554737103779,-0.0586943041147225,-0.277915605818487
-0.9649150722411,-0.0908312246952311,-0.28878633866028
-0.961550167325192,-0.140797769360575,-0.276513393831509
-0.930709070983958,-0.179996893695747,-0.288680629058155
-0.932735357565332,-0.200841302078515,-0.283414982134208
-0.924871717076112,-0.228486192951807,-0.296795337860974
-0.910914736148961,-0.250004372527267,-0.289903764563802
-0.912284437389988,-0.281583105110118,-0.302062950541424
-0.89685474281307,-0.308093343369017,-0.29648150542469
-0.897171944700958,-0.334048239949369,-0.296479874792459
-0.868871349945523,-0.393416166934648,-0.289994489761633
-0.854971135057601,-0.415425290784439,-0.288836190321632
-0.831481745477255,-0.460045897977077,-0.287602430096094
-0.854953549462876,-0.475808693631924,-0.26978348650707
-0.802952152151089,-0.504090783044867,-0.288080609055027
-0.790785008818277,-0.521559335416185,-0.282350219137928
-0.759510144911406,-0.568770764789528,-0.295606998241942
-0.769373337685221,-0.590504869084335,-0.27686264650945
-0.750863075367761,-0.601004303306904,-0.284142572501378
-0.726015687035125,-0.651109630272262,-0.26835030142844
-0.706835336536152,-0.661174472487929,-0.268947227787601
-0.686653482428987,-0.68970526826915,-0.244848248915097
-0.676436694805458,-0.695950527355134,-0.256550261705652
-0.622471560961595,-0.725790900177604,-0.232168801977324
-0.61244996409014,-0.759148348101641,-0.237423782652533
-0.58866057106594,-0.777829730955308,-0.226312677473673
-0.560076391940551,-0.799575273793417,-0.199346187479291
-0.529769943166377,-0.812834423183249,-0.219687131433311
-0.509409238052599,-0.842723302976227,-0.202406687481046
-0.485493027646442,-0.87632560984801,-0.198027082141206
-0.453278059070694,-0.8703842477669,-0.191203830215753
-0.410827028502994,-0.879074360251912,-0.196104532534165
-0.40952379130007,-0.898848443656236,-0.172276395542484
-0.373234295593749,-0.904558013318273,-0.166758094161298
-0.330733353429275,-0.92693870212128,-0.15168852860564
-0.28374576630054,-0.943643449924816,-0.164583583629847
-0.259688548099496,-0.961416075271415,-0.129169110074907
-0.248614328861712,-0.946067633628365,-0.138361499310706
-0.224125499774739,-0.960323812311524,-0.13329453971736
-0.171207621053156,-0.972420699100142,-0.113885896941559
-0.152346467839834,-0.962009129067251,-0.106864320970825
-0.119032332717194,-0.99865173363101,-0.0993726108070164
-0.0922098809892477,-0.97496162306805,-0.0874807708131834
-0.0617912736250827,-1.00066075251743,-0.0669254676509551
-0.0376222661263165,-0.991406921621068,-0.0752473350632332
0.00861628463695477,-1.01749333274767,-0.0484989424102858
0.0504598156879904,-1.00476840196735,-0.0417435254592221
0.0757942154752072,-0.984016083233218,-0.0345260130043875
0.118179139016177,-0.994481601159629,-0.0312220420745622
0.136680174458621,-0.992043577102441,-0.00780597068844097
0.167935705971149,-0.993975947134306,-0.00679620552566092
0.214389797833394,-0.983064422653829,-0.00249138818958981
0.243000217008928,-0.970688554168962,0.00927810791964773
0.252895141954888,-0.979914314015718,0.0248272466250028
0.288618465979697,-0.951630686264127,0.0188548338106253
0.338848285258693,-0.938975692443621,0.0261107135733763
0.365572978443507,-0.93911136483197,0.0519783810167789
0.384956297429249,-0.930178144894946,0.0340097117275257
0.417978240676316,-0.911060817769278,0.061732704666801
0.445300403987945,-0.900413610608078,0.081415562450173
0.470316106612454,-0.888350529788434,0.0914150403252939
0.502037383686395,-0.848278944297995,0.0830318362060687
0.512625455629199,-0.841431930359113,0.105558257126431
0.560304288980697,-0.825775181918955,0.104719438352036
0.584293798070006,-0.786102279311456,0.120675945481373
0.602890666251373,-0.793049125137309,0.126234372160296
0.620846136648505,-0.763827939723852,0.135255475452001
0.662198740336638,-0.737860752153514,0.146101910484639
0.697003055484989,-0.741122587979083,0.126110872590933
0.686054604873882,-0.719927209797467,0.145717021187827
0.715261036494708,-0.671907565278004,0.155273250299413
0.732315250362499,-0.658395672953824,0.165741798335367
0.756545544825757,-0.638588127895847,0.16410061758215
0.783401695464095,-0.602001881889692,0.173475253598547
0.802564035479719,-0.573011526653622,0.171444242315035
0.823447219079182,-0.547812542626027,0.166565616356081
0.833170109893186,-0.513944056191069,0.183477458390021
0.851009810990568,-0.491414359804189,0.187556079143169
0.865411641100353,-0.448954664152043,0.183536643915731
0.881222436232059,-0.428713759230767,0.179036532487966
0.883598321963605,-0.408115218890385,0.205145034394788
0.905085223822814,-0.357270795280182,0.192579231335883
0.941841114758395,-0.325687065098617,0.178852015103509
0.925961808260369,-0.295666127878026,0.193413180279376
0.967272366807147,-0.272976766445109,0.176767170262055
0.953890459156255,-0.250962642556924,0.191438669442272
0.969400788839299,-0.205806123041905,0.191531344812801
0.96068317345245,-0.178845775235124,0.187392825526603
0.934824590227666,-0.141785828798118,0.195717031655699
0.957900402236323,-0.128848701413966,0.190397075471186
0.959146751970499,-0.0980026966310868,0.188968171411046
0.972326788069013,-0.0342526692026295,0.165232203545337
0.974603953679429,-0.0121906161273381,0.177595362665261
0.988559473941447,0.020268835397551,0.165708906135721
0.975605557417577,0.055372491356242,0.159470508166551
0.986574603911359,0.0945037148940845,0.136782530761116
1.00120025691853,0.109109465504371,0.161661555235492
0.994931860862325,0.132155988190134,0.145580135330543
1.01406339800096,0.17782449538445,0.139185357934189
0.970764231741548,0.223612090313476,0.137055430576316
0.949116202059564,0.236215351436615,0.123705189999943
0.952870521239627,0.298578443513714,0.113258231821201
0.950913944873847,0.29354176911067,0.0903119750245858
0.946336552196989,0.330253802663174,0.0964838216660063
0.916723697760742,0.370456305738383,0.064587934778807
0.935184700154544,0.399675207260721,0.0688110801918253
0.89038279448886,0.413718464554446,0.0602672774891117
0.906746029446681,0.435558781272591,0.0561395378962449
0.912425528509702,0.468792521024365,0.0350261650104161
0.856603861083726,0.480838446695398,0.0326097153831947
0.85811373657608,0.519605815406216,0.00556243515079832
0.831150123163859,0.533993662588326,-0.0337857919035429
0.816890723420453,0.568554464059883,-0.0295127439513369
0.789958319263819,0.577102789169144,-0.0433105950224398
0.784292153426435,0.607713734019251,-0.0517802307701224
0.760394249752157,0.639010029046346,-0.0847963963449847
0.735137048924349,0.664620586753439,-0.0962036565069945
0.726498474136449,0.700942916336043,-0.101178942966019
0.7166403492075,0.723762993123422,-0.116258847427846
0.68776088694429,0.736620985308106,-0.151808625594695
0.652972593476567,0.75326096304525,-0.158098056274041
0.638594552866315,0.752357782462829,-0.182556080019579
0.612893938197546,0.757522884034458,-0.203656430516629
0.581840663836299,0.77373365313285,-0.22326012822801
0.587320562537,0.789648411199251,-0.230620260488558
0.544117685235753,0.796367366706078,-0.24774343290979
0.539368650737303,0.80768491986425,-0.265187510501192
0.502624980363802,0.819083122029188,-0.281179838656974
0.490557189378457,0.832189540105827,-0.318248031183612
0.440073161532039,0.826364376521932,-0.325318229922892
0.396537978874489,0.824774938736807,-0.362747126018084
0.397247911293626,0.816759636584044,-0.378064653940886
0.378448253559214,0.827788286266118,-0.406895590851128
0.328774410446755,0.854643002161494,-0.423300572340281
0.314349664140828,0.827473697604999,-0.445882939623401
0.311675348253989,0.838872403943995,-0.466551261850224
0.250288773167803,0.833262543488331,-0.48261060891215
0.221781435364612,0.838683601552166,-0.489539643176537
0.193336022585957,0.799015471984993,-0.530370423133977
0.195272719184933,0.813567707481329,-0.554094219907538
0.15991626632895,0.79435183740208,-0.586445210099786
0.152980939776771,0.799401299926723,-0.604245384001319
0.120844496941041,0.771310031870581,-0.613710633025331
0.0909301951104627,0.763567053608201,-0.635295225528491
0.0566141320435995,0.779024493331818,-0.648735045026575
0.02593157810405,0.741009350762776,-0.672273559173238
0.0214554902616982,0.724930903231963,-0.695632535081793
-0.0165110637530446,0.709185530611549,-0.699165858540532
-0.0324856575657868,0.703422426632365,-0.718520979464298
-0.060896227461519,0.692257901025219,-0.750890675231605
-0.0969429381848933,0.633239555366569,-0.746061490884967
-0.116246235755923,0.626268276169344,-0.784929331728496
-0.137720667803629,0.6038952658555,-0.796152282413657
-0.177120155013008,0.574222927957972,-0.799158095189099
-0.205801294122677,0.555322316566616,-0.804435828318301
-0.212628331542479,0.524658221941911,-0.819196293900123
-0.216546522398448,0.501286652900276,-0.837560467871897
-0.268906323264149,0.467270022532821,-0.836653172750406
-0.273873531598298,0.457943033223313,-0.846659955956357
-0.288539181682602,0.429243934754366,-0.847374703800245
-0.306271355440904,0.396158123148963,-0.867591791551942
-0.348139404236483,0.355454313464948,-0.868668453863793
-0.365822571253945,0.335023179197556,-0.873892300550109
-0.369897214225947,0.302528575515759,-0.880343916689259
-0.38974143219456,0.267575335301398,-0.874477035128417
-0.408471720389478,0.207831239949408,-0.886097526447119
-0.422424227983277,0.21357588138875,-0.872005478319114
-0.453246427527634,0.178522115053952,-0.879716293582796
-0.460848193148399,0.138393084040767,-0.87915360785762
-0.472675402532135,0.108021475788028,-0.880950097239504
-0.502725162635818,0.0824587322571748,-0.871561384683566
-0.487974196832537,0.0308203661324496,-0.868185338132992
-0.502638674283807,0.0228041592512454,-0.865371316902998
-0.531740897509504,-0.0107451471668986,-0.835067646415776
-0.563789822347051,-0.0405064663458846,-0.829738199977207
-0.558872524179061,-0.0910717641026694,-0.831540341925882
-0.573567567133264,-0.122772348821463,-0.789968511703491
-0.585102826558503,-0.152682365141919,-0.795688996358728
-0.607182225708933,-0.159613095574504,-0.775294080963296
-0.610750448063895,-0.198950506080386,-0.763877323622534
-0.624426244081651,-0.245620662252884,-0.749632785314722
-0.61493213594408,-0.259130688017992,-0.725774410568046
-0.624599379932849,-0.294226956860242,-0.703065866704446
-0.673172946381413,-0.317085050609882,-0.69516891335236
-0.678150132307094,-0.337332885608759,-0.657326839654208
-0.686657258627963,-0.375854437439907,-0.633552122777719
-0.682980662322088,-0.412538799241715,-0.621065045072611
-0.716558735072036,-0.418201168195357,-0.599715433183105
-0.695478930300948,-0.447984587039039,-0.568275892253113
-0.690990814616279,-0.43387694875009,-0.54058136784379
-0.721723491285869,-0.45507738436078,-0.508742743048435
-0.708595888835341,-0.483460220467647,-0.474551772192984
-0.741761314869351,-0.490729373174489,-0.438521142654014
-0.752874277842241,-0.518760634913526,-0.420803507238317
-0.750817645103775,-0.519226243402006,-0.378551513752095
-0.769081555883709,-0.543334172229513,-0.356401730889986
-0.7422169818524,-0.574561615114523,-0.324030179386394
-0.764109357863164,-0.573036996818398,-0.285687242843445
-0.771986403350751,-0.557879623737723,-0.262243362714982
-0.788219612996064,-0.581527296710629,-0.220749455330016
-0.787597662924349,-0.586394773674808,-0.179788204329449
-0.792580950796751,-0.586779430254033,-0.151087106588676
-0.791206629910601,-0.571488128104471,-0.115443239910674
-0.809111011965126,-0.58766481464617,-0.0844443159628729
-0.818844172495737,-0.581985320543007,-0.0450807745458178
-0.800118862673243,-0.567085098212417,-0.00365793165396541
-0.840595203087633,-0.568362660047602,0.0141015513039454
-0.806275105307351,-0.554613727773899,0.0413330811372859
-0.822792499482973,-0.544556878074253,0.0784253236515627
-0.857485581525923,-0.53108449791837,0.0795671489986072
-0.834398510510018,-0.545405794772564,0.138612979392706
-0.821262529323758,-0.520587866220731,0.187920180287964
-0.830978916027968,-0.503240691582241,0.194008115759737
-0.848257948403384,-0.481062843911815,0.211266045372261
-0.836093146218383,-0.464163957800306,0.267373315533427
-0.81958472280486,-0.451212555474251,0.279789946332668
-0.830623544067069,-0.418754481690103,0.314232364008499
-0.852214334301334,-0.405099417037264,0.333634856167365
-0.843717388065234,-0.391893183542309,0.362376118915293
-0.831772831031577,-0.361135643091332,0.405254180870058
-0.855289633105436,-0.335345211600111,0.409414154808943
-0.832521271719449,-0.298102524305511,0.448915120811282
-0.863229389244883,-0.279475372905944,0.463896272258553
-0.830285386835424,-0.264333732738532,0.470180511643211
-0.819775903252833,-0.235777789720436,0.501333954706176
-0.824284213319135,-0.175369693992764,0.541506418110805
-0.837462648571636,-0.178354460498554,0.550621195888754
-0.841100306552035,-0.130646044704343,0.555512236726136
-0.792661258156568,-0.121190142857787,0.565591407129211
-0.774694154856101,-0.0744404370945841,0.58418564048656
-0.807940957330775,-0.0389879281138595,0.604608320322802
-0.814760354767966,-0.0289094439836515,0.641489065808547
-0.778507462330781,-0.00758493083563495,0.619002224384219
-0.773942649662128,0.0528290990487121,0.634020816527869
-0.75736832612382,0.0778961189763017,0.636361023328942
-0.733401565169788,0.107121184506778,0.648308993755232
-0.733665308594658,0.142374430213754,0.65496254106566
-0.722145038396989,0.197775857193773,0.668668704350995
-0.718605544650188,0.198445616206183,0.668802004084168
-0.716041085984723,0.258707400261264,0.675138304353858
-0.696535118797251,0.2729527170952,0.664360726497155
-0.660093604872846,0.302239134040536,0.678175042821963
-0.646873744784066,0.344517649565691,0.670938121057549
-0.652524865383539,0.364807401637757,0.671932953796022
-0.612194418676389,0.377788590242729,0.685323877056719
-0.595643234981858,0.415766116394783,0.672571495570635
-0.570499121265577,0.48290835028482,0.666814511430464
-0.544529556688775,0.477610190460421,0.669365766063492
-0.543865172055147,0.518114404003644,0.658501804155144
-0.53798222997878,0.539021882814353,0.661922533519179
-0.505553221520614,0.567406061351115,0.654698891725941
-0.470921687885518,0.588398760592695,0.64157094665122
-0.444377086546243,0.625313760154227,0.623562650491524
-0.413037833397475,0.640353383517364,0.620837770958754
-0.425538012621658,0.668407920164524,0.617863386701601
-0.387930975922664,0.684144117610168,0.594444873010506
-0.322606702954826,0.732164164476998,0.592244652550382
-0.335429589176067,0.740004905155818,0.58638826235333
-0.315255331803134,0.76599102376262,0.564973049441644
-0.25832081403343,0.757675657981474,0.560362926745606
-0.244917018762779,0.795108493533783,0.537040703447075
-0.217308905947002,0.812590636124058,0.529981826915644
-0.196227833647464,0.83452883211813,0.542433376076179
-0.174545414553141,0.838063918699187,0.506326506316259
-0.168797087588094,0.859597940229283,0.479253216373341
-0.120277714824161,0.86439174132213,0.489617551272475
-0.122104942747074,0.887342889540962,0.463652712600037
-0.0752684601111102,0.888371279894523,0.455102095616382
-0.0356462850065909,0.882358863934351,0.448848303545011
0.00113661992545483,0.898474923087305,0.432875661387271
0.0325603975982868,0.899284422996903,0.412517650918667
0.0357038605688013,0.906086805048156,0.393768758562019
0.092096059968356,0.923081615749058,0.358328308416245
0.126631362623594,0.938823952134429,0.368439214726065
0.139310053527973,0.922671758309677,0.335381038649136
0.178853458898652,0.930422958760518,0.320878535956293
0.216497017338902,0.936427183195741,0.316696536685821
0.225540509728802,0.910921411027649,0.302932395231057
0.281600269802759,0.909327463444856,0.2613580330425
0.3105816044346,0.918102529129913,0.274186547812107
0.334020091588322,0.900407223822991,0.245568986307599
0.340559500826254,0.907911868255061,0.243918032702128
0.379835751161738,0.876597161921994,0.230088352242226
0.407326350696701,0.885049294259703,0.18508060784703
0.439656999536032,0.882684751673031,0.190555260737522
0.44943913059546,0.860795343392897,0.166148853484511
0.511375363304364,0.848830787276579,0.156430904108714
0.505425261054996,0.852782406720565,0.14387368790691
0.543327516907201,0.839180066037477,0.135187819098124
0.577703860132077,0.791785284873686,0.118854417578262
0.605079367440897,0.801658365780497,0.109565496377018
0.643769742798886,0.794237127828165,0.0776534304776603
0.631912252667576,0.760331159908757,0.0710078795059651
0.66450976107732,0.75558229003948,0.0580985048195214
0.684813069068127,0.719988194715296,0.0571064779228549
0.72307897916653,0.700253650435362,0.0358189666664754
0.743302609909971,0.687456120830878,0.0306156387471101
0.792459772941188,0.658304905731358,0.0173149020851368
0.771726284407882,0.63954345894636,0.000115157690436005
0.804279938447119,0.628364056817742,-0.00643836529133716
0.80967449588409,0.577614556643733,-0.0195261985047126
0.807458344655025,0.556489202475663,-0.0323785452094163
0.860332690254136,0.533326986196392,-0.0352270001401292
0.878079457536656,0.485854271252134,-0.0407657127382139
0.86332802815189,0.469000557202615,-0.0494686134282082
0.901313743211792,0.439338506107378,-0.0559016728568285
0.921567135957734,0.410420665259096,-0.0772575224360411
0.916113280078835,0.395984513078042,-0.0761692552703396
0.917824250611417,0.36033432981295,-0.0805890619906822
0.932903656674147,0.317080207956695,-0.0845080709694607
0.948115429114267,0.294442341262188,-0.100412160099528
0.950438279235057,0.257760446911742,-0.108974491147737
0.979563085387546,0.233543022913419,-0.121279427972485
0.964861711271293,0.214761340513065,-0.115622949258761
0.99807218897826,0.164219584504954,-0.12171512898305
0.96849609081998,0.151295862742918,-0.123850024394833
0.989759015889254,0.0897910234579261,-0.126168356847702
0.995292370964754,0.0611484614865821,-0.124046626652082
0.995506725607948,0.0605987007688098,-0.123195512056209
1.0008885632323,0.00550979863036046,-0.134701139857923
0.989558512461346,-0.0333360449739296,-0.120863723757973
0.996786563463094,-0.0463207735623624,-0.122286147491337
0.98347463783562,-0.0956488031822448,-0.128037978189244
0.995222803107204,-0.112718234769092,-0.12617337457167
0.994923391431823,-0.151070128723821,-0.123652961699528
0.97081898068151,-0.178868358115037,-0.145215744319585
0.98308501505257,-0.237468826996947,-0.129557918696776
0.95244951222352,-0.263701989451001,-0.12652141343594
0.952050944746211,-0.268074030673833,-0.128307393195736
0.945389812904743,-0.311677430072834,-0.114031755330908
0.941489436857129,-0.344963870925112,-0.123169303222568
0.937785885472555,-0.378020750811484,-0.11399773178864
0.892881164033354,-0.414835567321623,-0.108996396947628
0.89795633948177,-0.424884979982655,-0.11997307158793
0.888020059823195,-0.463406233730371,-0.110418034600119
0.880837284609625,-0.478638239184805,-0.126024239356825
0.848368931392358,-0.531520094983064,-0.102285941374655
0.819180373727265,-0.533538562646599,-0.0847454871940028
0.815663074592413,-0.569844176878315,-0.0859513483910613
0.798392048585153,-0.600985185079203,-0.0853272366180363
0.776586727381703,-0.632719902435441,-0.0805244596894002
0.746663181553369,-0.655741853304661,-0.0702357368039353
0.759517336245872,-0.690908579781496,-0.0733388077198005
0.709702803434078,-0.703016542184462,-0.0628036995272489
0.687958969870613,-0.717288971015546,-0.059493639724826
0.655579921687104,-0.761022071499457,-0.0394594460369233
0.6384200278199,-0.761156945974073,-0.0429669160831989
0.615275024260019,-0.790046597432801,-0.0128046631709158
0.589987854058857,-0.813546919327912,-0.0180099727946729
0.553729173620323,-0.811512859459509,-0.0124087705451857
0.514128705085629,-0.846718953649246,0.0124278549818714
0.514643386343437,-0.858534141286075,0.0259459359716031
0.471793202985773,-0.873610627473624,0.0130036730395855
0.441249450152047,-0.894634620680137,0.0362689920739462
0.447279247193381,-0.895056472531979,0.0292445170808784
0.390805699201178,-0.922754360225415,0.0478913501605061
0.378300535291118,-0.923909644847684,0.0679739965411688
0.341560148959973,-0.946919618133816,0.0787670411697391
0.287738060042515,-0.940308270920783,0.0863657294723719
0.287231529782411,-0.971026043901431,0.0901772704175915
0.243467571611457,-0.962665069765511,0.109824135226155
0.220964789575462,-0.962706676796778,0.11393434667737
0.201833333792861,-0.977624038993845,0.1242549170215
0.143261659656231,-0.979633535647723,0.141501429846855
0.104066526837942,-0.980008156515945,0.140020120577302
0.0972351678185374,-1.0035730442062,0.14080591435192
0.0759932857630399,-0.984644296889038,0.150239587979514
0.00427230822203207,-0.984685106263914,0.182470534930937
-0.00251509524999452,-0.970000101497397,0.192044786467208
-0.0388822126179303,-0.967499248538187,0.218139436039294
-0.0689426501117709,-0.977033478051504,0.220962740024889
-0.106600823517685,-0.985212155218141,0.222916169221736
-0.128450101966787,-0.961526574994091,0.223610738138231
-0.169520224740189,-0.963200187547165,0.253083198538659
-0.194447472205795,-0.940567468684513,0.259529018382614
-0.225545414088709,-0.958737562664758,0.269492890548857
-0.244696667745596,-0.934811346153647,0.275294348666198
-0.288381922057175,-0.897706406309479,0.284326620347086
-0.309918078703907,-0.913624259679171,0.289439021687465
-0.357920897421707,-0.881705448047576,0.310383273057155
-0.38009103938933,-0.843899866499947,0.320963450912256
-0.393229022411079,-0.837765306583834,0.300960399225204
-0.426960404040149,-0.841522042359805,0.334202296746268
-0.465671963250263,-0.818203069279209,0.322042172146902
-0.478382082858603,-0.799886627802849,0.348650119519851
-0.501352260144915,-0.792694295697676,0.362311048278533
-0.535857843320903,-0.781745171359636,0.363379423305984
-0.563745588411859,-0.753598763905357,0.377403824591731
-0.579975186567366,-0.722805723303693,0.374382084872165
-0.583670561184475,-0.683862159593611,0.38228907102346
-0.62594524238366,-0.656839149240715,0.405983775893514
-0.635797958322942,-0.650943548078217,0.391619385903602
-0.661560882372908,-0.631140877462363,0.392977149901127
-0.695773972266855,-0.586091089829687,0.407648365105226
-0.708445196962678,-0.557065763918217,0.412001186294888
-0.744472192467314,-0.532924747251236,0.418478520475872
-0.750077759708878,-0.517447962753447,0.412916582086551
-0.766860975598332,-0.492641375714919,0.41584400108446
-0.801393945482339,-0.46084364108833,0.416671725814954
-0.792154326681707,-0.409334577704938,0.430710454922153
-0.801466572437571,-0.386971374470512,0.427366940744736
-0.819228278770614,-0.371088910245857,0.430827379074031
-0.856208167009271,-0.326463034694589,0.415908382290619
-0.865806273397805,-0.306128951758347,0.411054952591044
-0.865274207130799,-0.25743110582784,0.416749362361967
-0.870002528658006,-0.235136714969897,0.427008039863534
-0.887616650560744,-0.201707492123214,0.434674861662539
-0.880478788969894,-0.181636281581802,0.418987667485584
-0.913496555655199,-0.139915512468422,0.407346854766006
-0.898560523510942,-0.110821976451766,0.403240038588511
-0.893590517971655,-0.0936472264158656,0.38335221454699
-0.905646856645767,-0.0442195609107756,0.384462017010045
-0.913089720900745,0.0147957867644295,0.364208695844632
-0.93862885963538,0.0223474165941833,0.368958383688409
-0.928590750739015,0.0526089600047204,0.369601476939531
-0.942384611601155,0.0897680563512099,0.357440721980926
-0.92727960851627,0.11343227426887,0.338651824461539
-0.935354972368129,0.144939174329662,0.337653365253525
-0.932670108604616,0.17639449755388,0.306578214629178
-0.92669894132587,0.197620777711922,0.285690728187241
-0.922885634401643,0.230121424675611,0.281904146251392
-0.912019256253422,0.283432626059326,0.281903513412362
-0.929143651921524,0.311265197190037,0.256247559023937
-0.896210257712469,0.334065714372044,0.242976369800372
-0.891392409665535,0.355317389749245,0.214783454755468
-0.914470024857773,0.384998104094356,0.204450146339766
-0.89962371307041,0.413389403138972,0.178783563801233
-0.887385815959674,0.446634285766175,0.168453439411472
-0.858998460958363,0.45244514974344,0.139947726051308
-0.85515284192104,0.47397594352399,0.136779413448467
-0.849771508074287,0.504667413344983,0.106751992580664
-0.83686119562663,0.53360148286094,0.0687513476707257
-0.851156498994755,0.54241515152006,0.0473145501793203
-0.811788563360445,0.579789450280558,0.0200792933121307
-0.794270083898592,0.599262957412228,0.000934823537405995
-0.802432908643643,0.618542446038072,-0.0235994651805502
-0.789177482954734,0.628206050109663,-0.0433002535064109
-0.780123961228213,0.660226497771493,-0.0934152187825673
-0.767261037743819,0.667332966203539,-0.0983140859560333
-0.73716224724714,0.667688830277549,-0.121842397426571
-0.726673025502856,0.688494386957301,-0.150059363562264
-0.700436135418989,0.691035561342841,-0.189416896426698
-0.693726405712368,0.69321158985873,-0.202623010308986
-0.669296621998806,0.699997408684944,-0.248761998345447
-0.662940353525345,0.710420995972739,-0.259921888988096
-0.616640432356725,0.721370018249491,-0.301962198643998
-0.618322884306977,0.721590586599566,-0.319369508437565
-0.583978190281972,0.697391110375167,-0.35616271589362
-0.589374962302111,0.713939682996596,-0.369976539720783
-0.568657968668217,0.699727999196973,-0.411931056513931
-0.542131142468557,0.710340293062562,-0.435962472542017
-0.515003947307776,0.714463231240046,-0.475647543608493
-0.498788389140973,0.701387354036147,-0.499834770086644
