0.999973433153015,-0.00326934933391715,-0.00602436334798166,0.00248019945912347
0.999916857614433,-0.00762428298762993,-0.00960069802766122,0.0039968443532705
0.999543147611451,-0.0297612594172817,0.00508438899207131,-0.00138292786056243
0.999137321147035,-0.027506313601342,-0.0284212355036007,0.0126589721399523
0.999855936704556,-0.0151721640391018,-0.00616930691184859,0.00445543794166651
0.999831641946196,-0.0176294617473277,0.00496995622220907,0.00109058554068463
0.999820352345289,-0.0123749342794742,-0.0113491372540323,0.00879324293481537
0.999716603094779,-0.0152088944800379,0.0182531487392547,-0.00149183994880472
0.999933100471377,-0.00914985592143481,0.00162533897767447,0.00688716135457903
0.99991386921044,-8.78242662940986e-05,0.0122923936917449,0.00459820669751839
0.999927415360684,0.0035442233574891,0.000512432402966977,0.0115039082022624
0.999746302617668,-0.00561527524038358,0.0210996042038524,0.00553224987842125
0.999858491913773,-0.00228311768908461,0.011396413521006,0.0121616314855684
0.999265511163242,0.00833345443544876,0.0371452997513814,0.00438388448946912
0.999616255166198,0.0145823041581334,0.0177221677900149,0.0155120463436622
0.999514563782393,0.0113981388274619,0.0240827184488321,0.0161475041501003
0.999367254416838,0.0218056642801044,0.0159903505108618,0.0231065465873616
0.998939476195718,0.0278789318646412,0.029985967023638,0.0210601480898943
0.99866020001279,0.0299053007408427,0.0358101376716401,0.0223855296553942
0.998700750129914,0.0263238297041066,0.0338698461232211,0.0275082024721045
0.997693358773029,0.0339688109256736,0.0541519452571826,0.0228396271718859
0.99788809712072,0.0404558141965885,0.0363304661488431,0.0355354745555382
0.995914447940238,0.0526356259114071,0.0686789382882934,0.0258284088630857
0.997137590367685,0.0491119736276582,0.030476088859674,0.0487426705253142
0.995230304839741,0.0620174085335038,0.0652247636216696,0.0376325866488444
0.994047008830385,0.0641560368798507,0.0803995354585719,0.0359229991131328
0.994164062104465,0.0654810640436356,0.0727989280798005,0.0452809445804281
0.993430445230672,0.0711859402738313,0.073803554099885,0.0508089342374382
0.99125433187106,0.0815812067160857,0.0921523004620892,0.0476162763889592
0.989187772736354,0.0984723418050534,0.094940821364692,0.052886563576366
0.987978641767157,0.0977139102951828,0.107643031643591,0.0525658908925332
0.988295529544613,0.107605762902633,0.0760051990178365,0.0769165508491824
0.98429084838408,0.121425756604604,0.109928219143899,0.0659021855191367
0.98040137998157,0.128809194294144,0.137836444035676,0.0567665420043146
0.980676137834091,0.133546323257696,0.122760739886796,0.073276824232548
0.978014814261373,0.139349789568345,0.137354478803848,0.0721277088577794
0.974750957172899,0.161676869913976,0.127312816849219,0.0866753015065672
0.970441712338339,0.164798582858819,0.15989095913037,0.0742912594450305
0.971283442682258,0.16461032777758,0.144586558851609,0.0927719837004058
0.961616165708592,0.187840210214559,0.185493661498734,0.0748498952454152
0.966084804317794,0.182734240457376,0.145279503710926,0.110373067512971
0.955817061481013,0.204731731583727,0.1915644946378,0.0883272747156497
0.955304869198544,0.209904915577164,0.178941953706279,0.106359346114371
0.944661984691817,0.22868103776545,0.218739763845555,0.0864386103395094
0.942489034730479,0.232976870133843,0.220682476905859,0.0934635853268222
0.939801034371421,0.244424167665786,0.211669779251026,0.110574620085791
0.933612755795066,0.25817770814943,0.222095971386464,0.111287343059999
0.925582156642398,0.275211978581499,0.235150899000115,0.110725303566536
0.917604357101855,0.28892992157079,0.251722848400171,0.10562836665448
0.914700176238673,0.295013767147179,0.250295988719143,0.116800611358323
0.909285736695464,0.305347846742945,0.255959277626912,0.120195631070119
0.901405514455365,0.315452553083728,0.274795787617661,0.111557430814831
0.894536487328995,0.327082433377472,0.282979449657627,0.112890148748419
0.883947474477274,0.346994213260173,0.291692656994901,0.114661554953952
0.884125756012142,0.341281954930506,0.296663190574801,0.117640240363366
0.867470210484865,0.375247992372374,0.302447992982441,0.123327165226235
0.860218165786312,0.38281338263777,0.315983931101631,0.116759481885719
0.848192094890546,0.398327674015038,0.3310915505315,0.110831491217992
0.845035326211958,0.40509400121649,0.325433536241313,0.126123594627404
0.835695536207326,0.418095768606906,0.331630551533539,0.129730784032591
0.821480655373669,0.433617079309162,0.353274789168357,0.111097635961759
0.817310974112129,0.439740992432653,0.35039511261034,0.125912256071503
0.806632180760161,0.451043663480491,0.363174979957293,0.118355703408097
0.791630334173883,0.471437863624378,0.369344902990417,0.121045848305624
0.781486815441153,0.482009030248384,0.377592796424941,0.119872149136698
0.776805583798941,0.486194281670267,0.379148546662756,0.128197445424777
0.760944301263466,0.502704380881353,0.392505104939837,0.119129418757578
0.749595950684446,0.512701071808086,0.402962543093538,0.113422707373394
0.737670961295859,0.525419085947846,0.406893586258213,0.119222256498125
0.720899419720917,0.540553839920415,0.420013502611139,0.108139865071412
0.714065448216777,0.544696521702273,0.426662878844415,0.106653751573093
0.691947107016447,0.565871089801459,0.436827129647389,0.100901782058112
0.687235206246852,0.568446847307838,0.436917965872666,0.116955735978691
0.670896918038251,0.581826923012955,0.445417713656871,0.113920223774092
0.656215198672831,0.592886136535962,0.455199123961881,0.103254054053935
0.644861547049796,0.599281556799658,0.463386243178226,0.101431703374695
0.634427727817211,0.60534571896213,0.46975572597152,0.101919461477596
0.610782820959513,0.622127223273123,0.482627463699461,0.083503263207131
0.602091817136894,0.626424314918675,0.486583075237379,0.0911862506521466
0.586819600062482,0.63423607496524,0.496754630347965,0.0813768727775339
0.580180824644282,0.636414570514372,0.500633582570204,0.0879358923023542
0.559958468765582,0.648952961469079,0.509343793092824,0.076651598130967
0.555508594731763,0.647924040193377,0.513724418844322,0.0877032542252372
0.527920482721222,0.66484558636823,0.522917407209614,0.0764048129848541
0.519432539648423,0.666271258861905,0.529651439090069,0.0757746622478849
0.511321584962788,0.666896370019318,0.538182809514272,0.0644882310931588
0.492164689052361,0.675999751734947,0.541731830237531,0.085585504682614
0.466969637762044,0.687114239121151,0.554213829583769,0.0515791712170705
0.446831542083737,0.695253861740007,0.560190419923588,0.0561278376610979
0.44150535125634,0.692443771734632,0.568052039668982,0.0539585769441988
0.433740210537471,0.691347025548345,0.574409472979336,0.0629482118885649
0.41151902722825,0.699270777989536,0.583222107083525,0.0390441172019129
0.40047580850417,0.699179691243347,0.590839274170228,0.0409370034783524
0.385500622424428,0.701288751767465,0.598007033498508,0.0443953222887703
0.372315280381326,0.701810339249172,0.605673042997229,0.0447632070344924
0.343289583548913,0.711613611004464,0.61267685472677,0.0196316617257551
0.321007997367019,0.716081047786435,0.61963782664629,0.0151908662215062
0.323014787902862,0.706819786390699,0.62896993808515,0.0215418974985524
0.301793031779421,0.71140890419429,0.634676879417869,-0.00189624230008391
0.271220180175556,0.718771996906869,0.639913492649596,-0.0178087689930022
0.261610803133409,0.714001400901702,0.649424531879924,-0.0030926666229984
0.260040168185067,0.706321771395524,0.658397964875343,-0.000886583881463839
0.237108113262188,0.707819974429571,0.66539727312844,-0.00413465077158676
0.228356793182146,0.703090779224287,0.673380374719134,-0.0086834394378082
0.216694993385333,0.7002631675303,0.679801127428635,-0.0233495864828194
0.181817997845161,0.70583610633243,0.683673610865644,-0.0364417406689487
0.18233669993319,0.69552022810703,0.694393380299595,-0.0286840294854274
0.161217284890565,0.694458395967407,0.700284293500186,-0.0365845814495072
0.148509658854592,0.68972317077228,0.707445250274912,-0.041809649486589
0.109476554872054,0.6943529446431,0.708963901794565,-0.0570881612160338
0.105310947843912,0.686178937773432,0.717187199382717,-0.0609146178016062
0.100820670684746,0.67693040122646,0.726719681473142,-0.0589824449954144
0.0949422827389515,0.668316505709337,0.735143452873802,-0.0624749136979195
0.0574762044020935,0.670811258284511,0.735387349222576,-0.0769037599189572
0.0588968142465599,0.657705300642118,0.747952483750484,-0.0672457049212015
0.0308284645848625,0.655916601231685,0.750039807397802,-0.0791410469900607
0.0197207656159558,0.647151119899793,0.758086676997733,-0.0781735861688508
0.00883511118289767,0.641711517999815,0.760817726513817,-0.0963569172353815
-0.0141216412821928,0.635007805167225,0.766417417624465,-0.0957601617900012
-0.0171080098688043,0.624052309125163,0.775107834926642,-0.0973338364044841
-0.0402370076602291,0.616852473305531,0.780184790893124,-0.0958420651407987
-0.0420662458856022,0.604923625520309,0.789239628371729,-0.0969466206327537
-0.0679829130587707,0.601949117038311,0.787253035217642,-0.115187857734447
-0.0869548338334786,0.594333672116103,0.790300824031035,-0.120958466416571
-0.0898543141689127,0.580413127307222,0.801136215181395,-0.115011167281769
-0.10446636838954,0.571262862799913,0.805205225699474,-0.119958592720183
-0.115731928280537,0.557320695062423,0.814875807829064,-0.109440309970945
-0.13702679373866,0.552807712283634,0.811390352432118,-0.131426736311607
-0.131898110698974,0.534417170809564,0.826545618240435,-0.117573453234476
-0.165585035449246,0.533133789147598,0.81746166077804,-0.141797010061587
-0.16573334459704,0.518963429401529,0.826651028074159,-0.140916625053324
-0.182081887645389,0.509088117893904,0.828561150191369,-0.145471285153772
-0.183161964246835,0.492692296634073,0.839262504409341,-0.13908430674682
-0.209978367956122,0.485042384291539,0.835723338923658,-0.149028424166515
-0.215634645098946,0.47367472313085,0.839859932677448,-0.15417279261594
-0.222858840094088,0.457946492577964,0.847212083517388,-0.151164257910341
-0.251699567117167,0.449639599758356,0.842395565400519,-0.157611134237767
-0.248532713853242,0.437389152346247,0.848026109550938,-0.166655144158452
-0.260087688601658,0.42169016920416,0.853570465062426,-0.161087729537444
-0.268779570817887,0.410298153604126,0.855189300337277,-0.167523813377791
-0.286657588309016,0.397662663334048,0.855389213573451,-0.167335371506213
-0.296513996483387,0.38333005747352,0.858502937870522,-0.167661034812747
-0.328197705437775,0.374725400834218,0.84961126171568,-0.173285441052917
-0.313015476592086,0.35554786300445,0.863987727085215,-0.170681680249877
-0.317037382140149,0.342952863303346,0.865777942363521,-0.179719744030938
-0.342521466801062,0.331886113496606,0.860882191138035,-0.177235734066083
-0.36454828363495,0.320875035512793,0.854929564360841,-0.182316210100087
-0.36958044798639,0.306495811231221,0.857739595513602,-0.183720974447822
-0.362598940047321,0.284348884368986,0.870143940579093,-0.174691852437827
-0.393412621979683,0.279170814125796,0.855898346514922,-0.186354999504798
-0.38735723588105,0.263369704265609,0.86288336093839,-0.189797460734615
-0.394490782907907,0.24643384440669,0.865164287923953,-0.187451693597803
-0.397531973140128,0.228759086726577,0.869455912042962,-0.183532088706253
-0.43596911788072,0.221373855160452,0.852730378264498,-0.18378097423453
-0.408985881843141,0.197919040960322,0.871549118605165,-0.184284387664538
-0.434302755986331,0.186595053744036,0.862208053413043,-0.182100726771281
-0.444277246322891,0.173632120617401,0.858935816247198,-0.18627635023645
-0.455037694436058,0.158133548192597,0.856946576883334,-0.183240393871747
-0.454122674951105,0.142075471876743,0.859689997128779,-0.185796300347915
-0.465718777101898,0.12908713403356,0.855359911633327,-0.186552818398279
-0.473641682845053,0.112368105886607,0.854321301341241,-0.182132037614942
-0.482754960913469,0.0967535179917985,0.851631960591207,-0.179748179877356
-0.491206607366487,0.0824158161477751,0.848492937277553,-0.178839138664643
-0.498555798833976,0.0676928137093395,0.845648387991435,-0.178153311247972
0.517052785089486,-0.0537501921930653,-0.837009264707812,0.170829813158308
-0.491547918927394,0.0316928997996566,0.851557499989335,-0.179516093184848
0.518969529572474,-0.0213869028767484,-0.83695786102267,0.172379716419951
0.526545892110256,-0.00660277154468018,-0.832928286649202,0.170106720059406
0.528009556841134,0.0115162678275967,-0.832716158095214,0.166304189685345
0.528329817193939,0.0211411536219819,-0.829455529682084,0.180067154603956
0.525964355862494,0.0470718678153226,-0.833305760965911,0.163545847894567
0.54444547651407,0.0586419079713544,-0.821816639091452,0.157345675012937
0.562757977835467,0.0707377014912534,-0.810046012301812,0.148745063528856
0.53703298873695,0.0895719316932157,-0.821671630125505,0.168606554759596
0.5540135060503,0.103838594901168,-0.811187505230607,0.15576075462243
0.567005109052059,0.119817165843605,-0.802280683460632,0.143159903688185
0.564524554314824,0.138090318857248,-0.801468831180391,0.141034761884763
0.557581255465065,0.154556867650808,-0.802188593957059,0.147338989887839
0.560207805554683,0.170088145316413,-0.797614107742957,0.145082640408267
0.57623593343885,0.180467110782479,-0.785226675631321,0.137123443716479
0.585530728549101,0.195687450308012,-0.776488028744665,0.126200352348687
0.58758527434094,0.213583655932077,-0.771463258560038,0.118194788329678
0.571559280404047,0.233877179184309,-0.776118207894482,0.12752247415831
0.579664439354616,0.24803337683225,-0.767053278179699,0.118734368060253
0.595178041828968,0.257362729652429,-0.753484100868658,0.108578237454087
0.589580487842909,0.276766871301011,-0.75137214962648,0.105994528494867
0.593800021930158,0.289714485364218,-0.743625948569709,0.102408493493903
0.607054926540359,0.30206969258755,-0.730006841580714,0.0856050712778927
0.593961662001586,0.322161743221417,-0.731429823344449,0.0918246633490128
0.595074430764771,0.333631608778154,-0.725014397428979,0.0945012962597765
0.605255951906704,0.345250005700647,-0.712684886850992,0.0809192084699487
0.593295930848117,0.363575666761612,-0.712620310310721,0.0893586387013973
0.594078964436844,0.387133874796321,-0.702312198404316,0.0628897684152998
0.596084654572607,0.394949481877413,-0.695530539191174,0.0702514085286062
0.581909609553093,0.416738810099267,-0.694518241420373,0.0731736482701687
0.597779184065171,0.425188487370096,-0.677625484667142,0.051947086885892
0.590648562942585,0.442684983526511,-0.672696627780848,0.0514152450763927
0.599654887646846,0.451546109526738,-0.65954556370851,0.0389843056233946
0.599842564927094,0.463208783259458,-0.651373594254635,0.0365918176752076
0.601475302841635,0.476231034334491,-0.640908298691691,0.0258459798882887
0.599973269426921,0.488616264726403,-0.633003548111056,0.0243460447876574
0.598156610325928,0.502352911375159,-0.624102190956795,0.0186192695674559
0.593939187856637,0.517874570134651,-0.615553682896598,0.0116547933693958
0.593058778753451,0.528519021763912,-0.607320858177677,0.0105025615691071
0.582741998841246,0.547920523201102,-0.600114659064206,0.00756696886423569
0.586893764384571,0.556806803295664,-0.587787502263425,-0.00526738199628398
0.593917266936825,0.562661010456965,-0.574764945165912,-0.0178920416460782
0.581084028873295,0.582320406187449,-0.568258662508251,-0.0180662229145582
0.574805695297372,0.599243209228339,-0.556216891779594,-0.0335969960930221
0.571263707214984,0.608391750660564,-0.550472640207915,-0.0222963434153574
0.567391228309543,0.620346762923027,-0.540904014083359,-0.0256892062317665
0.559723230094591,0.634929328934389,-0.531698653161634,-0.0295160156103222
0.543080100741391,0.654597012666997,-0.525442050387488,-0.0218496423484913
0.549173849148902,0.661089623621577,-0.509148430495577,-0.0462219501400746
0.553807706229593,0.666390356797363,-0.495681988545131,-0.0593319738433145
0.552879925087131,0.67410926042245,-0.485236143898854,-0.066681167525146
0.539419970802663,0.690819938176472,-0.477917388707184,-0.0582140677879169
0.547847319690882,0.692447578185007,-0.460141960321564,-0.0930002264764065
0.526190688585608,0.714905596865445,-0.453429183909846,-0.0802204587067206
0.527307841802679,0.720218758409134,-0.443968330710647,-0.0782528040073137
0.506877271083412,0.740043085918212,-0.437093745853078,-0.0660357507703837
0.519967549470576,0.737601707031792,-0.415871661021193,-0.112375401404509
0.511628922139318,0.748706454274924,-0.406881181029066,-0.110100844147644
0.512391816079282,0.753500337803985,-0.39700309870117,-0.109910906492145
0.506889435829244,0.760906124484634,-0.382866259560199,-0.132281506102961
0.503194065798289,0.769209396867087,-0.373950617812145,-0.123586291127597
0.49449449729329,0.779313393653482,-0.358852125703709,-0.139179662655429
0.491861397753208,0.784951145573059,-0.348205512861409,-0.143794941763354
0.481747825205558,0.7950960656254,-0.335327637315695,-0.152632417883616
0.469849688642442,0.807112312887414,-0.325144334433945,-0.148634270118423
0.475632870881274,0.805819091522746,-0.313734550701614,-0.161243900879229
0.458845885876288,0.821272658845859,-0.301539751476503,-0.155065957341211
0.454155390982965,0.825093603735579,-0.288962623406649,-0.171650890442466
0.460010440578949,0.82162328730539,-0.276984574336292,-0.191324629610481
0.439882367146183,0.840116439039981,-0.266261567982715,-0.172663398970478
0.43840961625578,0.843297538153615,-0.254804979980287,-0.178103039546652
0.429641795759767,0.847298793329047,-0.239479201355346,-0.200355669442291
0.420585573993927,0.85513316299789,-0.228768735514921,-0.198796162287725
0.419652328610131,0.852356620306203,-0.216183321008308,-0.225044188172237
0.412765142877409,0.861771935074705,-0.205953983821036,-0.211085350726274
0.399379209510008,0.869272263440167,-0.192887198023603,-0.218303705564917
0.395487696549786,0.870642837244022,-0.18074547540488,-0.230003489004161
0.37932918727264,0.876379027556147,-0.166453871377837,-0.245687355079889
0.379776518765487,0.880097847107875,-0.15649083236948,-0.238134824615719
0.360350260402344,0.890799888423772,-0.141543271130938,-0.237883902376165
0.359651254129552,0.886266386826152,-0.131414583175379,-0.26060137051443
0.360214909376106,0.889468273403277,-0.122160927657451,-0.253314266132068
0.340115932242016,0.89772129609882,-0.106712873342558,-0.258901506038059
0.334809537491442,0.893906129306879,-0.096522656556279,-0.281988975606634
0.328301161140225,0.905155404698229,-0.0832600138367174,-0.256865355849079
0.321339579177688,0.907915032687718,-0.0722209188110206,-0.259259150580376
0.315621143883994,0.903066546576626,-0.0618381801130526,-0.28465794467717
0.307553483172293,0.907848552714697,-0.049092509386112,-0.280734368833949
0.293459986490837,0.903661020199131,-0.0386695205006772,-0.309487746260997
0.279341779567573,0.912195718721639,-0.0240006134977912,-0.298816183440027
0.267072798615648,0.91723841807226,-0.0101503171153739,-0.29536888074806
0.266076135170554,0.916982847829238,0.000572629415452069,-0.29722990962424
0.252113819611929,0.918693683661362,0.013146015259373,-0.303756020260012
0.240794588056076,0.914296968550669,0.0226375750740522,-0.324910079647782
0.234652806522223,0.917211583331566,0.0350543416317547,-0.320050253751517
0.226069469033163,0.922058742040915,0.0498167010534841,-0.310191179263914
0.20622106977547,0.911399391906134,0.0553182617247957,-0.351800950444335
0.199550226990825,0.919275500472176,0.0721715482056113,-0.331517011281693
0.190277953594669,0.91260456104622,0.0791119912396411,-0.353112600137067
0.180570492427186,0.913490047997471,0.0916578632566547,-0.352886760275029
0.184145352435729,0.91941965650423,0.107993949956391,-0.330295763192297
0.166684840791186,0.918304982872507,0.120235589903692,-0.33834231955588
0.157710105530407,0.909828158522572,0.124653409248425,-0.363045137876487
0.143007722626107,0.91327096676512,0.141512633036113,-0.354202071174609
0.135707851979155,0.909490459697455,0.150417931611722,-0.363021939392329
0.120338168980172,0.908801853796578,0.163562961395143,-0.364479180862301
0.108946177809083,0.905403725018931,0.173872097167158,-0.371676363102808
0.0994880225824622,0.901989543592358,0.183768540749519,-0.377817575085482
0.0942134992943742,0.900387240933443,0.195798667926856,-0.376947628395564
0.079190617362349,0.895921471735441,0.205085438560444,-0.385996794670166
0.0647040698750678,0.890973667541772,0.214425792694459,-0.394969475423253
0.0543728214332141,0.888434020200691,0.227067487359388,-0.395182165872556
0.0444199751206868,0.885909887218407,0.239620810521356,-0.394680129603753
0.0442085049608647,0.884909440642535,0.253630086374599,-0.388140012413632
0.0333963351168221,0.881419212299759,0.265203718793497,-0.389425017850338
0.0109323162003614,0.875175925399448,0.275811520536603,-0.397335612804845
0.0186233967495034,0.871146444429964,0.283036944322075,-0.400808095725828
-0.00807605299196471,0.864335691509796,0.294218053908912,-0.407792013782033
-0.017809353408633,0.857895377039771,0.301061125666618,-0.416005465826237
-0.0231031609063988,0.856577121445568,0.320638765805967,-0.403649180396274
-0.0439908468929926,0.842477518896767,0.313223478025974,-0.436104905219485
-0.0475637087500582,0.843027670760083,0.337787652345874,-0.415862407372235
-0.0614544590226178,0.833982738157509,0.340615846707534,-0.429740604194264
-0.07682822023862,0.824982833243088,0.345289697311041,-0.440767256451773
-0.086036279973144,0.819168563290549,0.357703375874054,-0.440010134352819
-0.108846192381178,0.808570278358584,0.363065311101075,-0.450055764582925
-0.102805772466773,0.807564562163523,0.383852697374485,-0.435806789533481
-0.141314865753588,0.787780358036195,0.366787047193292,-0.474235677928849
-0.129063940206658,0.790757833139785,0.401630847505669,-0.443550685940494
-0.15677121672585,0.775922907060269,0.398132122820654,-0.463526957882448
-0.157601124440858,0.769957767148997,0.405581318956934,-0.466723382845837
-0.165901866070358,0.762553962128369,0.419678277828624,-0.463527959022429
-0.185992829131442,0.751372698429188,0.427907247896081,-0.466627391785913
-0.185188489349312,0.744742989515924,0.432763727571569,-0.473052490827143
-0.200488280321863,0.734617605697528,0.450150221623493,-0.466375600589411
-0.21797951396283,0.721942215906555,0.445990628445062,-0.482054693705642
-0.221763582667994,0.714303850494976,0.46097586560664,-0.477589964193675
-0.237889692257343,0.701713493054785,0.459238145197894,-0.490007136660024
-0.259903412064106,0.686945678657389,0.460806930984409,-0.498209617859898
-0.246689965127509,0.684294092972691,0.480065694915212,-0.490329056852279
-0.270404918168059,0.66874766215942,0.471928651528056,-0.506893571130811
-0.300085782495061,0.649502761389282,0.481845511216851,-0.505884956696872
-0.302651256594784,0.641148956380232,0.482012575483036,-0.514775785843067
-0.314933117388318,0.627894702747372,0.491910836479021,-0.514382253570606
-0.317227321139625,0.618880588587652,0.498101344810408,-0.517927305796906
-0.338290501625013,0.602706183605078,0.489824645445765,-0.531391201911012
-0.340597070525528,0.593236605506658,0.496615882396401,-0.534262698293649
-0.357302502296714,0.576246903756847,0.504958647498644,-0.534126569344284
-0.364845824617303,0.563186908739023,0.515493529082461,-0.532892532841673
-0.379374867495408,0.549509337117746,0.502936099605513,-0.548789101610856
0.383306929683751,-0.538193618898424,-0.508875680700924,0.551787067467702
0.392433982833192,-0.523337994571219,-0.517465459806921,0.551672376019195
0.400371014649606,-0.510761000696723,-0.515112132045167,0.559897974827209
0.411611570633232,-0.492104570730107,-0.529905191034645,0.554625544761434
0.434562602266572,-0.471472635089407,-0.519385164445522,0.564896406456135
0.438912337935267,-0.46193495307058,-0.511755493759592,0.576262417086829
0.448758898110128,-0.446120983087272,-0.512613517797377,0.580361009361956
0.461750229598825,-0.426556570885424,-0.516354028339107,0.581562322299062
0.466996240559673,-0.414652304645075,-0.51166935523072,0.590061393817151
0.481415361093285,-0.393427907989778,-0.51441780366932,0.590616673136004
0.484945912317427,-0.38104666272282,-0.511739327836956,0.598125207042305
0.486872473020959,-0.366567959681286,-0.515562960928165,0.602310517315227
0.501012060636753,-0.346521373847389,-0.511509653578955,0.606026176711015
0.516738558454088,-0.326502719545114,-0.500799189542896,0.612843706086319
0.496757648194582,-0.324559007291805,-0.517744806442328,0.616306421472259
0.520812130232415,-0.300930306097554,-0.498427879593757,0.624311880968541
0.547467640489059,-0.26891090492929,-0.4891351331327,0.62346846701554
0.542698232954892,-0.261242568302777,-0.486940142468331,0.632550587784983
0.54020710900254,-0.244732245594137,-0.498261364445549,0.632469777973959
0.548609333800952,-0.22974005955869,-0.484337400439696,0.641610930732763
0.551229569637278,-0.214370378694405,-0.481541696019025,0.646768039787867
0.560506079173985,-0.190727904953826,-0.480061177344436,0.647299828122644
0.555025466655088,-0.185574886024528,-0.47127470697063,0.659855168662815
0.586163829555695,-0.146799143888272,-0.453288967239655,0.655279397244472
0.577678460892322,-0.13599406419818,-0.45985494875606,0.660550252765451
0.573363476890423,-0.124126318485124,-0.458557621725038,0.66751171374391
0.58392673220637,-0.102652242351941,-0.446078271715569,0.670452283207508
0.584664586195814,-0.0883258035391989,-0.437155634541728,0.677687852381944
0.600891793469619,-0.0557214127093163,-0.429838075232396,0.671612541415846
0.596791919334415,-0.0359198877882938,-0.435510924858352,0.672963149813899
0.602132974296819,-0.0209045283694902,-0.418383073015917,0.679672337359609
0.618728985545439,0.00820034988647772,-0.398517087751183,0.676972176295279
0.585920532788525,0.00418256254033679,-0.422257717236829,0.691648795026312
0.587182947107312,0.0184699439252692,-0.409359248137118,0.69806880302903
0.595561176461464,0.0402282714688307,-0.392410588613681,0.699787468600525
0.608144438665594,0.0697988003105599,-0.378062901758561,0.694519194485806
0.602352599627706,0.0854516676641249,-0.37616670781042,0.69883328924017
0.590383124312859,0.0954392034716047,-0.377558192197264,0.706957520981301
0.593184362378011,0.115006378458461,-0.365395447130595,0.708090398438147
0.597548199005277,0.13783754772198,-0.353478386387605,0.706392235702202
0.58887285271352,0.150458582444622,-0.350650121553194,0.71248541778799
0.588976778134144,0.169225412292758,-0.340475871522607,0.713123618711364
0.591175989571272,0.195444342630808,-0.332071575181046,0.708548464993621
0.567151076406979,0.193695348717474,-0.337367316021505,0.725951143325821
0.571972958473232,0.214898514310724,-0.321299416217859,0.723486177103948
0.573083129842509,0.234272846637269,-0.307631171558138,0.72253375139446
0.551924355602475,0.244907315767749,-0.317991745019597,0.730945389530313
0.54579074855068,0.255994071306014,-0.306041791030927,0.736829638651461
0.547977879510795,0.275912591386565,-0.290976893753618,0.734115067807969
0.526379652584638,0.280445262168481,-0.295251261263394,0.74639239612586
0.545588346151065,0.321638400970497,-0.272386546015786,0.724353273696528
0.511113175763618,0.31279319481999,-0.283095208505586,0.74885301745824
0.523345985676267,0.349359374056799,-0.265523958853407,0.730447831340468
0.503293997017553,0.348819641482252,-0.263086681564287,0.745523579952894
0.488383393897186,0.357130809769399,-0.259085418590537,0.75287050091811
0.48368604939463,0.375718280215202,-0.2501340570695,0.749877678709734
0.468990223721697,0.381713066460247,-0.243444963914631,0.758338878399091
0.477674555145281,0.412254465177335,-0.226755818845672,0.74192659605094
0.467005152520715,0.428670682202456,-0.222619898772916,0.740667276453821
0.452305825261483,0.432317642908383,-0.214695958864281,0.749951025942371
0.441923299303962,0.446767854050682,-0.208570455197755,0.749400191711912
0.421640800368154,0.446930856116656,-0.203688735021139,0.762222240912206
0.420326690817711,0.473219512816929,-0.195853627280116,0.749019440573315
0.40824587271296,0.484553585140837,-0.189443196864528,0.750102930071429
0.396234346087252,0.495515220049603,-0.182742868067177,0.751044641716179
0.377141158390594,0.501933855851838,-0.180363037820222,0.757163209345098
0.363124268101468,0.508378421832947,-0.172210742011678,0.761600687017943
0.355388594657031,0.523659384394753,-0.163895326362534,0.756715348013721
0.333371179311566,0.52233541738267,-0.158146566203884,0.768777622040345
0.322205456292314,0.541231000019201,-0.156596722312872,0.76074313346526
0.311068518303387,0.549621279119416,-0.146774550893153,0.761321257860166
0.292581923676949,0.556343322230626,-0.143498319161249,0.764386131575385
0.274810491062775,0.561648183577021,-0.138293916634581,0.768052930798612
0.268276468124166,0.570732552176985,-0.124010369111224,0.766102812218612
0.252625083100123,0.593504226506036,-0.131477778850482,0.752759519485919
0.230969482386159,0.586655122331485,-0.120176138001875,0.766841940365454
0.208874340730541,0.582698885081017,-0.111255090441284,0.777467571002562
0.191707393817627,0.591086715964903,-0.108357970480006,0.775966055700205
0.188129207064873,0.622098266989747,-0.111875188186594,0.751721417764394
0.17338685924246,0.619683675855289,-0.0968141941028386,0.759312946511996
0.1497494975278,0.620674911568482,-0.0943436248559425,0.763830493361367
0.126995070332432,0.627470573840629,-0.0971432052913145,0.762047327100556
0.125555421192416,0.65020078658729,-0.0926667561349722,0.743564150317836
0.105534613150363,0.651657951274284,-0.0873975734060274,0.746033527484485
0.0900951544676418,0.659182885941887,-0.0837420017461459,0.741854475733837
0.0708897886113125,0.64925694779616,-0.0652390909776356,0.754442784190736
0.0568607985876272,0.66783459118603,-0.0730963488502746,0.738526053828925
0.0434160035541486,0.672406807224061,-0.0648701731774653,0.736054343690774
0.0300874630903759,0.686378177927824,-0.0681835131283029,0.723416028276087
0.00614916107339141,0.683044901234396,-0.0629233432568428,0.727634869690265
-0.0153831010904268,0.673718539715092,-0.0474280727779471,0.737304053533938
-0.0319571063043015,0.680860524513183,-0.0473760321412042,0.730180252468419
-0.0404561574360817,0.694699112968601,-0.0474152306026747,0.71659489090632
-0.0612356541042392,0.695715879685344,-0.0452244872336302,0.714271905631553
-0.0784755787072249,0.702871334410145,-0.0479500208907928,0.705346912028146
-0.098693785682611,0.705909786274427,-0.0491480334345222,0.699668050663418
-0.104688108677849,0.717162787750476,-0.0462504085599964,0.687443696222064
-0.132601265198903,0.706944512797282,-0.0379724974727142,0.693689015142339
-0.139154942684765,0.723919586754762,-0.0461482626272826,0.674126599160497
-0.163813650487094,0.720672129161114,-0.0455436420244975,0.672103077537682
-0.175691329902987,0.722677267070672,-0.0383551336272284,0.667382205322125
-0.197014373917163,0.719524322403106,-0.0348647220462175,0.665022207972801
-0.210736246042841,0.722382372835143,-0.0323151126413416,0.657806715924835
-0.225145682850931,0.728810124579719,-0.0379800570690959,0.645525165325652
-0.242606172046191,0.730279424781667,-0.0398224392990091,0.637376168642921
-0.265811344266537,0.715582407191949,-0.0193700425720334,0.645686417099934
-0.284175825863711,0.721576061037383,-0.0330977024383599,0.630457476936989
-0.285407053118754,0.733296498494169,-0.0344350357422856,0.616143885500528
-0.302204254667909,0.736000886068985,-0.0412715864483991,0.604377316184447
-0.333035415220511,0.720807805250561,-0.033711619540508,0.606948965570193
-0.342126792606067,0.730453740583189,-0.0464096131660041,0.589264574240548
-0.3613665382002,0.724336797565431,-0.041514005657572,0.58568508269899
-0.371280781274035,0.729583137115675,-0.0467792829363372,0.572425301835056
-0.391649464503322,0.721687407526662,-0.0422921571848228,0.569200629139111
-0.402220167023652,0.724633865540117,-0.044413050396819,0.557810164039974
-0.419131078101079,0.721072054160672,-0.0447027426922607,0.549896260101962
-0.428966411045008,0.72631016325305,-0.059241347089675,0.533808793244823
-0.44285156460846,0.725591648971182,-0.0646075970118052,0.522709392564818
-0.457982637071065,0.721876629751591,-0.0630198944086176,0.514950996181816
-0.481442468195669,0.710854911890936,-0.0612951283078929,0.509059280736449
-0.487104572606348,0.715926660908314,-0.0695970303753738,0.495312431612197
0.501807265448838,-0.709931804008125,0.064410675373333,-0.48993628861157
0.513132838263063,-0.711093965201764,0.0774555453432081,-0.474384550175606
0.525254306729745,-0.707253688158691,0.0774739665596317,-0.466795370963875
0.537679483539933,-0.705209742936098,0.0842087858504527,-0.454410466245911
0.546800454082041,-0.705530287169722,0.0936009256943487,-0.440993360506759
0.562177945708675,-0.699409697100754,0.0982377864427726,-0.430268951093418
0.574783649749966,-0.694173751570897,0.0976071117938266,-0.422160408301587
0.592156941797278,-0.684543843877297,0.0938712990766811,-0.414654146609733
0.599829066746701,-0.683770382970906,0.0991528140130759,-0.403524315910318
0.599203309319777,-0.691194855096366,0.127403853222695,-0.383371001214949
0.61886758986396,-0.679281499951032,0.131328845695031,-0.371930483193647
0.632026465195442,-0.671785887149127,0.128959828835589,-0.364164292135445
0.647451734831883,-0.662175168631939,0.124493677159004,-0.356134274477869
0.659290987353142,-0.654651615504825,0.110367598775333,-0.35296692402038
0.663757442642035,-0.655494030262324,0.139494562904323,-0.33210676076812
0.672743379950489,-0.650918488495064,0.14942343304961,-0.318424408178396
0.687665063323856,-0.640228378071691,0.143398633061604,-0.310903870402978
0.697544218013531,-0.632821581913802,0.152733057913399,-0.299401941210185
0.707314078122805,-0.626814135963122,0.156875187724481,-0.286707183939469
0.71639818959416,-0.621258417888453,0.153883361885106,-0.277725625544139
0.719798870767762,-0.619828458572681,0.165615411093394,-0.26509206550411
0.734294979998653,-0.606807130080764,0.170147664273696,-0.252281116166333
0.74100530422192,-0.601961234427824,0.173425975082858,-0.241820682588709
0.747319512948348,-0.595176978844387,0.188760198349465,-0.227260856592998
0.758965478822753,-0.58512846750142,0.186277607251894,-0.216556531906331
0.768769541746581,-0.577225558461304,0.180604359812895,-0.207812683824551
0.769304986460534,-0.57576495854369,0.198735480464721,-0.192792010012336
0.779007897607767,-0.567215770623656,0.19487389166914,-0.182858227504979
0.792479676937785,-0.553651311239801,0.189373080611536,-0.172000068438155
0.787027892770328,-0.554401232538108,0.221778862444108,-0.155050009786265
0.791547080739368,-0.548107664165623,0.228821809034552,-0.143776865893108
0.805189947156524,-0.538989567015736,0.206869627440659,-0.135515138965455
0.802350428167939,-0.527417196407108,0.254896281535259,-0.114423673303601
0.812080813143062,-0.516390682031506,0.251209545462667,-0.103726470606009
0.821694413931953,-0.505954992746089,0.2451820811726,-0.0933465719788474
0.815883209009671,-0.506262418352957,0.267846589441753,-0.079316817535237
0.829865158907551,-0.492894817522989,0.252203457341423,-0.0690791791740306
0.829694726595512,-0.477458814914391,0.284547009286187,-0.0516985514925879
0.836832669250496,-0.475703851778267,0.267402116559589,-0.0437382800057586
0.835840927051796,-0.461996890050167,0.295255048963824,-0.0274458432287558
0.853383414738076,-0.448561787124689,0.264995742063954,-0.0175022075596141
0.842256486718366,-0.45346894058406,0.291413525208522,-0.00693453905810557
0.851566358811861,-0.430056731860722,0.299660554322078,0.0094602380820311
0.855648785225948,-0.423965741278097,0.296127744560124,0.020653461346869
0.858172066338369,-0.414827048588243,0.300585854877646,0.0332771417579277
0.864431013544595,-0.403300938673138,0.29659166154251,0.0462683692287049
0.86005767491407,-0.396999503262078,0.315129323820026,0.0581867639571067
0.861602387021969,-0.386440580884733,0.321401623462794,0.070753095755556
0.862313099560307,-0.368361603556318,0.336814531234759,0.0853335742906804
0.858325062995831,-0.366078261315656,0.346730323149821,0.0950940367937454
0.861354723956855,-0.353636789709717,0.348231121487876,0.108370413436101
0.860320532569905,-0.342480972772402,0.357863543097952,0.120370465849743
0.860608942687319,-0.338392877133492,0.357143573682187,0.131495156752817
0.859318472338057,-0.325749472557358,0.367151993675408,0.143730503955716
0.858299048437653,-0.314702428591394,0.374220453443635,0.155705417741767
0.855306111100937,-0.291812861481723,0.393453520957203,0.168792882058517
0.860311556152666,-0.295258526045579,0.374031801745995,0.181070816064363
0.854589747421608,-0.279416708548644,0.393579611753957,0.191566583195814
0.856509839865022,-0.279320923574915,0.383222934717927,0.203742234634426
0.857206985582135,-0.245794937174089,0.395360343071433,0.220161831058916
0.853529419843672,-0.247983223061927,0.39686902217874,0.229100043160263
0.850898186997665,-0.242151488652107,0.399691091009812,0.23996242138102
0.849387879117185,-0.241762605049179,0.396406355606745,0.250904513397474
0.844498076803432,-0.215699897026659,0.41399316960165,0.26249992042127
0.836978926880376,-0.201891740325287,0.430828972879387,0.270356056477922
0.837229394744316,-0.185093062759003,0.428017247987714,0.285637417226073
0.83674744447367,-0.175541846721138,0.423435339020694,0.299568502825222
0.827771583013739,-0.156357016572712,0.443230856837215,0.30641980561112
0.82551386472067,-0.157899011076744,0.439550713094716,0.316843702908638
0.822143879201764,-0.136658560008379,0.442828552432063,0.330615718045036
0.820061887391098,-0.137371099347278,0.437880011586868,0.341890007700365
0.811237716553988,-0.126261923124711,0.453402791758152,0.34695417915776
0.806432755618446,-0.104243484786465,0.457329665712123,0.360068164942211
0.802092904135902,-0.096906462127275,0.458324251233916,0.370398422598801
0.794167245831516,-0.080634128899026,0.469245488127475,0.377631029944691
0.791633827840816,-0.0736062164860684,0.463059016288719,0.391758031119245
0.782990178379486,-0.0513334376861052,0.474548737418947,0.398866838118527
0.781240883761872,-0.0487692541792345,0.463563962815634,0.415201991522724
0.771574340569217,-0.0391489579183373,0.479113072953058,0.416642603911991
0.765163786061523,-0.0209258241714292,0.479561186864269,0.429077566922434
0.757739634971686,-0.0132636368590009,0.486798902748164,0.434374895468685
0.752169515915297,-0.00421803505777768,0.485282794980037,0.445784517905638
0.744049564521284,0.00853558855487722,0.491653833966838,0.452320568634036
0.739403471907032,0.0140470871998953,0.485554312666748,0.466178286199333
0.731607611847512,0.0297655385568036,0.486487884386922,0.476648563772031
0.726691621397943,0.03277875872282,0.47998745126368,0.490364035177965
0.716418478608562,0.0431236157997914,0.497310289017324,0.487408856819458
0.707309944063472,0.0601062217802242,0.500686760455944,0.495391413971182
0.700009597447388,0.069932807528004,0.498567779382103,0.506484091827962
0.691009615108139,0.0837962953633592,0.500445057275261,0.514819033603304
0.68311322902917,0.0941392133428033,0.496788977248535,0.526967586214649
0.67792011657578,0.0900593470941312,0.493263675969845,0.537591457811204
0.667374695253897,0.10602560516525,0.50090011645029,0.540803717187851
0.656346727845768,0.126531300830699,0.500283073131568,0.550377733465189
0.644732021715408,0.145438219003386,0.506228457694578,0.553986546089392
0.638248347264528,0.144664975789497,0.504632808751544,0.563077987782732
0.626326154277576,0.164004363822712,0.507877660004271,0.568223899166126
0.618763838191905,0.163492348851639,0.494329887562706,0.588251244516523
0.607621671029147,0.178383785846408,0.503008393772532,0.588181677406928
0.597775087261988,0.187293832269723,0.504664801408769,0.594053367688199
0.588757524920771,0.190449611736441,0.501495966676211,0.604644786338309
0.576174653849372,0.210347043020516,0.510486248329943,0.602644737818311
0.565802929487545,0.222151270328993,0.513261294455693,0.60587020201376
0.55470016754114,0.22908274131246,0.511797770336729,0.614729098091958
0.542490047296584,0.238897547524117,0.500151400740657,0.631253583521132
0.535490143125538,0.241911468067124,0.519317957190766,0.620514308918182
0.521782231852235,0.251759859037761,0.506480130101625,0.638622074244876
0.512301958093345,0.250093697569064,0.505683984499906,0.647521083819096
0.500016733484829,0.264413413953709,0.505849882206048,0.651294641025576
0.489640818622326,0.27079677603881,0.509249346671897,0.653900663510974
0.477047118512736,0.279662808159893,0.510901081402962,0.658175391117065
0.461230321163864,0.298030818913149,0.507344946187411,0.664112435808222
0.446800236862621,0.311793489019937,0.504371652547396,0.669898204692988
0.440389852614525,0.295827076357955,0.506033860979856,0.680053564176735
0.422387392956102,0.32691580447352,0.507490875624518,0.676141966021219
0.414373169740072,0.331357943051522,0.520330166560265,0.669143712175192
0.398095794764509,0.324680625727135,0.499943535435972,0.697250809138312
0.385428584940084,0.349611898842573,0.51249058583463,0.683059093731759
0.371715195114106,0.340948213763016,0.503726083917282,0.701314595338248
0.357460786424553,0.356797405465617,0.505257406995494,0.699737343792608
0.342471921028468,0.375444272800507,0.5093797828579,0.69446873086123
0.328690513574356,0.364740389630968,0.500557932194357,0.712999825368411
0.309402400557886,0.395709904530544,0.499895133001307,0.705541410540197
0.302261863180526,0.382293672952538,0.507646964495177,0.710481437566054
0.284949209427945,0.37865052249221,0.496537900548728,0.727239880081825
0.271862203432919,0.387904121245422,0.503121413896019,0.722834820650393
0.257263086667515,0.396874111537342,0.503560076007827,0.723003384280281
0.239101010416804,0.413718355687599,0.502120513626006,0.720793187246362
0.221704895997606,0.430498799581491,0.502409417057125,0.716311734025003
0.207413341964903,0.429634110519589,0.499283019420488,0.723263923593146
0.198954011063819,0.431055085175485,0.51151662270134,0.716211951677845
0.178963484279771,0.425040458456983,0.502963408952215,0.730985970607021
0.162721086063215,0.439200636575446,0.503048822178269,0.72633775303724
0.148929617055115,0.443639808631596,0.505745349721486,0.724724313512545
0.132209266283215,0.433527657115318,0.502599726703872,0.736184756119108
0.114062529874213,0.443879815764633,0.499765822462707,0.734979299799405
0.0993135005477851,0.443508007096833,0.501480698835359,0.736175648161185
0.0786901637907261,0.470866146306389,0.497533130479099,0.724260805553377
0.0665987686481193,0.463884106042757,0.504453846503098,0.725191324357714
0.0507696616877909,0.467579737010507,0.505156983428513,0.723607665163033
0.0291747513417436,0.472891716779018,0.497346043106492,0.726752482962567
0.0151595926142147,0.481430053498319,0.502066339957872,0.71827897130689
-0.00714146576177739,0.512215251173807,0.492730578421121,0.703421006951395
-0.0204907570180603,0.483911119769958,0.499645810820454,0.71816726517531
-0.0390598137251422,0.49843819786937,0.495876137064226,0.710028556148802
-0.0572137918372504,0.505843686914291,0.493810779129128,0.704982028741474
-0.0758763817637168,0.501742791355441,0.490458045809602,0.708482781240252
-0.0918685268205254,0.508382520844985,0.491793573468499,0.700889768347498
-0.114988542980527,0.52691028061223,0.479322706785582,0.692382072217428
-0.123809234898102,0.506003069566035,0.496538317861096,0.694321154682306
-0.145871274259763,0.514019844956551,0.487969333588984,0.690210909659793
-0.158523182204832,0.506678682908386,0.496153142401693,0.68700740336244
-0.176345970460462,0.50735924863144,0.495144241276263,0.682876908279561
-0.192875133618069,0.505234897247974,0.496794218403436,0.678772705694299
-0.21469309319579,0.523482039135998,0.484158610920902,0.667430797841382
-0.229462250102886,0.521453685265375,0.487773361982838,0.661445596584359
-0.245647121581793,0.520485511629504,0.488951923361104,0.655498543464309
-0.26950479003698,0.540592502110659,0.470166378036383,0.643483093618635
-0.289121660736023,0.531491057771439,0.468280036376887,0.643925250578902
-0.298162084699698,0.500941183054439,0.490158272699965,0.647998588016468
-0.324475754631021,0.528899105659384,0.463806114543807,0.632348882185388
-0.338877232058687,0.521117141033882,0.469002170421431,0.627404264452276
-0.353118582975766,0.527818565809157,0.467869693255448,0.614664768859746
-0.372707684936968,0.532483790729156,0.458635435375463,0.605973210313454
-0.384638007910475,0.512650601173215,0.472730146788203,0.604788535196399
-0.40041034018533,0.525097088968133,0.464705232500787,0.589909868976822
-0.420706615951115,0.512663369007368,0.461478787778768,0.589253376573453
-0.435901935870358,0.515662184128204,0.457992933262148,0.578207996525937
-0.451587222347442,0.526228606133155,0.448345206644779,0.564038128479209
-0.466669220342533,0.510631110490772,0.454555878278972,0.561119115077971
-0.485021741684265,0.511694634786087,0.44485107429368,0.552295240360131
-0.497547149371763,0.504389615503438,0.449420065848992,0.544113549120599
0.520416255432418,-0.504305121568683,-0.431203473630404,-0.537500539321004
0.529466912202683,-0.501730061387025,-0.437584790118162,-0.525786349994341
0.541789017727281,-0.489152251542361,-0.44459331637513,-0.519164249651023
0.56101459017348,-0.482793543406109,-0.434655843195679,-0.513076331585963
0.576831561642035,-0.474758818513501,-0.431142415173065,-0.505950226382015
0.589814680710833,-0.463085381175139,-0.434586173067509,-0.498803999922206
0.605964917583176,-0.474125466059248,-0.415492176081224,-0.485157513296253
0.612772878862874,-0.454170294108453,-0.435651073969758,-0.477961174812916
0.631535162118625,-0.442274532683955,-0.42630758953866,-0.473094510482555
0.645857357877717,-0.453792589240034,-0.407485974094098,-0.45923386214719
0.653719315758697,-0.428950509178587,-0.428055253812051,-0.453234174090297
0.670701386820426,-0.418997833703561,-0.41813935676249,-0.446945123471698
0.677622193787986,-0.411148820130821,-0.426790550855615,-0.435470591304798
0.696061323592182,-0.407730200603344,-0.407075969364942,-0.428420205499986
0.696595415935362,-0.398278206268875,-0.429685109780555,-0.414125588851934
0.716603422691762,-0.388275475405001,-0.409416611397963,-0.409999668410698
0.729092419027724,-0.368636895771879,-0.411597829939434,-0.403879078414719
0.743168642329117,-0.355722306086437,-0.404054262048376,-0.397369051804222
0.756161143423343,-0.350346886400192,-0.392673418051964,-0.388953687631034
0.765270602519044,-0.343994205344097,-0.390301458760627,-0.379069469753435
0.773556547602229,-0.327866930310509,-0.396195415565485,-0.370327876827248
0.789115830040109,-0.332142222492936,-0.367352237746071,-0.36335944220636
0.792837102090425,-0.315840602603152,-0.384367017871689,-0.352017100250199
0.80058746059298,-0.296338038435972,-0.391747356919185,-0.343187256849722
0.815167216624569,-0.28915309171449,-0.370451217442952,-0.338613044621054
0.82120574538932,-0.270214418195123,-0.380237253218282,-0.328671451763094
0.830663340526883,-0.262735806747663,-0.371090349653784,-0.321341349582041
0.84025958051069,-0.243057112109222,-0.368320348230852,-0.31500348996833
0.845299572914337,-0.229734360005182,-0.374280119687275,-0.304310939452935
0.85338538851536,-0.221873145732909,-0.366404587419228,-0.297074677798724
0.863869837697116,-0.20263616454922,-0.356598500015712,-0.292412376825066
0.865442454930915,-0.187567238445451,-0.371448430004116,-0.279023210705806
0.876938081172792,-0.164606337400547,-0.356035561618147,-0.277710342515022
0.88574621634342,-0.167729256058297,-0.335924675531182,-0.27290135445746
0.886651897452269,-0.1405321182588,-0.356203686980045,-0.259264478600152
0.893350603746585,-0.129739725434419,-0.348269011743575,-0.252588594138702
0.900177542177387,-0.105168201199177,-0.341772445506098,-0.248619463254165
0.904394537515675,-0.0984238280181051,-0.338970837359389,-0.239754128243802
0.911927318320268,-0.0738244101006726,-0.325819645168041,-0.238285713791374
0.914750112712497,-0.0630250407285932,-0.326982017324673,-0.228785567464209
0.91969170594611,-0.0539140231167668,-0.318201242528693,-0.223625609844878
0.923718831347769,-0.0249774248178573,-0.312282738832064,-0.220452126073951
0.928458928374919,-0.0165390924923133,-0.3014116004504,-0.216429027291525
0.931331687329896,0.00829007315878824,-0.296243995334538,-0.21164134305589
0.930044870340508,0.021532952203517,-0.309464423312929,-0.196938167520431
0.935194638156288,0.0400117940363586,-0.289984240127641,-0.199296727467651
0.93723638140669,0.050450271754308,-0.285965835483838,-0.193044752282057
0.934583775231552,0.0753402618585335,-0.299114410179159,-0.17722184301096
0.937867128187062,0.0896789111165195,-0.282776838888577,-0.180000561541599
0.938910832784737,0.106289823677992,-0.276577107368451,-0.175082909336327
0.937726571538993,0.124582810445968,-0.279339996988454,-0.164672907466896
0.936160787313856,0.151819908991394,-0.272552189070434,-0.162077141394646
0.939662050210991,0.157844655909402,-0.254505454928511,-0.165370098281855
0.942052513008882,0.166208958023459,-0.236438816110373,-0.170318323273602
0.938129809468,0.190532298712873,-0.242894392048673,-0.156882816286645
0.934308567824743,0.217462221540178,-0.236289656480245,-0.154741334272829
0.929220136528041,0.239349058942399,-0.244751067216675,-0.139136195687878
0.92644534807875,0.254085243942463,-0.24540780965771,-0.130056575354527
0.927234678026184,0.267730770919899,-0.218671858419653,-0.144009390331361
0.922108746202334,0.287036620503526,-0.224719883308281,-0.129716663204801
0.920449173295421,0.302340821380886,-0.205575488455688,-0.13821022267804
0.914442928632589,0.323552667646808,-0.205099746056536,-0.130544611914977
0.910201953925204,0.340858948998404,-0.198268414532415,-0.126638129160405
0.902629804809719,0.365353816401788,-0.189088024484005,-0.126577025192383
0.903568536872819,0.366381709761193,-0.188565562688855,-0.1173514827082
0.895417419527628,0.391003569490088,-0.16878590474877,-0.129827469399327
0.892475941832399,0.401300970736017,-0.154105648112852,-0.136732122620916
0.883265876798163,0.424450218784968,-0.145250697933142,-0.136329150981363
0.883030175887583,0.427602782811306,-0.141478229333612,-0.131899504277297
0.870626025215501,0.454654767875891,-0.126987487103575,-0.138468568217835
0.870146751277691,0.458183477946338,-0.124920264606311,-0.131557817208127
0.856798686929195,0.485719186101442,-0.12382495401076,-0.120996954893889
0.851138484363409,0.497660896677973,-0.116495804581067,-0.119689765093952
0.841419596002676,0.516498044121118,-0.115140489774803,-0.109478315186947
0.834910263969095,0.527658963924518,-0.0970281040195079,-0.122826772079786
0.830165692658387,0.536187600514656,-0.0869934985559913,-0.125538484124772
0.819319194514374,0.554013787345634,-0.0801860237532725,-0.123915223140271
0.798559900886635,0.584138903988103,-0.0664362836161342,-0.129112531393283
0.800155610735942,0.58219280071666,-0.0582830916041458,-0.131930370402518
0.789944726823802,0.598685417352357,-0.0561450030069968,-0.120045150881854
0.785363865952038,0.60027044911546,-0.0325832422071461,-0.147706866133109
0.771103309611564,0.617767472429548,-0.0209847630288062,-0.152717633673144
0.761130976041148,0.6323083492647,-0.0174119438914883,-0.143396697907302
0.743358210768608,0.649531836098539,0.000467421600360995,-0.159770916922957
0.740853201847899,0.655354279974913,0.00157346690254287,-0.147121804067871
0.724105791239987,0.67158266125714,0.0147883128817281,-0.156297274427937
0.723869561644984,0.67357727260039,0.0183170946492633,-0.148226177187866
0.704287116839462,0.6938357433506,0.0282049030991326,-0.147567278704484
0.690156401570243,0.70807633149804,0.0367703658171064,-0.144775655210287
0.688012259588826,0.705350680008537,0.0514316453523944,-0.162709356594263
0.679059479462396,0.714957375231715,0.0574957974224438,-0.156231905297201
0.660190738217119,0.72811074174238,0.0726631888496894,-0.169478606077258
0.649059289409368,0.735069672568224,0.084172359889795,-0.176945271574102
0.643806483182165,0.739818547486534,0.0908164696775814,-0.173014733022447
0.638973055500872,0.745822067852766,0.0959160462987107,-0.162058599000875
0.619352991031206,0.753674293046982,0.113926581873527,-0.188142675763487
0.610732166323985,0.765130077124262,0.117382777895494,-0.166743724171468
0.601065135218553,0.762957660710718,0.133865711975661,-0.19671370655036
0.58725587329559,0.771129873586017,0.14436464152939,-0.199118325673801
0.57340224663511,0.782348727545689,0.1524467124553,-0.189473829124294
0.568223658329239,0.780100569306167,0.163790195820021,-0.204298183145054
0.554893851741586,0.789924635633002,0.172598756698429,-0.195758914243035
0.549085546500089,0.789134363585424,0.182988657561546,-0.205638444939536
0.524745234090248,0.797859254453845,0.197524911405678,-0.221465479829488
0.518700895623446,0.800178310228154,0.206215360004984,-0.219406649894359
0.511793989810847,0.805210317647114,0.214429586693992,-0.209100953365528
0.495103024450048,0.812612695819182,0.225862630536818,-0.208613695381884
0.481398253039906,0.810971353875407,0.238385853678708,-0.231847730050329
0.47604018997897,0.81597474803051,0.246590519196242,-0.216250003338404
0.458929467544356,0.815380405380834,0.259385218442268,-0.23928611910033
0.440308578286855,0.822806521195198,0.271315005617232,-0.235597012486547
0.442559677410625,0.820018645904691,0.279331918358815,-0.231698147780309
0.425645966773772,0.820206877835173,0.291104334992155,-0.247678127152708
0.416112117118196,0.82557980654586,0.301469680151631,-0.233205319322667
0.407362441837569,0.825682314902053,0.312225245084142,-0.234136610059741
0.382091511536401,0.823919735989269,0.324242916360879,-0.264629697216685
0.379531638884688,0.825121891199576,0.334629914599118,-0.251301452451284
0.370973581012303,0.821999368977147,0.344600732295137,-0.260664487212461
0.35432822112819,0.822211249119067,0.355581960166606,-0.268293949127203
0.342936823338571,0.821350043852621,0.366814887547351,-0.270601697953602
0.338627963612798,0.823821443046923,0.378987251103112,-0.251033853766464
0.316594160251749,0.818546248525071,0.38751612150632,-0.282101811927399
0.302302354559685,0.815959884126684,0.397839545280153,-0.290768722759034
0.297807871396829,0.813724115142239,0.40920438965398,-0.285858887666596
0.283280826442464,0.814107701620095,0.42175841040645,-0.281248052054314
0.275118107123966,0.811642893090176,0.432931529759418,-0.2794926327632
0.249402188432127,0.807133724435809,0.440531876162504,-0.303752144631753
0.250150928487126,0.805159356903063,0.454179972612117,-0.287860166481109
0.252028700858117,0.796309866101982,0.460847506188682,-0.299986178235075
0.231109487300471,0.794277736311309,0.472792580959166,-0.303609054327877
0.213890540698431,0.791735653289532,0.484819155688429,-0.303901099352222
0.21282513024725,0.783915311650877,0.491592270684105,-0.313877822565079
0.188083644392757,0.782010344492673,0.504785204009821,-0.313490449027006
0.179298893252321,0.77617305229705,0.514694322347075,-0.317012703704534
0.168860541962491,0.767208322084208,0.516494799164651,-0.340750099528576
0.163824053142205,0.765115056960115,0.536258787417797,-0.316523525416633
0.154208084684005,0.758942525119017,0.546093786253526,-0.319386422377891
0.124198473429701,0.751437620140961,0.549380641464738,-0.343652663336708
0.121136957607504,0.744783678038459,0.559822823021495,-0.34237628021425
0.117311476227341,0.739071198541432,0.575443749302458,-0.329964047163662
0.104041556098538,0.732107686421266,0.584966823215774,-0.333177889158842
0.0995234799183553,0.724076732315043,0.593341346163237,-0.337274383252134
0.0704086964686976,0.7163496581779,0.59753207467039,-0.353328745547378
0.0571480688329421,0.708475623410585,0.606181060101383,-0.356848583626181
0.0490601980541863,0.700750432895572,0.61850791650334,-0.352121974585867
0.0475436127811942,0.692301782748602,0.62902449574882,-0.350408376376425
0.0360605764295352,0.683995273641657,0.641747193972765,-0.344979187041084
0.0346537672464777,0.674862191087625,0.650179992148282,-0.347312708183991
0.0217331253513312,0.665845329228716,0.660756842134255,-0.34580061361937
0.0168108474018784,0.656479328351931,0.670946314759798,-0.344359303005559
-0.0167159299558558,0.646754138856398,0.668709024131148,-0.366412203131116
-0.0235069764764219,0.636951569095921,0.679910253598471,-0.36257711970675
-0.0436781206262756,0.626832610638753,0.681903818455891,-0.374406573651742
-0.0472138877160289,0.617097969359107,0.694998956825441,-0.365974582493312
-0.0541842229535321,0.6061359845544,0.702865369746143,-0.368298126825005
-0.0600380834652497,0.595279872077167,0.714490519585787,-0.362685262804603
-0.0726769254295325,0.58488220737233,0.714361324557996,-0.377251595073006
-0.081310749975252,0.574175161093069,0.72417706377323,-0.373201053893198
-0.0759982566399252,0.562440331523076,0.738203090353579,-0.364611211918024
-0.106467419402364,0.551881465516939,0.734283477595081,-0.380682690906155
-0.105680339385057,0.539694306458328,0.747419740891357,-0.372727048079182
-0.130753549773728,0.527703747802061,0.750526893610032,-0.375688229447376
-0.115535037425702,0.515417414516861,0.766573863872227,-0.365186329382413
-0.155837784409798,0.502269221337715,0.763822831594352,-0.374185644008742
-0.155501545481855,0.491574896387306,0.768355077898376,-0.379214800426281
-0.167689000552507,0.478796052598283,0.774330660945279,-0.378215238495293
-0.195617626236145,0.465328961375746,0.775386363242966,-0.379445239405573
-0.184050258840338,0.45305954634984,0.78592987966897,-0.378387068919644
-0.202198671127303,0.440977964144146,0.786202000905247,-0.382806147163577
-0.212144048721306,0.429791148392087,0.786170666296229,-0.390141198556736
-0.217133076111305,0.414244093659752,0.797826566895134,-0.380431107143957
-0.222239059692559,0.400455888397333,0.803227615282086,-0.380880926068927
-0.231150758225854,0.387326635394977,0.809000929557376,-0.376914977760927
-0.240341126747786,0.372847337231527,0.814045686079689,-0.374900822735844
-0.264102520569801,0.359890740721448,0.809830119369095,-0.380662174551508
-0.266096336420883,0.347592764304344,0.811269552782202,-0.387574151195891
-0.294116073357902,0.333679927442995,0.808171912226564,-0.386020208929825
-0.274665958679601,0.317160855770035,0.827031534475085,-0.37414762286245
-0.277772946831009,0.303849478591302,0.830508628500098,-0.375197417842257
-0.307739764902259,0.290121500704333,0.823167709929059,-0.378841224336946
-0.306554045239942,0.273485463357956,0.833284388701435,-0.369956005797159
-0.31668967856883,0.263485349893226,0.827771269986704,-0.380890853741875
-0.323455423628146,0.244954168517551,0.836320985867237,-0.368702119399203
-0.340598081423497,0.233070021291302,0.830936675043849,-0.37311600632106
-0.329922219472871,0.2172010301308,0.840918487960837,-0.369906931827282
-0.359227851679164,0.20612899600538,0.828903878551058,-0.376011366459579
-0.370994013780226,0.190202541779611,0.82920201491226,-0.372304248304072
-0.375006723122891,0.172336956513606,0.835121302638094,-0.363651400261724
-0.382387028444003,0.160179910269174,0.831840827201951,-0.369003245275564
-0.393517122179903,0.144121121011692,0.832656558577966,-0.362017171535659
-0.392801999024725,0.130223144759112,0.834420624998118,-0.363992778374759
-0.40504632988598,0.115843966363368,0.830818540516258,-0.363673203353691
-0.413599312617435,0.0997776779501257,0.830902229551018,-0.358582638330989
-0.409890767896375,0.0846987157135853,0.835172138416284,-0.356795719092817
-0.412126026962301,0.0677911979645549,0.837113495490803,-0.353266877935037
-0.428919876572109,0.0543309702549136,0.829707747500447,-0.353073560168787
-0.443125544455016,0.0398519443977865,0.82508164176939,-0.348269807468705
-0.422958384039087,0.023928693228313,0.833949638874289,-0.353640527701327
-0.446619035605265,0.00811580545459103,0.826279934353504,-0.343113743271259
-0.45860822197219,-0.00724836771167933,0.822162168792465,-0.337157719934591
-0.462332501527725,-0.0229238049320837,0.82111168951304,-0.333914286222668
-0.466693998451988,-0.0398534225082575,0.819949721620763,-0.329075782362221
-0.470121171048637,-0.0570814833380918,0.819922050804324,-0.321645176237126
-0.478221552972727,-0.0691820061915684,0.813088317002236,-0.324661955033437
-0.497241035117385,-0.0863416395216225,0.805627097047603,-0.310260301654533
-0.48492297638325,-0.101456866608331,0.809228832611131,-0.315760839345944
-0.491468515416257,-0.118705590307214,0.806223536368922,-0.307199105775302
0.508243264302402,0.131420332569591,-0.795809870746315,0.301834607196177
-0.486399128560454,-0.144307416964685,0.800050870163138,-0.320171613819554
-0.481725019039879,-0.165974470091501,0.803534575197318,-0.307775352767793
0.504316097970489,0.180928796111795,-0.791836533890263,0.293129574867516
0.502269002228713,0.1973471250778,-0.790097848918627,0.290732438434136
-0.498874227459717,-0.212382937291146,0.787664732950407,-0.292578641719146
0.513510495892881,0.226647376528982,-0.777921490838627,0.282446616923952
0.5134244742632,0.242170207573021,-0.774071456858573,0.280289634964341
0.510094963883247,0.257272027821167,-0.770919173136617,0.281598757120994
0.520707549502959,0.274088729833725,-0.763188395762485,0.266987806167704
0.519251598198214,0.289666931440606,-0.759081891926698,0.265076456795712
0.525786066976452,0.304443517379235,-0.751407058675505,0.257391897059366
0.51744892598184,0.32021626616825,-0.749366856842977,0.261069848406097
0.520529444377781,0.338915929764984,-0.743771196409654,0.24696051805632
0.531539897263671,0.350435611590205,-0.732708530748087,0.240413037739854
0.532073735138743,0.360563883481564,-0.725161306460735,0.247047173463611
0.531356331965499,0.381096706499253,-0.720457441345866,0.231012605684108
0.52508134985245,0.39103901344755,-0.714954792499192,0.245392971948126
0.518338582192866,0.411860375983426,-0.711838389915275,0.23448294511096
0.529797117892254,0.423652756063238,-0.700072473588034,0.223006474967468
0.520740069775447,0.442132178455162,-0.696479698030183,0.219692846348123
0.522002207586397,0.462046761882024,-0.688706104794519,0.199274650490288
0.50660064375181,0.476587270952238,-0.686336355903937,0.212515334696236
0.503787082133917,0.492028648057979,-0.679059666360682,0.207326686384916
0.522860529174482,0.498542052100909,-0.663248294381233,0.19538267404962
0.51774785964814,0.515311703011952,-0.65651908616423,0.188078951695227
0.514766478553921,0.527146041360095,-0.648657390221649,0.190725231016811
0.513121186240164,0.54257610323054,-0.640001560648134,0.180875158058262
0.512958324929523,0.552452316499021,-0.630765623132708,0.183861152923528
0.503692102084809,0.569166821975178,-0.624539714209217,0.179704035668461
-0.490901096732503,-0.584658484826502,0.61868571052546,-0.185522400099857
-0.499614454324211,-0.592352016818575,0.606416851901877,-0.178222015841775
0.507220986319307,0.607734676376476,-0.593296268169792,0.146236015887492
0.487804343893763,0.626719410451804,-0.58851852034893,0.151379172436717
0.508356567957138,0.630643067712124,-0.572236954451427,0.128092891768575
0.475160857927437,0.650278549170693,-0.571276554190551,0.158123578932085
0.477127954742262,0.662342860724766,-0.560032935748838,0.141470705543364
0.48067534596331,0.672302465221639,-0.547779163253884,0.129994597367871
0.475021705029029,0.683210923486333,-0.539096669155599,0.13019982751757
0.461823672777345,0.701508118902437,-0.529798753286977,0.117976842608934
0.449237830682953,0.713409164681019,-0.522323654560776,0.128104391488659
0.446685639202176,0.721616765802332,-0.51214239683033,0.13210355185388
0.434278853815977,0.740016858229412,-0.50155892346156,0.110524083170287
0.436894197237819,0.746048531616667,-0.490321824137723,0.110088862591967
0.427493810361123,0.757120916775307,-0.479960709637183,0.116853227121976
0.426515826526717,0.76754302081531,-0.468690243368241,0.0963919949547621
0.41167674553581,0.781622584442657,-0.458815227992991,0.0952731821446426
0.407766346590208,0.790626532978794,-0.44822648399432,0.0879165000696494
0.410806818353607,0.796764998132866,-0.436197836261876,0.0783246026799852
0.407251968958273,0.805993757002145,-0.424969678416332,0.0626152527735541
0.406018941651959,0.813082709757226,-0.414462975569086,0.0475979831094612
0.398159106753177,0.822066399676498,-0.404451252588073,0.0457749332317464
0.392183942529979,0.83032562169716,-0.393301175679842,0.0454455980675985
0.384100267664288,0.840023810139198,-0.382360579541581,0.0250473549915842
0.366658206849801,0.851902457310805,-0.371955624221967,0.0383793718962106
0.354713523352514,0.861700720107321,-0.360948383667675,0.0369655196779823
0.349534357475583,0.868774447633741,-0.350052180552086,0.022807081653489
0.33317066547298,0.878759827579685,-0.340080277430829,0.0335242897461471
0.325390182780554,0.88637350536373,-0.329068982000983,0.0132982338709914
0.31170328646343,0.894985760769387,-0.318345910285878,0.022303152965325
0.304645230340502,0.901295300448599,-0.30797913338678,0.00263028864966728
0.3001154458331,0.906470621899259,-0.29687331876764,0.0103905442522411
0.286098330672844,0.914208360820136,-0.286574955049116,-0.0156720557480231
0.283299714724778,0.918012537839198,-0.276026757756126,-0.0283457405889355
0.26153042679935,0.928545073828664,-0.263352091365892,-0.00718036906306573
0.255890584829136,0.933007890125998,-0.252843365911422,-0.00930149842874386
0.256802995795339,0.933014272171254,-0.246995117702566,-0.0502991163578442
0.235737971206653,0.942875697872376,-0.233053075414407,-0.033155562624355
0.223705060285354,0.948868896213406,-0.221458533139626,-0.0236639367207411
0.21663892367234,0.950153390216388,-0.215388020092256,-0.0623226492627922
0.202115086568725,0.95386912331657,-0.207293537114303,-0.0794517264459139
0.191196419087276,0.959912498887473,-0.193611117620366,-0.0672804499212306
0.180261605931948,0.965176174470035,-0.181519253684042,-0.054694297730304
0.17314149535117,0.967820068388363,-0.1717566076908,-0.062016171494649
0.159461675315558,0.972547835084226,-0.159905313397793,-0.0561513430444394
0.140564971615905,0.976479372222664,-0.149839761398663,-0.0654031366391801
0.130450225785243,0.978352997192335,-0.141518443666141,-0.0760307936277616
0.120106857463674,0.978179090316428,-0.137365027565256,-0.0993521980628626
0.107349702275793,0.980786639250459,-0.126798006003422,-0.102253974801203
0.093524381117386,0.985364755465242,-0.111944553093779,-0.0881924365020501
0.075272174136466,0.98524171514263,-0.10715100875033,-0.110233950611253
0.0621823919459304,0.98725436958447,-0.0966316915119226,-0.110111198630281
0.0572516250682495,0.987600647347453,-0.0887996172576877,-0.116111329166557
0.0333714908429713,0.987290633712266,-0.0820076885659847,-0.131978358828309
0.0309440080776655,0.98854208652725,-0.0717776794604924,-0.129131623778635
0.0149216678726105,0.988823250326101,-0.0629377440674837,-0.134330799945956
-0.00266005062492904,0.985849355466962,-0.0610073465888455,-0.156115585763358
-0.0204195557808006,0.983602027386988,-0.0564997407052622,-0.170052558822737
-0.0352857979838213,0.985310398229721,-0.042358484435524,-0.161629484925737
-0.0483331145770497,0.987007267358064,-0.0269328847382672,-0.150848214896051
-0.06496533119333,0.980184756337778,-0.0329067086394079,-0.184213185501236
-0.0832038356810815,0.98017982766259,-0.0195140258055288,-0.1787283692315
-0.102859345493525,0.97779256927586,-0.0106241283996063,-0.182287614525247
-0.111070970311136,0.977123861574456,-0.000515520343300642,-0.181361332523618
-0.125373649790692,0.970741645071528,-0.00432308886740038,-0.204752087570869
-0.142439993249919,0.967315465061202,0.00283213009518378,-0.209770394516282
-0.157498437540421,0.96615653625163,0.0168822868855955,-0.203594641432655
-0.176452376461961,0.960693044884721,0.0209034741183922,-0.213299032161028
-0.180941828578184,0.959281550955887,0.0283191264843889,-0.215027876661638
-0.21194811813227,0.950455622648868,0.0334795155943969,-0.224924935547187
-0.221871847026066,0.945276867138342,0.0339765446587159,-0.236791305506384
-0.23520917505623,0.941901353191633,0.0445305826712234,-0.235617299942299
-0.248977240610288,0.937584749635066,0.0536988943883391,-0.236773308570261
-0.268194588187561,0.928003435538667,0.0500672124131182,-0.253721423487485
-0.277732802127849,0.927582478042615,0.0715994912519486,-0.2394342287623
-0.298352735045068,0.919360680572163,0.0794358170094748,-0.243826855545188
-0.323071913773544,0.905190626221209,0.0682914961759576,-0.267564460050291
-0.336796278736154,0.895880007417611,0.0636267227397944,-0.282699343989854
-0.340194958574316,0.896242890430386,0.082711190884909,-0.272350748880935
-0.367127901102447,0.880538986856403,0.0744651183336668,-0.290384474463708
-0.374301101208014,0.877010365209791,0.0865707131473961,-0.288542919812996
-0.400040180988732,0.860948591393054,0.0821602647939652,-0.303290401202882
-0.409037870511773,0.855873772257668,0.0924775553110938,-0.30268136416421
-0.41541169490918,0.850517752713979,0.0954406340739988,-0.308129455616625
-0.436810263416586,0.838572998415116,0.108404157905376,-0.306986414441814
-0.448707847702104,0.829408334023378,0.109975410120821,-0.314083574915765
-0.46059755995727,0.816846240984558,0.0960986348675016,-0.333732166156349
-0.481725765940564,0.800544199015145,0.0922726159999007,-0.344318219367945
-0.48933985332147,0.793380905270787,0.0950391536056609,-0.349372017175028
-0.492704027738929,0.790700684933934,0.11163135384883,-0.345794171050817
0.512589224828025,-0.772096009380117,-0.10000395024302,0.362103919925337
0.521807611117389,-0.765121925363703,-0.11638399154867,0.358831468546035
0.548470823155993,-0.74273840289437,-0.122076814534844,0.364165721019337
0.562020478130041,-0.726204134514139,-0.105338346927817,0.381660018660018
0.568912770572481,-0.718835863205796,-0.115733499348706,0.382385954733205
0.587231873585982,-0.696317381146412,-0.0931510459823634,0.402024519140924
0.589716119712091,-0.691319640034967,-0.101672871034651,0.404937872702975
0.608081073901889,-0.670016818725637,-0.0947345227791185,0.415138820614158
0.611706299829027,-0.662381832846203,-0.0962881634916002,0.421656613651677
0.610250285084618,-0.662319904245649,-0.118454300353734,0.418205108435902
0.626734186292524,-0.639800797285573,-0.100975306545236,0.433201093019267
0.644557590020886,-0.615819507109725,-0.0980814281645369,0.442370750907887
0.647426950101784,-0.606759575740602,-0.0886386437586664,0.452575244972161
0.656279991383804,-0.591412000069516,-0.0834868361765949,0.461040526709173
0.664618319742331,-0.576114848891154,-0.0832968209307171,0.468439760879496
0.679157755118049,-0.551784416563955,-0.0744394670764613,0.478265059398614
0.679616412099771,-0.544666789642227,-0.0730161097015888,0.485930312276883
0.68868895959371,-0.525158412827767,-0.0600885745251736,0.496291770616325
0.699043348582174,-0.504345128276948,-0.0553299729145189,0.503897789718915
0.702982955069056,-0.489560053729235,-0.0477844396861114,0.513675545455388
0.709083138511875,-0.474800769149516,-0.0619610736634899,0.517615839830704
0.715807922242896,-0.454624660753209,-0.045535266022828,0.528073835592683
0.722304724071107,-0.433755106922604,-0.0470194154625082,0.536583234338054
0.716011027070753,-0.436393133649603,-0.048603386788868,0.542703374606439
0.724380643137012,-0.412168905721776,-0.0286688636365108,0.55187641122113
0.728744702295001,-0.39340149735858,-0.0352981116006405,0.559392942456754
0.734754854913767,-0.369607981432744,-0.0272213482551081,0.568141040095711
0.736682185555376,-0.354003202389859,-0.00720444686655899,0.576132958724309
0.736170409704622,-0.342795224398561,-0.0223119156230389,0.583135267691896
0.74266650818186,-0.314297657040827,0.00304726840849219,0.591315613322409
0.74222793579902,-0.299797827655916,0.00650267204021909,0.599313498186597
0.739672187237031,-0.290551472867019,0.00490783036174576,0.6069932538702
0.741653378952096,-0.270213585437391,0.0250210067990566,0.613440162487565
0.743319346425338,-0.246834367723608,0.0286714113192237,0.621069315224363
0.745035239519474,-0.224477426117493,0.0486487031234033,0.626231331635712
0.742807764873304,-0.209681455580807,0.053434953149666,0.633573213931377
0.737859548443051,-0.201114580371616,0.0345390966767238,0.643368683675325
0.73569282311575,-0.186058798841891,0.0460177389240585,0.64963109615674
0.740713193025573,-0.149815792508817,0.0906264099513535,0.64860315125055
0.730508339054119,-0.154979721447171,0.0687716142342899,0.661520458933931
0.732760774265991,-0.12017195598925,0.0867205518716558,0.664153517324044
0.72346906800604,-0.119810245675127,0.0655655183055562,0.676712032905475
0.723371649126565,-0.092060049410088,0.0857914894689643,0.678894855538928
0.72015642497654,-0.074819601046124,0.102333766949396,0.682132355929738
0.709027273156036,-0.0855535744674004,0.0991109082758889,0.692919865264011
0.702656756549407,-0.064475143620595,0.0813658120995474,0.70391479807712
0.704127476101051,-0.0288677785966311,0.112523389566971,0.700506699153419
0.696895736466258,-0.0155923310422133,0.109350196269088,0.708615372599081
0.689826105850645,-0.00415811804406964,0.112463944985928,0.715174464602497
0.684054412015245,0.0127378833994466,0.1198847940714,0.719399015762072
0.682049628584172,0.0392554632437205,0.14430908490123,0.715850683291343
0.667908746242071,0.0335244958823549,0.122797629091838,0.733276726180916
0.666734744550438,0.0650697169749351,0.148939919297402,0.727356592588359
0.655423623519324,0.0751697312642392,0.136730222410019,0.738968356233315
0.646562961999717,0.0816928410345543,0.142038628661035,0.745055463614588
0.640892437961532,0.10708741340327,0.152263303808984,0.744718104498269
0.629406364376283,0.110463395289576,0.146549356643847,0.75509519456225
0.616203560545693,0.10537169556002,0.142230807327611,0.767437538300384
0.609178148094285,0.129906430661985,0.149089467099092,0.767983485471653
0.608448302815467,0.167290157243524,0.177275300972513,0.755233827205535
0.590935374471807,0.156402639515394,0.159774629385432,0.77511654952996
0.583336647160621,0.177147783459885,0.167007851178344,0.774884118136026
0.570586143134002,0.176342328624901,0.164431332554434,0.785045968891621
0.560777387296726,0.190978582239931,0.169160042159867,0.787680635256927
0.549466323751933,0.205932834452685,0.16964620802974,0.791769278804091
0.541644701701303,0.231394810058793,0.177883304979488,0.788311479560165
0.528418675811845,0.234663555704478,0.176802728510835,0.796522136458562
0.515711312931574,0.235854586582452,0.175333111105256,0.804781185076145
0.503529270331004,0.256016751268909,0.17421896706039,0.806573895254521
0.499963742701589,0.279178742378773,0.197332466033771,0.795710615510851
0.48213048212981,0.272282780560874,0.186059444086849,0.811661363425295
0.471142142306869,0.291200309805131,0.187814981994894,0.811143016890454
0.454332661740019,0.290614667489092,0.184152230193015,0.821713395066292
0.445539570295015,0.313555859211718,0.189801058534885,0.816794204579325
0.432556967218617,0.318320954833353,0.192033770075062,0.821394710827488
0.418915009726025,0.3070613434914,0.19818812350637,0.831231023037834
0.403578390804672,0.328319777603197,0.189673664026636,0.832679114235976
0.390094329286739,0.344411454802871,0.186224042972246,0.833383327093823
0.375477177334465,0.335006870329249,0.192934575928871,0.842355943496745
0.361076313876334,0.346659660658207,0.188403368404649,0.844958665263335
0.346767388594791,0.351996004247936,0.19123718658537,0.848103489951284
0.330177931504011,0.351825024004781,0.191203181758155,0.854776596145055
0.318602178386326,0.364875428917024,0.196077110430833,0.852591543510256
0.303628058955127,0.376035401708085,0.194210877511343,0.853633125841339
0.285623214469109,0.377049055504217,0.187999922328144,0.860760953055099
0.278925952516571,0.413402124081853,0.19373531748003,0.84484650888682
0.265085461478576,0.401808868864903,0.204435357894996,0.852341196620545
0.245473654965852,0.414948625720419,0.191273852115095,0.854970546994161
0.233153657915677,0.424938138440237,0.195566866925661,0.85253771228044
0.219353609572457,0.424996655499267,0.201910324532316,0.854689450987449
0.196488138809384,0.420308511900684,0.191891566854755,0.864818358212338
0.188704575894975,0.459051864305801,0.190469457094748,0.846984861038081
0.172292782803467,0.441771647967874,0.201184681817181,0.857133438764178
0.155388215165115,0.456758145682067,0.192608640152514,0.854475517893567
0.135673196627927,0.442477968810891,0.194745219209909,0.864800746084687
0.119360149392228,0.452470454816408,0.19182223043003,0.862686428644931
0.108431133439928,0.48253740339738,0.184047503220912,0.849427371928639
0.0919643007777172,0.471890185536545,0.192727844104337,0.855405283058063
0.0723694176953986,0.479666908157448,0.182174192461542,0.855274744279339
0.0635797768870218,0.494189662755497,0.189746048098563,0.846008644416582
0.0411629355619331,0.483181424499442,0.186135802851252,0.854514357194502
0.027061354213232,0.48824013061904,0.189321016636345,0.851496805995788
0.0120530754953693,0.504610653563673,0.181764418518239,0.843910248688729
-0.00315495206326105,0.501801485123262,0.187630896196918,0.844381408249796
-0.0134019338856457,0.523505468022357,0.182378515458995,0.832166143397934
-0.039085874154031,0.514131824019881,0.173121070794925,0.839148292507602
-0.0531213483059679,0.518127197705561,0.175611272688397,0.835393925197388
-0.0709378785806069,0.517370663225034,0.174917940598106,0.834685047352287
-0.0819099194030654,0.53385718302064,0.171204076325485,0.824000265467304
-0.0994678450510012,0.529794119100084,0.173665950104538,0.824175028099108
-0.107869877841134,0.546135653252317,0.173596642832958,0.812381771889504
-0.133392226882973,0.539889473361868,0.16151830735506,0.815253155007328
-0.147710129473564,0.539746096746947,0.166287357138826,0.811914024729911
-0.164003077470773,0.551422766010196,0.152957358614314,0.80351724944242
-0.184667390426686,0.549176828462744,0.145725713499244,0.801914448315864
-0.192752468785572,0.557143400643339,0.153081507839365,0.7930975783939
-0.205617520075535,0.567188568244617,0.146402511591574,0.783954633949113
-0.229667464451883,0.557844466731533,0.140234587953852,0.785109334456462
-0.239325116855018,0.566563165650241,0.141273314625391,0.775739336597974
-0.251026523794312,0.579187276203412,0.130945454433394,0.76444821368033
-0.274361794785212,0.565138183289437,0.132741975038042,0.766631598235783
-0.290924342955407,0.566799146182011,0.126420216484398,0.760341820122598
-0.30242291407068,0.575437926033109,0.120407164446757,0.750275742029292
-0.316404511087538,0.580125557310558,0.113675548572003,0.7419032233219
-0.330740064725061,0.585475567331458,0.104109441392322,0.732796420471981
-0.341414727529296,0.590658822518003,0.102063537751163,0.723975948129121
-0.365256107587085,0.575814290749888,0.103423422912093,0.724105982596251
-0.368721344422203,0.592336585112192,0.0973770753773817,0.709718004066444
-0.395504229085204,0.576840658075657,0.0922278027819806,0.708749103957507
-0.397831818850471,0.595956089629228,0.081656946684881,0.692746942398209
-0.412902581007002,0.592576088429092,0.0817096879037362,0.686795868451833
-0.437030995261811,0.573014878444511,0.0904385879747353,0.687370875195355
-0.441937920243875,0.590858686954895,0.0717919080192975,0.671135462215643
-0.457075436162619,0.587225560965549,0.0708903647059996,0.66424599539425
-0.4753242771905,0.576617245266761,0.0755737427443333,0.660202994072212
-0.484204618638278,0.587305970695438,0.0570613160930492,0.646035285631194
0.500479756210407,-0.577915242871852,-0.0638326436728297,-0.641450995230094
0.511085496883797,-0.580097010382558,-0.058793387122664,-0.631523880032185
0.525842142291141,-0.583174104565591,-0.0344860063666473,-0.618230313491391
0.527937318698988,-0.592818612424318,-0.0343579584023218,-0.607180212937357
0.545170395460157,-0.587542977990269,-0.0236875573669136,-0.597512668111841
0.566352450184226,-0.571282079778178,-0.0297951145585061,-0.593290770738168
0.574556897926247,-0.573712324526785,-0.0275545417501098,-0.583077427929072
0.5841253789811,-0.576064952393466,-0.0157416703183725,-0.571575814804726
0.594894768338709,-0.573717430913827,-0.0160167359669777,-0.562753932227786
0.606251701988666,-0.575707403040205,0.00498250992328697,-0.548630143644526
0.623114550509498,-0.564450700017065,0.00458469267896231,-0.541389549942212
0.630959924556955,-0.565706684353682,0.00900525054866189,-0.530833708748042
0.64587453156429,-0.558031228192294,0.0187819753977998,-0.520667336443305
0.648735096298911,-0.566391279564518,0.0302697167047997,-0.507373075274912
0.670335688556036,-0.548006335976546,0.0236345251998195,-0.499780481407833
0.676728973241882,-0.549661724664056,0.0311348045517718,-0.488815414200336
0.684945506049461,-0.549091736831025,0.0419651220989881,-0.477060632219589
0.692647491477569,-0.548714423358871,0.0526644703601213,-0.465164903780865
0.70331191043993,-0.544073875757006,0.0608278638001812,-0.453470997239728
0.709646970386881,-0.542950474552079,0.0588864404727019,-0.44512733766064
0.722718193877897,-0.534856430651885,0.0741473843221938,-0.43140372764543
0.735203558734935,-0.5258483336153,0.0794013271372579,-0.420303088861289
0.736070170772623,-0.532388072441763,0.0909826232014466,-0.408026722526709
0.752892326530889,-0.516438297995903,0.0932369501374407,-0.397179430664617
0.759463011323293,-0.515231142056274,0.0876968653672101,-0.387378451248787
0.766098611085566,-0.511698344221738,0.104132913122876,-0.374718639805978
0.780354500051528,-0.497642197245573,0.112357306074043,-0.361628170282283
0.78121053337787,-0.502369055172018,0.123155530098561,-0.349525607575725
0.794228173888102,-0.49127866624492,0.10729449629191,-0.341078833937916
0.799357358351886,-0.485447790258616,0.138203338509343,-0.32598787371096
0.804842495961851,-0.483289610914052,0.139516868463194,-0.314951983785888
0.821346130140914,-0.464734794017264,0.127895364551422,-0.305048982064414
0.819453081519389,-0.469190863624508,0.153274146672005,-0.29131360531502
0.832536200684471,-0.457042938063322,0.138427129431549,-0.28077242947564
0.834471334580016,-0.456190190327524,0.152946819568166,-0.268617520644441
0.840588116860641,-0.445434822503219,0.175304721655812,-0.253510732039859
0.846644487110685,-0.441687750667548,0.168288256493596,-0.244507885520433
0.854183396370465,-0.431436315838672,0.176055790755926,-0.230733156009005
0.862964194199633,-0.419140519415861,0.179018591397469,-0.218097153689005
0.868757265567159,-0.413195638828554,0.178115589297807,-0.206893727373331
0.868377101259246,-0.40930311752126,0.202321165040755,-0.193541505038373
0.871305285718594,-0.398345522287714,0.222790012549268,-0.180312379665024
0.877559093216319,-0.391465799054133,0.218540401987015,-0.169954872785731
0.88842646181416,-0.374350169300445,0.215150195879387,-0.155790776062523
0.882788504339453,-0.376256155247565,0.241472029627611,-0.144246390429547
0.895097351698543,-0.360111804471203,0.228259111093347,-0.130453046977156
0.897791801419243,-0.35628300596567,0.230159937520592,-0.118569406361735
0.899420871596134,-0.348472095276661,0.241141612467804,-0.107051470270951
0.898873880943896,-0.340583375541159,0.258506921270732,-0.0959316533630884
0.905688630787024,-0.321609047290902,0.263940762254198,-0.0814309448823754
0.905645874791358,-0.321679193592974,0.267032097778875,-0.0708653980344684
0.910497416828569,-0.306065577892551,0.272138472388149,-0.0570873700922289
0.910431296308297,-0.302853127100978,0.277848101041104,-0.046853717626307
0.915987674833084,-0.286486552595155,0.278982417805367,-0.0325706200661682
0.914352761352396,-0.270835659204509,0.300304788248779,-0.0205938744621684
0.916527097856058,-0.264071515956967,0.300267668743489,-0.00914551601010127
0.913324849820491,-0.255405774719357,0.317182206724239,0.00102794840597161
0.915873901417151,-0.239855885343657,0.321614355572194,0.0144345855091165
0.916834799206449,-0.216859096465363,0.334114447483007,0.0274521261002064
0.918385127093561,-0.221054100439513,0.325955294920574,0.0381705216818339
0.911780938538184,-0.199547651600452,0.355875918852048,0.0467823176038122
0.917844912692641,-0.195957448185365,0.33966912294745,0.061532769001798
0.91920612593672,-0.189188578662848,0.33734243109004,0.0739450061207717
0.915480003555631,-0.176133022381828,0.352049626071133,0.0832741394407684
0.914023870621718,-0.166665877674282,0.357698185325423,0.0939939219718718
0.912502591945548,-0.147730345471761,0.366499802828467,0.105795364955867
0.914675253766377,-0.133435672353733,0.361997055753137,0.120508228420226
0.910060150196968,-0.131079404757848,0.371903065945976,0.127659007562267
0.909006765991853,-0.110006594859266,0.376448147912927,0.141039144925897
0.904998516024165,-0.0961587515233104,0.386107017421296,0.150507646309311
0.898778238057597,-0.0876987072855405,0.400161065198234,0.156133716518695
0.896999934204191,-0.0748940106864485,0.402023354188102,0.167807115130206
0.890803679810797,-0.0649277881691137,0.414835743321862,0.173679280346301
0.889336537690528,-0.0477767813815248,0.41429097230352,0.187512378677384
0.886025517501776,-0.0354920181834072,0.417723935153997,0.198004578180498
0.877673248128466,-0.0222574239311122,0.43432373240203,0.201388113035372
0.878559893646326,-0.0152420630350514,0.425516571425696,0.21641589644181
0.874737879008894,-0.000339790127221132,0.427704188812299,0.227821540777213
0.871586888781367,0.0094547123456083,0.427663181905015,0.239480910641657
0.857153166719044,0.031642835181131,0.457433592935784,0.234609649884812
0.852298805839573,0.0469167808438226,0.459528687979667,0.245395489288978
0.848821403591612,0.0553617844003886,0.45970067249872,0.255171686001789
0.848236024044229,0.0596764101869936,0.451183077654635,0.270865656772732
0.843890720924225,0.0649896526678053,0.453510136889434,0.279201274930178
0.837469488642053,0.0858815118395271,0.453857566821026,0.292031728682129
0.825141229706154,0.102901235524288,0.475339433346844,0.287412090685294
0.821285278629998,0.11533253269821,0.469580925712651,0.302791433521348
0.811962514580272,0.138570585434123,0.472699527253536,0.313161659056805
0.805241591378125,0.14475189896738,0.480551284204917,0.315758341947075
0.791978244092185,0.164112113122136,0.500592044825939,0.308618340135889
0.788169507640852,0.168667024211878,0.496798661587701,0.321762881658769
0.784341176868151,0.174540420908516,0.491087973984535,0.336418134983723
0.774748157967918,0.187593474945423,0.500979931910815,0.337035736541177
0.764760394047441,0.206800543917537,0.502226420281517,0.346617508938925
0.759318577532086,0.21105868350246,0.502652540697406,0.355288549299438
0.744269328814817,0.236717049671703,0.515458937253032,0.352605003631884
0.732334261642335,0.255904155866222,0.519475433805421,0.358252516959537
0.726785755442318,0.259985456500558,0.518166091248361,0.36836657011017
0.723285584308236,0.25758031000556,0.51957302053665,0.374905619802845
0.710260562824728,0.275642330432476,0.53121745484464,0.370620094217834
0.701343987824237,0.286772145232025,0.526982392273417,0.38492584441111
0.686979010772292,0.307283301606441,0.534068236012827,0.38523749894619
0.679746242115353,0.311364592781724,0.53929790967722,0.387498259750554
0.667089997274724,0.327263086487093,0.544904988838109,0.388546471993107
0.660382223058477,0.329978477199949,0.545660273900888,0.39656574428404
0.643947637664119,0.35187389482013,0.545900360650818,0.404362459103487
0.638615753065088,0.349778301336558,0.54245653352837,0.419005929652083
0.625507919931961,0.364477424768556,0.551714003331299,0.414134890421738
0.609735120157227,0.384245867024246,0.562325980214671,0.405422851967236
0.597127940013419,0.395625201133718,0.565073076142083,0.409403642024055
0.58643280450038,0.404058527578036,0.570866980179367,0.408588011373535
0.575919598382948,0.410208044138243,0.572557292950168,0.41499894338694
0.56502551341177,0.417832353734955,0.577711088005769,0.415225471474552
0.552751925461432,0.425324891105288,0.578376864900346,0.423136205084133
0.537113490179384,0.444695231211933,0.591995624614593,0.404099530365806
0.5290231643733,0.441380160370993,0.588662327622793,0.422841234537328
0.512723492527331,0.453085430423553,0.588867155565052,0.430190290505497
0.501856499615428,0.45852257544624,0.594856076305758,0.429002739014584
0.481958521227363,0.478199259051536,0.600159571644021,0.422906539347596
0.470864889387367,0.478265122906978,0.599801481311802,0.435645396129884
0.450771789906801,0.498978324780113,0.607769420334521,0.422423669471885
0.443465391415004,0.492493090323711,0.609070791302337,0.435685406896861
0.425636555315965,0.508110454683135,0.616846436551057,0.424449952685496
0.414072878839021,0.507678222240208,0.618718563214042,0.433582533328245
0.385901216230406,0.53275654498633,0.620360143198575,0.427087822135875
0.382497705784824,0.520275119319448,0.624848206922595,0.438832568973748
0.357982864843019,0.541598877031585,0.629298539547612,0.427202847603047
0.348482160904259,0.539074407487376,0.635495180007733,0.429074402534773
0.333083531558828,0.548232152447797,0.642988268790423,0.418405251191533
0.314949776902349,0.554682456529308,0.645782591379407,0.419641341050988
