0.9999214641927604,0.010826267375501717,-0.005759807809099571,0.0025849555745573517
0.9999277952442142,0.00641001924348772,-0.0092772981949699,0.004153033776011424
0.9998646331258064,-0.015564947144213075,0.0051381299561989785,-0.0014308966236339445
0.9994310145142493,-0.013878401110161215,-0.027812717705143552,0.013095416889041547
0.9999712612103934,-0.0011671204594017465,-0.005937586918786212,0.004567236003354658
0.9999808774742578,-0.003495787175077947,0.004993253885957433,0.0010447839347601144
0.9998973990938826,0.0014700527787697894,-0.011065712232294557,0.008976649871114156
0.9998358449505849,-0.0009674318882809178,0.018010057159002852,-0.001727735113115767
0.9999635105337404,0.004776953015965437,0.001643652751087844,0.006888884275052549
0.9998199657695828,0.0139288416131334,0.01209188976128102,0.00445080013341759
0.9997837516147408,0.01730641593045119,0.00048583138979851534,0.011519632921987292
0.999737933308782,0.008365129815852907,0.020648680639680114,0.0052651015649951135
0.9998005017798076,0.011448947102891805,0.011093214850442078,0.012034069775518073
0.9990828048681579,0.022332768578473956,0.036325884998179035,0.003902120384323616
0.9993378542634609,0.028172679658298075,0.01720333256103406,0.015303545529287895
0.9992888239941896,0.02496264553303951,0.023392858076795333,0.015858334064468696
0.9990021535301208,0.03510067961883878,0.015384649283386051,0.022933645565062635
0.9985141364427763,0.04121024840335563,0.029021947205085535,0.020711381675198516
0.9982229129359258,0.04316966360635415,0.0347105367647555,0.02196758683451163
0.9983189822460776,0.03941012645026767,0.03271032931110583,0.02713090445762117
0.9972575589786647,0.04715864046488292,0.052538462250580655,0.022206613288910368
0.9973527938139248,0.05318423476727611,0.03496270407805755,0.03516320758019926
0.9953111624984513,0.06556356439534237,0.06654952055640982,0.025065317541801246
0.996518376249713,0.06131879959354765,0.028953329550600572,0.048506033861532086
0.9945456197716018,0.07445576511669584,0.06299284520087385,0.03697635308554196
0.9934093140968968,0.07658300337958583,0.07771919723612336,0.03510989376041619
0.993511484912496,0.07757915341697488,0.07019141651107133,0.04460458889219952
0.9927430109564745,0.08303073679531063,0.07106307504241458,0.05017220654722153
0.9905407422729745,0.0933812385299475,0.0889858916945266,0.046802705768446355
0.9883484674125242,0.10989911173162079,0.09149055593854816,0.0521437472567002
0.9872318570357439,0.10909740218335691,0.10390905022004887,0.05171002391187487
0.9873792392081513,0.11815207175722552,0.07249712827887746,0.07659303043700405
0.9834370883775968,0.1320382265118014,0.10562368606968518,0.06527661820334793
0.9796253654728097,0.13950586171353535,0.13324252364192393,0.055845212537507925
0.9798602340116969,0.1436809228507083,0.1180888942192555,0.07269612970017686
0.9772581953906151,0.1493719144260826,0.13247055354882264,0.07145630248644247
0.9738530593990407,0.17094588584141862,0.12214984523297581,0.08641260395672207
0.9697088796475013,0.174258327797375,0.15450676872121155,0.07366398268747283
0.9705552441588688,0.1735270859445945,0.13909936970538786,0.09253233935689503
0.9610254417869132,0.19674933730276906,0.17943563690483927,0.07431453907375189
0.9653513469449229,0.19080097320607897,0.13952688893922038,0.1105622577472925
0.955304485034895,0.21290444390420435,0.18518333641321405,0.08815991466038334
0.9547574465965049,0.21750320508759752,0.17251202610665495,0.10663102172314326
0.9442879226878188,0.23635928043524315,0.21212037839200895,0.08636871359982738
0.9421223895770635,0.24038810732315724,0.2141753251160749,0.09353016105309311
0.9394834994590644,0.251167521838976,0.20471111691624583,0.11126090431198547
0.9332966132313847,0.2646613253854013,0.21529397760151836,0.11207282357729187
0.9253849912388366,0.28135300083505166,0.22805878511876368,0.11176894667645106
0.9174130988238307,0.2949440975112882,0.2449341718888202,0.10662287226878595
0.9145779181017892,0.3006396931622029,0.24327694835298452,0.11823422945996873
0.9090364970267221,0.3107907414934278,0.24951096752370777,0.12168006887216544
0.9010907983220791,0.32093560482356714,0.26891618835753867,0.11278206583966355
0.8941589117160177,0.3323759418942843,0.2774126186761495,0.11422921188538193
0.883612204905659,0.35193234471658663,0.28603408505108463,0.1164371000713873
0.8835797922755725,0.3463306929038416,0.29181406788087777,0.11910647178812601
0.86703704484282,0.37967984871284177,0.297089687079348,0.1258081602389865
0.8594734385804531,0.38737325595454336,0.31166672028851233,0.11879067476224815
0.8474997110708782,0.40275483684136226,0.32671118739548866,0.1131042933150445
0.8440404793004828,0.4093446299188462,0.3216581749353737,0.1287193138424012
0.8346168016498714,0.42218639248197104,0.3279573101478979,0.13273073166133734
0.8199450313794702,0.4379381593611026,0.35078855320271596,0.1133477173721406
0.8156551521183119,0.4438893267475093,0.3479752446463115,0.12877176528974077
0.8045917909455323,0.4553059201972443,0.36154784346521385,0.12087897195978514
0.7892909865273283,0.4756220589891655,0.36798706521266245,0.12405206739831202
0.778788528216598,0.4862544720079514,0.3767613050344938,0.12286551916302074
0.7737112579546502,0.4904803929766108,0.3789005854322113,0.13127916734527897
0.7574220955428987,0.5071108462716573,0.3927339011747226,0.12210831931171023
0.7456196835597529,0.5172391613578052,0.40375510921658686,0.11617551044703983
0.7332355551180336,0.5300241074380984,0.4080058548919636,0.12235721727415234
0.715883279355172,0.5453450278140143,0.42165193223034825,0.11099359902548639
0.7084705993184199,0.5496453143759211,0.4290192830421376,0.10909579764593927
0.6856626038409536,0.5710114291837199,0.4394147633625066,0.10357319718286882
0.6807290663321267,0.5736083945684816,0.439393829295053,0.12047576813861802
0.6637243026718054,0.5871884054291332,0.4481837478142158,0.1175208694982341
0.6480503178013545,0.5985416980702368,0.4588497800199717,0.105997644522813
0.6362622283551811,0.6050697950369066,0.4671004420115653,0.10429811587509852
0.6252308404966687,0.6112978229180023,0.47373497535510195,0.10476898831639518
0.6005636406119322,0.6283691567803913,0.48696227356705024,0.08569282644685769
0.5913362476760436,0.6328157944904818,0.49099909797695357,0.09373098854495793
0.5754536932276685,0.6407990693207041,0.5012261950329874,0.0836773632538073
0.5682426279305588,0.6431183419210657,0.5053087555071878,0.09034476019697499
0.5469679554550108,0.6559136802787653,0.5142337140900353,0.0785301663165133
0.5422216478133733,0.6549724204269276,0.5185380027373592,0.09013962968524064
0.5133409042199403,0.672213289865162,0.527677846922987,0.07852705807573891
0.5043925549691379,0.6737465026890451,0.5344070310418954,0.07786479165176143
0.4959346699132469,0.6744330386312449,0.5429786697064926,0.0660533407514881
0.4756911416089125,0.6838039548668077,0.5462011565664283,0.08828581805034463
0.4494827449305289,0.6951030537067324,0.558577328509376,0.05280506427059224
0.42825099802722294,0.7034733252805772,0.5642817709386073,0.05755385559425125
0.4228246234125319,0.700698428074578,0.5719851659619716,0.05544385132115121
0.4147348067585792,0.6996914378733654,0.5781064303732805,0.06496065725259989
0.3916226733399829,0.7077401079254407,0.5866285555006022,0.04003197760550408
0.3801451681604551,0.7077503022879075,0.5939756305991021,0.04209644866296741
0.3645273802031163,0.7099912253781345,0.600781451367262,0.04575911560939842
0.3508648414538416,0.7106111834073358,0.6081026610376625,0.046225130469370476
0.32059083042221054,0.7205249220629991,0.614549204512253,0.019865330821894615
0.2973018617334735,0.7251118090787508,0.6209651353308,0.015058819606873317
0.2996921724319199,0.7158847356201317,0.630248195239931,0.021928508520662467
0.2780623452105167,0.7204733820204848,0.6352911159108451,-0.00215314206338521
0.24609465335957828,0.727880601584666,0.6397354190808108,-0.019127075000465954
0.2359895478660998,0.7232739274482698,0.6489737717998846,-0.004099108115106883
0.23511536954453224,0.7156438064788392,0.6577031528759534,-0.0011260326130910381
0.21105155101674578,0.7172293694110533,0.6640884774323584,-0.005076279072351018
0.20252015781870258,0.7125348833754682,0.6717071258034731,-0.009442605309672945
0.19096124924252447,0.7096835873919983,0.6777094662480362,-0.024349259371913214
0.15407570949753896,0.715229008596838,0.6805676363258778,-0.03918971025947679
0.15566324062851683,0.7050574529839169,0.6911925092274005,-0.03026315741607425
0.13351472388951152,0.7039858682766106,0.6964511850616413,-0.03915945093803459
0.12096362401613898,0.6992835706661938,0.7031403089007962,-0.04431698839171353
0.0794555305679124,0.7037294151965295,0.703281162346192,-0.06202689366969987
0.07599500468718039,0.695608415688352,0.71139435728174,-0.06535870036833695
0.0718733822888749,0.6864433580751041,0.7208625131302052,-0.06314245985498525
0.0677395539470017,0.6779667277384144,0.7290523866167836,-0.06523102390046043
0.02760294074864896,0.6801894587678443,0.727877338982718,-0.08231012840832495
0.029908917817062317,0.6672802044120787,0.7407317928264937,-0.07182615492184052
0.001070324460799134,0.6653615276719778,0.741699164810795,-0.08470679337128541
0.010372573273172326,-0.6565898171076825,-0.7494654639351935,0.08416495804320165
0.020583995969190146,-0.650981122812588,-0.7518909289931852,0.10227369040619808
0.04409931491669376,-0.6442619506281699,-0.756646695909058,0.10231112826365915
0.04663250217207166,-0.6332821954303125,-0.7655203624562862,0.10371906939864531
0.07150484265019902,-0.62590021093235,-0.769644701374456,0.10384130718857512
0.07237439286925794,-0.6139801824238189,-0.7790372596219256,0.10436106059437544
0.09868634345859988,-0.6106729850485604,-0.7759510213728342,0.12344846445826747
0.1180480724149506,-0.6028548192985702,-0.7783117664633916,0.12985189113846768
0.12062317694127063,-0.5889335287677897,-0.7894925726481643,0.12372883904369368
0.13530666356698312,-0.5795834744743114,-0.7931753931865497,0.1290267358109128
0.14752515179315467,-0.5655237759476591,-0.8026182561183917,0.11926073692451711
0.16712885497625912,-0.5608014078941472,-0.7986210444166926,0.14062060358659215
0.16190580058889922,-0.5423322984630211,-0.8146292237422108,0.12665471805126938
0.19555058316691742,-0.5406188541294341,-0.8040756646343428,0.15150428880297429
0.1952175806426755,-0.5262347267202124,-0.8138417181614531,0.15042860892043625
0.21192340871150128,-0.5159974428362218,-0.8152615515478043,0.1555111262721921
0.212473632642542,-0.4994093907218993,-0.8266080693785579,0.1488768468524117
0.23866891323362638,-0.4915197632092376,-0.8223167058306208,0.15887324363306538
0.2446237502084534,-0.47966427525502153,-0.8264716464691478,0.16439592896602812
0.2503333989198841,-0.4638241171523626,-0.8344910318117897,0.16070188411697056
0.2794009469410794,-0.4551343114760526,-0.8286601476614173,0.16766105404477782
0.2750624040552771,-0.4425247676647421,-0.8351372830213206,0.1762334315229762
0.28638546470721926,-0.4264514947218841,-0.8408153065706209,0.1707398854704227
0.29470545793920194,-0.4146120374991524,-0.8425212331316636,0.1772103923136219
0.31263049060647075,-0.40152579233912467,-0.8423839752202724,0.17728071728670028
0.32159308960508165,-0.3868336418339263,-0.8458568695276728,0.17738031045357128
0.35286357370039095,-0.3779103491630492,-0.8361416086329011,0.18313458620270354
0.33694013416194823,-0.3581439670079763,-0.8518869964756607,0.18025756606144305
0.33894672937027226,-0.34532084287203113,-0.854564443549819,0.18864846129172086
0.36609187211330135,-0.33348612271493144,-0.8483989422506242,0.18703738106903106
0.38630817230426207,-0.32234167470904324,-0.8427003528846818,0.1916192996666649
0.39091060033877933,-0.3074220294482508,-0.8458308245690725,0.1930047008792714
0.3828656034301698,-0.2846740153298198,-0.8594191018421178,0.18377552093501687
0.4127563086926352,-0.27932872079358395,-0.8446782894743138,0.1952595264385262
0.40620243115732296,-0.2629203033794706,-0.852293868970228,0.19866469215360708
0.41189660188057375,-0.2456057605826434,-0.855323551616388,0.19606280059762848
0.4144452736672786,-0.22732398982622826,-0.8600115460096398,0.19219536808791363
0.45259603697442474,-0.2196317238435578,-0.8425461364020821,0.1924441249570288
0.4241769736187937,-0.19557435181330152,-0.8629278070642579,0.19282159567765972
0.44924407225492424,-0.1838102464601814,-0.8532519722880136,0.19066889790071892
0.4575528308816307,-0.17066348257601774,-0.8506831612264042,0.1945701464076197
0.467491081309739,-0.15473122691872085,-0.8490166354899233,0.1915230768692094
0.4656185997603078,-0.13828921584097956,-0.8523035379854238,0.1940466219156273
0.4765794348200141,-0.12493869904678602,-0.8481302452960258,0.19477538551171109
0.4837721093270574,-0.1077816845093912,-0.8474003257750911,0.19042148670209838
0.4916916216439772,-0.09188290659359262,-0.8452479375552923,0.18802341540232126
0.49961458092162386,-0.07717788926514577,-0.8422599106592255,0.18715524795046695
0.5061634990745132,-0.06216457260358069,-0.8397345124338762,0.1864940394358489
0.5237542628553644,-0.04790249654730475,-0.8314250461505814,0.17921834615594665
0.49759605498123954,-0.025658207967137837,-0.846379163497345,0.18810139294688094
0.5237897761384508,-0.015169243590583864,-0.8322734515065596,0.18092834598005814
0.5307152546629041,-0.00015697226161324245,-0.8284866955453376,0.17874867588926446
0.5314895607542598,0.01817014596226748,-0.8285566444526314,0.17516443571213144
0.5311450367924732,0.027691824088363518,-0.825534290302,0.188709428235461
0.5284863221902035,0.053978482036537455,-0.8294149269618469,0.1727987548212595
0.5459274647778121,0.0656707097104978,-0.8184515998300006,0.16669595023006034
0.5631890509921913,0.07791534272061681,-0.8072774589951375,0.15827317021402568
0.5377011437196476,0.0964085133816276,-0.8184678752428558,0.17802588515598627
0.5539314454834013,0.11085077275317229,-0.8083826742383036,0.16549777000317192
0.5656615037762825,0.12685440985726557,-0.8002570517776265,0.1533742903015401
0.5630795862352977,0.1450268772124112,-0.7993486380336812,0.15149369401001747
0.55613789892901,0.1612128903407173,-0.7998879811343725,0.15779815905008449
0.5584731749211196,0.17659165998195908,-0.7954093740133836,0.15571456659535074
0.5735824478111233,0.18698202827202745,-0.7836654083671699,0.14801832452434904
0.5822081059303914,0.20213888643541125,-0.7754021926711968,0.13756827970247468
0.5837917709191871,0.2197958627713956,-0.7706896078806247,0.1300556620083344
0.5685617911255351,0.23946945929152702,-0.7746038909285075,0.13921451036858276
0.5761091949470916,0.25344826087747163,-0.7659897252303687,0.13085073709040854
0.5907425922331275,0.2627869009593468,-0.7531909642511454,0.12111814800556138
0.5852612059703138,0.2816610612605626,-0.7510097512020109,0.1188306397998483
0.5892602962317536,0.29433236628704695,-0.7435130827047604,0.11545153653199172
0.6015410206614563,0.3066473634132517,-0.7308964243262179,0.0995299546891466
0.5893969024647718,0.3259434390093684,-0.7316008394144148,0.10551008340344528
0.5906212526947039,0.33703744613730124,-0.7251895435496328,0.10803898228352424
0.600119156436806,0.3485322137699553,-0.7136660836969216,0.09519986881760423
0.5892603939293428,0.3660545232756049,-0.7128430913956791,0.10310674655499819
0.5896031624274127,0.3890825703157045,-0.703462189345333,0.07825479214456814
0.5918959958343927,0.3965691340329591,-0.6965308198967546,0.08506978888839589
0.5790357679266277,0.41741839604990866,-0.6948422973965471,0.0875993370376199
0.5935559159938387,0.4259504534408742,-0.6794542392500498,0.067819780059838
0.587184802672373,0.44273850215759986,-0.6743048546977728,0.06715347458521291
0.5955486499577408,0.45153321297630933,-0.6620827076567755,0.05555223969090723
0.5959686440017516,0.4628069391854601,-0.654065644139314,0.053190652986436625
0.5975126582459392,0.47552154098379995,-0.6442043803704306,0.043111525231811484
0.5963870529619089,0.48746378701892823,-0.6363768647438122,0.04154546212777029
0.5948602518729332,0.5007701424267187,-0.6277501840057012,0.036059002709484686
0.5910645175668012,0.515797105265113,-0.6194612832379098,0.02939048898702567
0.590536292073375,0.5260873474292029,-0.6113176954849596,0.028100992973432975
0.5811878627107698,0.544760892814009,-0.6040135553938755,0.024977245617178578
0.5849914218528188,0.5536164328201494,-0.5925566154409411,0.01305906456400905
0.5914997522300561,0.5596068010482487,-0.5804880180852964,0.0013900329969296632
0.5798255441881398,0.5785068337059355,-0.5736999686498829,0.0007263839095574182
0.5737755149857872,0.5951755150349403,-0.5624560734019549,-0.01381774941670755
0.5711418860811006,0.6038299999233343,-0.5560311709417017,-0.003951467766462247
0.5677029043789845,0.6155128571706817,-0.5466276933266432,-0.0074498258800385474
0.5606591959859502,0.6297522055876571,-0.5375336160253333,-0.011447146220714589
0.5455296810655963,0.6487323013134958,-0.5305798739626794,-0.0053633622581075535
0.5507233497280822,0.6556376492012594,-0.515831940682948,-0.027576692792831082
0.5549677412506526,0.66121285380214,-0.5032230137168751,-0.039685848909709075
0.5540698618738107,0.6689967145378859,-0.4932275372013095,-0.04665383850211818
0.5417714608436442,0.6851616825889356,-0.48523710126754654,-0.039775727280728
0.5489356279001844,0.6878059911530635,-0.46959323726025665,-0.07123753557791423
0.5288045676603592,0.70949442923706,-0.4618415119827005,-0.06071080556747887
0.5301455250280029,0.7147636297563954,-0.452256645654905,-0.05935151498672389
0.5109565594965685,0.7341038252544841,-0.44450224871015276,-0.0493226007605134
0.5224145323045588,0.733092648072561,-0.4258625082420675,-0.09110076757494526
0.5145096860914901,0.7440856095569754,-0.41663356508304233,-0.08962622950038239
0.515451835804356,0.7489088551004639,-0.4066339612166099,-0.08996528943609383
0.5095530049897442,0.7571114424742377,-0.39360106462521544,-0.11052692299343882
0.5063712899363001,0.7651339906647666,-0.38400787133711634,-0.10342169892625425
0.4976205821667005,0.7758345438599618,-0.3693969083766524,-0.11832345853401349
0.49503201792878904,0.7817040608758389,-0.3588056887928397,-0.12304690213682774
0.48490797687508785,0.7922870304027928,-0.34610830656597963,-0.1317366901985304
0.4731725499380358,0.8043259782995492,-0.33555240742611714,-0.1287324375911029
0.47884485891861905,0.8035013271656762,-0.3244624598042257,-0.14077404060406684
0.46219670119426537,0.8189819796480333,-0.31166792262203924,-0.13603614381990384
0.45720441779196663,0.8235427109540618,-0.29959227510142283,-0.15161131978020914
0.46297640481083413,0.8207651584595728,-0.2880455805547973,-0.17037355067649732
0.4428166219855701,0.8389576440553642,-0.2763425394862605,-0.1539425595624758
0.4412958897375968,0.8424126720261726,-0.26474939298368316,-0.15970781641860254
0.4322241301366833,0.8473485584315964,-0.24971879544312137,-0.18117186606622857
0.4229225353446591,0.8553737384728662,-0.23872818921608782,-0.18022527098663516
0.4218417603848143,0.8535409680548188,-0.22657733491011575,-0.20537783802667908
0.4148163320703748,0.8626318800951901,-0.21557191000642237,-0.19319006627490257
0.40094988628488176,0.870675099998445,-0.20237695396949978,-0.20051839674420188
0.3969175587356285,0.8724534034355262,-0.19007089247972336,-0.21249603815854376
0.38014092441074737,0.8790095243402742,-0.17576217700515062,-0.22790961112168356
0.38055621497140213,0.8824136485836466,-0.16516094213196553,-0.22191210700188946
0.36028614937306325,0.8934592995187267,-0.14972136799409713,-0.22250366882236533
0.35957462404140256,0.8894938839321728,-0.139711415354814,-0.2449233361937921
0.3599770204106513,0.8924899214104761,-0.13004484785066472,-0.23867681601799803
0.33894389190627244,0.90114399263743,-0.11416786445966882,-0.24499437013453926
0.3334776741391116,0.8978609782341206,-0.10401959966637489,-0.267989230194953
0.32623426064627586,0.9085899464062331,-0.08991568238849966,-0.2448482928890997
0.31876329417227783,0.9115339840764246,-0.07870503317904189,-0.24759094473442209
0.31292492995904236,0.9069841930374668,-0.0682071735274182,-0.27350583772509207
0.3041970708092584,0.9116838144232786,-0.05503081913836182,-0.27068131367837184
0.2896566301780799,0.9078864113106244,-0.04459282893032137,-0.2997545335093136
0.2744363457945502,0.9163586399487856,-0.02953883251428984,-0.289998262877279
0.2612449398013525,0.9212919492513739,-0.015320025240447456,-0.28764130875001875
0.2599244448647715,0.9208148217430723,-0.004275537199153962,-0.29072507081721205
0.2451071097135738,0.9225120911990103,0.00844903166237742,-0.29803113968754247
0.2333259458771507,0.9179626098578284,0.018016343867403417,-0.32027966097957045
0.22646879185616448,0.9207697362217749,0.030607690788307156,-0.31616158596183086
0.216892365360556,0.9253487567360389,0.045684530333540634,-0.30757162408709693
0.19664874845939706,0.9144036440507425,0.05087222018621509,-0.3501531988850039
0.18882743835620985,0.9220276692556036,0.06802934040073784,-0.33103048877037006
0.179199341062335,0.9148718083813802,0.07488536896303595,-0.35396235944953164
0.16864417591849631,0.9154814110675514,0.08741990924035134,-0.35469802281228713
0.17140171742845597,0.9214137529712703,0.10406809670131148,-0.3328482812738286
0.15290976947520146,0.919845165035781,0.11608692049569251,-0.3420925337524362
0.14367216249299264,0.910646856507747,0.12026649479322389,-0.3682615683007067
0.12764094926068337,0.9137748973545391,0.13694889274267266,-0.3605110619843584
0.11977020524435751,0.9094910134256224,0.14565543682253582,-0.37049384361659043
0.10330753682953575,0.9082484774788666,0.1584300888743668,-0.37324544596122267
0.09113116934737316,0.9042444755290574,0.1683592684285937,-0.381696469963704
0.08095679862893483,0.9002744573570446,0.17788810315135625,-0.38898293142945145
0.07493585881531467,0.8983779672173339,0.18968127290413986,-0.3890021334022893
0.0590852325076856,0.8931243760688621,0.19832627136836817,-0.3993801124946629
0.04376796618046304,0.8873143750004987,0.20697657952087067,-0.4097783066289958
0.03248952530611641,0.8842274506299679,0.21907397306458043,-0.41120899871413097
0.021627447139193567,0.8812493061550974,0.23105768558368817,-0.4117575255707077
0.020683055158340277,0.8803636233023144,0.24492184486024002,-0.40564195037693085
0.009056408340981367,0.876461235804509,0.2558256507782648,-0.4077829324573478
0.014577329837544431,-0.8689136210897924,-0.2650884605642344,0.41773763131340935
0.0068855592545754955,-0.8652522897709248,-0.2725161779284851,0.4207445743987717
0.03489838961179565,-0.8569495502788964,-0.2820051775641774,0.4299914539921858
0.04506128246893636,-0.8499581282936945,-0.2880630866275275,0.4388169539709739
0.051706238972746815,-0.848666117235837,-0.30709735173194813,0.42753187350927313
0.07233252140850331,-0.83265656396334,-0.29810016689155955,0.4610719502796439
0.07747526057944598,-0.83376573174054,-0.32220493233705194,0.44160646525043756
0.09153908851200018,-0.8238487411835271,-0.32388980064534617,0.45605837780116565
0.1073360801943905,-0.8138308932963757,-0.3272476840973207,0.4680461475729323
0.11746491859185877,-0.8075890309731121,-0.3387178955594609,0.46826502878165943
0.1408366672344687,-0.7956612864708179,-0.34210641327600366,0.4796366878891972
0.13593787497286244,-0.7956608017437342,-0.36314615504156517,0.46537044684305856
0.1732893324240757,-0.773114815424922,-0.34300502465269606,0.5045907673565874
0.163483639172954,-0.7776544522532735,-0.37840098459011035,0.47469921789978087
0.1911938085632066,-0.7607584186115809,-0.3723523764710411,0.4960294989363743
0.1920737325097424,-0.7551757897489402,-0.3797360904607197,0.4986157934306227
0.20155512564523306,-0.7473974680154022,-0.39278558319392337,0.4964796488933955
0.2218145694146763,-0.7359789354038635,-0.3993197585313632,0.4996769295090889
0.2210483568083444,-0.7293828954508124,-0.40420837649332014,0.5057210734671383
0.2380463293923022,-0.7185952159067709,-0.41979062837312625,0.5007301559411501
0.2544336904826091,-0.7055286465993207,-0.4144104912918442,0.5155160236911972
0.25921076476414195,-0.6980972951815804,-0.4289222572170761,0.5113664470361328
0.2749316279253005,-0.6846726140656464,-0.42577497060954106,0.5237859161120156
0.2968228579779645,-0.6690399861288913,-0.4253587991569202,0.5323077868322325
0.2846194901989938,-0.667662403592486,-0.4459389729157672,0.5237910776853688
0.30690407005084364,-0.651500542999316,-0.4361280337026959,0.5395824983044235
0.3377947255529283,-0.6307765826097661,-0.44288211462640964,0.5402509220388305
0.3392693407365042,-0.6231522324638147,-0.44355222920553866,0.5475755925699931
0.35220284631333226,-0.6095947518080358,-0.45234047979119124,0.5474810352506846
0.35474114042576266,-0.6005153209591774,-0.4584385987708888,0.5507940846992727
0.37372975937837477,-0.584689867637441,-0.4493425786427402,0.5626322712534243
0.37596021833023296,-0.5756245773164764,-0.4563739086889573,0.5648301653508554
0.39264360908751955,-0.5588108278612249,-0.46382693807639586,0.564292500767514
0.4016889151611919,-0.5446076004944064,-0.47317444434426204,0.5640518789436382
0.41293173486092183,-0.5324804366448496,-0.46129531150892483,0.577198928026676
0.4167439464703154,-0.5214336449317433,-0.46743810623086074,0.5795973204362236
0.4265051961855504,-0.5061185134171113,-0.4753929182576124,0.5796023992994591
0.4330127288333302,-0.4943245561154626,-0.4735293622403962,0.5864410908060309
0.4455317313966008,-0.4750485492099183,-0.48754537154525923,0.5814893489111336
0.46575647644586005,-0.4555847581577661,-0.47711194953612146,0.5898115125978031
0.46851959986775793,-0.4466412522728057,-0.47010081734975045,0.6000051648402972
0.47766902501548636,-0.43111143209557173,-0.47112427320429384,0.6033383419400641
0.4900887092635452,-0.41188155020508316,-0.4750376567865079,0.6037432155211634
0.4938718294225799,-0.4007961514973873,-0.4711822938255697,0.6110976247973412
0.5078693627486911,-0.37958361551598147,-0.4739188172279119,0.6110531432619842
0.5098579441468847,-0.3683683402726331,-0.4725273812070952,0.6173066634053633
0.510654188713456,-0.3550713280885477,-0.4778975890281375,0.620298755375126
0.523728083540562,-0.3353153919007176,-0.4741257511978557,0.6232794353389716
0.5371608127086757,-0.3167233258931988,-0.4645206325807461,0.6287807074267541
0.5188800646372664,-0.31359974169215066,-0.4819088684106841,0.6325998127408642
0.5397731335963507,-0.29189506369476403,-0.4636732655024976,0.6391004137821038
0.5643553242049932,-0.26101923705669705,-0.45547247420385034,0.6371160421543627
0.5585713357792528,-0.2542589329618298,-0.45452270003142314,0.6455691853016514
0.5565134288957135,-0.2372239665065508,-0.4665584261829689,0.6452447815606924
0.5626665913452349,-0.22398134267623074,-0.454096724329411,0.6534790203749361
0.5642872255713982,-0.20930677088416727,-0.45240773613805846,0.6581016965495634
0.5724234958248092,-0.18639416713380674,-0.45234696319080875,0.6580051525468871
0.5656961704594378,-0.1823994673791014,-0.44452482348026134,0.6701611435596587
0.5940769857033285,-0.14569887382415755,-0.428930950413704,0.6647274727294007
0.5856220604410826,-0.13470166292048677,-0.43614349473546626,0.6698366340617172
0.5806340925332603,-0.12337462893897648,-0.4357958164484562,0.6765535883344871
0.5896082293767309,-0.10320918843393982,-0.4247819797386499,0.6791688074134126
0.5892242376577665,-0.0899099558710757,-0.4169303082770865,0.686221622824477
0.6040295115783673,-0.05828785909747728,-0.41170619577627043,0.6798888754669126
0.5995179375537419,-0.038588802279836625,-0.4186198158672947,0.6810628433949011
0.6035872185352771,-0.024849793306979274,-0.40243758458553186,0.6878291560456063
0.61863131662967,0.0029237545571865284,-0.3843771978035216,0.685230556493975
0.5866768249644272,-0.00018096726427466533,-0.4077013946946664,0.6997069694268679
0.5870835486448999,0.013274692326731789,-0.39542963656093555,0.7062521447637724
0.5944862582994266,0.03424506519665123,-0.3793563084506848,0.70816816889881
0.6059284593996789,0.06287065465714439,-0.3667218022673351,0.7031451504592146
0.5997837520469484,0.07836457106574939,-0.36538354469476103,0.7075403239734519
0.5876459925872822,0.08830809246068391,-0.3669640863421657,0.7156893373085299
0.5898474759764503,0.10743997648074745,-0.35544410509256646,0.7170746786025651
0.5935900915458997,0.1298544583812444,-0.34439830950827327,0.7156664217810472
0.584722829427013,0.14248523025563445,-0.3416700291171023,0.7218440019207651
0.5843392002723312,0.16089194831351433,-0.3320806788467534,0.7227613041175165
0.5861931435158129,0.18726079566644604,-0.32439508093578867,0.7183862640432945
0.5623967659542253,0.1859032670091044,-0.3287300854736117,0.7355857420206579
0.5667406708935159,0.20685744428875646,-0.313088479949453,0.7334784341890582
0.5677599465123268,0.22680887181877538,-0.29915470057291327,0.7326068822538763
0.5464182867315825,0.23722246253930848,-0.3100176100875308,0.7409734412431556
0.5405533474186835,0.24953428722201784,-0.29683115357612927,0.7466096599708042
0.5425217184977641,0.26984035752437135,-0.2816354361778931,0.7440012415972437
0.5208820482230481,0.27440174298731745,-0.28571215762443924,0.7561442575792479
0.5400817109796426,0.3172974095756087,-0.2627898474778007,0.7338770982967819
0.5055709719034338,0.3080310228641245,-0.2730685764870092,0.7582535419351872
0.5177695421416432,0.3460361211539827,-0.2554748010659941,0.7395311556029469
0.4976100889868657,0.3455196303182814,-0.2524231077340628,0.7545084221432387
0.48289216404162133,0.35499258926656535,-0.24753566261488794,0.7612631051133556
0.47809380009968055,0.37430007849556307,-0.2383649692155464,0.7579630010728318
0.4636005222789741,0.3817443890006283,-0.23049907452926782,0.7656474083090405
0.4720611884371968,0.4134114992285207,-0.21362494595217665,0.7487413098953588
0.46155351793237365,0.43125257726456245,-0.20892670902780094,0.7465515353555543
0.4466852020267003,0.4354420650882199,-0.20033874336670032,0.755464708737823
0.4364368240497134,0.451527719387903,-0.19345860248394842,0.7538032809445155
0.4161056160569682,0.4524309510629798,-0.18792886491461294,0.7660581521908134
0.4147846965934758,0.48020792697144044,-0.1798336179236672,0.7516740465189246
0.4026879999257593,0.4928002603699618,-0.17288210365681372,0.7517327027143921
0.3905650282027868,0.5047032961901432,-0.16582678986123953,0.7518211338636852
0.37155607858208567,0.5121965856633349,-0.16316839337849406,0.7569523191759215
0.3573963821511664,0.5197400350740073,-0.15451395393960377,0.7604364273260961
0.34947845565226615,0.5361354332228865,-0.14589236147995854,0.754413033516532
0.32742358085892187,0.5358960465331325,-0.13977316133791884,0.7655538448582722
0.3163813267054989,0.5560261668994312,-0.13835247621727484,0.7560399130732068
0.30491407484002225,0.5652057249240869,-0.12828712858335037,0.755719728548441
0.286482120474734,0.5729639527598636,-0.12509004874752921,0.7576231142134154
0.26864518600512194,0.5790809007913728,-0.11999327835963629,0.7603266978894225
0.26148373132301567,0.5888141074342033,-0.1053631750292795,0.7575109282958269
0.24645750505958255,0.6130113702136979,-0.11356877710718206,0.7420093604900883
0.22441167835683898,0.6064644970177658,-0.10234382552213611,0.7558875272496234
0.20211434314342663,0.6028971386074033,-0.09370798269314101,0.7660833156610898
0.18501870772559612,0.6120692315885872,-0.09130900745046465,0.7634146964085232
0.1816611838557592,0.6442077661383927,-0.0953640348191107,0.7368183420559821
0.16622782901210867,0.6416124938811174,-0.08039474904012615,0.7444718939519134
0.1427938586545543,0.6431863701529912,-0.07871335871537241,0.7481479895981186
0.1205202958532945,0.6507278966489384,-0.08256879765221167,0.7451244570302006
0.11872147419801601,0.6734552228992828,-0.07837790833472201,0.7254103513177882
0.0986798141755327,0.6750566773627886,-0.07384722522395835,0.727397665619646
0.08320983920059889,0.682604850965729,-0.07090576017650446,0.7225642623822814
0.06330703998968562,0.6718086249710985,-0.05270543770909914,0.7361301019100324
0.049787136474722514,0.6907624695168418,-0.061691337266977564,0.7187229164670152
0.03606365741548386,0.6950776357228554,-0.05396089194664987,0.7159991027034077
0.02299970240942182,0.7089149836160694,-0.05822336200189033,0.7025102133142944
0.0008408649637889097,-0.7050370498059791,0.053954263139376984,-0.7071145514479562
0.0227169479487534,-0.6951882830350282,0.03898403556151943,-0.7174102287938211
0.03912950296536639,-0.7015150779516129,0.03982351724540504,-0.7104643304757979
0.04764599775890361,-0.7148517478969464,0.04044479330561466,-0.6964776063310952
0.06820380327686532,-0.7155661150202279,0.039228013310257756,-0.6940998049453433
0.08513694532510065,-0.7222181098368607,0.042939780052499286,-0.6850612218286981
0.10501615351710145,-0.7250809201346631,0.04522530819263744,-0.6791052482907366
0.11124427839650741,-0.7346561986822788,0.04243819641972786,-0.6679101584392805
0.13898864622972,-0.7238263419388838,0.03509467363889987,-0.6749266232834366
0.14531851424942951,-0.7401530709939476,0.04389497786850677,-0.6550795309216205
0.16965384534538303,-0.7362390357639733,0.044309034112562616,-0.653610254259272
0.18169612538349858,-0.737156267944259,0.03725115259929814,-0.6497688098709724
0.2028621365540423,-0.7331027963373495,0.03441393786045712,-0.6482460369612951
0.2165608505698393,-0.7348172656167132,0.03212370225798841,-0.6419603195722339
0.23072486274593135,-0.74031138146488,0.03836817922379808,-0.6302642136497062
0.24799071059645317,-0.740879284074988,0.04075477475185853,-0.6228463231177694
0.271397327947336,-0.7246254154036418,0.02004342622424414,-0.6331348662009847
0.2893414045808527,-0.7301903490949521,0.034829419045459074,-0.617972909804894
0.29065196173511687,-0.7409014100247666,0.035861533040645835,-0.6044009333305299
0.30723582766102575,-0.7425429972044194,0.043107609132368975,-0.5936141655478014
0.33791998681633734,-0.7266817300323611,0.036209004049382085,-0.5970198102014477
0.34681496720510935,-0.7356657771643715,0.04933528688190403,-0.5797251696277645
0.36604968108681624,-0.728642009941195,0.04451527584265665,-0.5771540890799853
0.3759391654219325,-0.7326740730089322,0.04955749819565993,-0.5651570587146109
0.39627471857555235,-0.7242284650525046,0.045349122339421184,-0.5624970532621515
0.40687686803706535,-0.725880515204731,0.04698305741036093,-0.5525769486857355
0.42377789429746376,-0.7214612142103561,0.04724528106793652,-0.545594992748044
0.4334747650563634,-0.7265622371262009,0.06248787496514493,-0.5294357459823062
0.4473483334137118,-0.7251271024214748,0.06792615041931095,-0.5190916990426868
0.4625657260829832,-0.720400453095278,0.06590438545630505,-0.5125551172421045
0.4860917659705088,-0.7085463836292321,0.06422611887608477,-0.5074956383612811
0.4917567607796272,-0.7131498608885746,0.07243708788552687,-0.49431309151265657
0.5065413664611629,-0.7065007126402055,0.06687634268900425,-0.4896939267451485
0.5178978994627443,-0.7071001931363309,0.08009320815264945,-0.47473799153475915
0.5300637510329378,-0.7028955452486163,0.08006876106354646,-0.46750322545656403
0.5425728432084569,-0.7002202044690992,0.08665696197046614,-0.4558475030182717
0.5517541941894296,-0.7000800696526052,0.09602082076493514,-0.44298443228764234
0.5672357564881095,-0.693407888940479,0.10062553239060126,-0.4327858573793494
0.5799361551108868,-0.6877242941197627,0.09971914858423116,-0.42516519457536933
0.5974534324821867,-0.6774659404426744,0.0955361795217665,-0.41828475224153316
0.6051873075491973,-0.676406144845167,0.10066453405445944,-0.4075410428173473
0.6045508804611933,-0.6837835400742894,0.12969431340297108,-0.38747604871527297
0.6243878121271638,-0.6712390727054609,0.13353655706278686,-0.37649164036985455
0.6376593175717438,-0.6633732878353431,0.13081910119664708,-0.3690702351349488
0.6532244483670018,-0.6533018901275259,0.12582230203653003,-0.3614736625560105
0.6651025309098351,-0.645582719306326,0.1109551799142076,-0.35853943152823103
0.6696880523109539,-0.6461243614705495,0.14068257622535985,-0.3380083354783302
0.6787868856082331,-0.6412229377860885,0.15050080306538763,-0.32470142632875365
0.6937903747580176,-0.6302520013034366,0.14406957235847184,-0.31730315010505233
0.7037075814707294,-0.6226425059711322,0.15375595216985372,-0.30573036602690756
0.7135986279726849,-0.6163420753530165,0.15740662646197237,-0.293466519812566
0.7227291164445864,-0.6106804385159168,0.1539242726359466,-0.28467410235342794
0.7261877519808664,-0.609159095431977,0.16565103148882127,-0.27227978458225793
0.7407696311373351,-0.5958006308183665,0.17005234050538115,-0.25954607180563344
0.7475099191561868,-0.5908975963159367,0.17311118881915072,-0.2492016607825473
0.753915769968205,-0.5838727567496318,0.18849829611208982,-0.2348872241772056
0.765592981731108,-0.5737198576078337,0.185560576410948,-0.2242324325171429
0.7753597235183673,-0.5658598683296887,0.17951713041714842,-0.2153915236173905
0.7760472881218252,-0.5642965233259435,0.1973788231028105,-0.20090206706642683
0.785712614935867,-0.5558013878446348,0.1931476755311759,-0.19087817957410308
0.7991130500781082,-0.5422190755516124,0.18732615310390985,-0.1797935473428018
0.7939917177483626,-0.5427693038664951,0.2194452631208039,-0.16377549090485358
0.7985574428339868,-0.5364917982733298,0.2262460648154435,-0.15262791040769325
0.811937757391632,-0.5278070918789847,0.20369553582706407,-0.1438223924436718
0.8097273636419455,-0.5155858789366634,0.25124895508299144,-0.12404338184795548
0.819364066851872,-0.5047182418606718,0.24719968216252966,-0.11311206577451273
0.8288375462663411,-0.49451077693383666,0.2408232562148909,-0.10242837820419322
0.8235006125637727,-0.49489382079564176,0.262565717262065,-0.08936493363752716
0.8371212416569472,-0.48190882517681227,0.24666586760165202,-0.07840829512085963
0.8375649424258588,-0.46619979135345524,0.2780307776868792,-0.06198071006362984
0.8443380885513689,-0.4650814561364803,0.26064754050552186,-0.05343492311039854
0.8439967585301971,-0.4512959701318965,0.28732265160173615,-0.03804093597400006
0.8607434428956297,-0.4385480412319681,0.25705621811230406,-0.02680376416814068
0.8502976565305764,-0.4436606400655083,0.2825967319087826,-0.017269014730120463
0.8598091322455506,-0.42045143178051225,0.2897379287039262,-0.0008844722885219803
0.8637837522109935,-0.41489359563838485,0.2857095117760112,0.01053606165807311
0.8664369322717618,-0.4062116306267561,0.28938561947209823,0.023132591333450064
0.8725629360962459,-0.39525971964475054,0.2847367451037469,0.036450823929998336
0.8687923593751504,-0.3893242758574727,0.30222335056353183,0.04782772097399761
0.8705695785227474,-0.37928577724744017,0.3075827841409064,0.060363391460880454
0.8718998285596391,-0.36170522286184204,0.3215266444956212,0.07470366518132511
0.8682771903643,-0.3599337267801766,0.3308215776691571,0.08425863022682137
0.8714167600886956,-0.3482111784553082,0.33139221701034005,0.09778038627586728
0.8708417139214188,-0.33768851348366546,0.33994236039543885,0.10972861415499455
0.8710796068596426,-0.3343275699945468,0.3387881207396359,0.12111153413485368
0.8702675738405291,-0.32237984324139324,0.3477242066588048,0.13339213881214582
0.8695846364916779,-0.31207323586151337,0.3539102450984854,0.14553485441944986
0.8677116988014609,-0.29000153906374543,0.3712393665319786,0.15860910390225724
0.8717167724923544,-0.2944339018254508,0.3520778361218982,0.17163840864758534
0.8669940779217423,-0.2792751583688329,0.3703542664659771,0.18211087852497748
0.8683015894464402,-0.2801039857503439,0.3600315031973123,0.1948625762865725
0.8700273878826696,-0.24796366863214594,0.36966228103855037,0.2119343326361303
0.8662133010833903,-0.2507712197592554,0.3713690093064144,0.22107322608910196
0.8636877399757276,-0.2457983914279345,0.37372931575751056,0.23227793078655345
0.8616950215675016,-0.24612994136900526,0.37081949601557096,0.2437101621644674
0.8579423245840188,-0.22114337041356855,0.3867211287423838,0.2558854157503197
0.8512709148402027,-0.207972372823335,0.40291950286364914,0.26408558442570473
0.8516874247704203,-0.19274287689082278,0.39867083590065056,0.2802503853664706
0.8510694202975232,-0.1845477811287639,0.3932642712635977,0.2949002734186578
0.8429283312644051,-0.1658399704805098,0.4128752300254817,0.3024945899916799
0.8400592233996557,-0.16802500868402284,0.40975583698748574,0.3133181317648031
0.8372644165390725,-0.14844141379139164,0.41142826466223026,0.3281466539614952
0.8343668983847236,-0.14977999794372554,0.40725862792095174,0.3399091659249244
0.82601757693149,-0.13887679210641227,0.4231172090741886,0.34551414819039117
0.8218951460350321,-0.11860363801339291,0.42540209535244783,0.35979800339049706
0.8171485478377781,-0.11191435363118006,0.4268654104476274,0.3708494972105317
0.8096197484333261,-0.09625562107211463,0.43772773707854723,0.37900547034425985
0.8066364565485964,-0.09057867763745073,0.4312330507205667,0.39391774025855747
0.7975433940818544,-0.06817715954782745,0.44420418369114767,0.4024413654977172
0.7959496289169579,-0.06799477982842234,0.4313337751694006,0.41927565221600277
0.7859512793416226,-0.05744010883701327,0.44886358759776085,0.4213106931077422
0.7797374984310774,-0.040791487694040736,0.44845780390988244,0.43500699555809197
0.77152665705306,-0.032579939895478936,0.45749114090400417,0.4408934349333061
0.7654965331248096,-0.02438953404414316,0.45620928975819713,0.4530930283521567
0.7574352839201162,-0.012132486656965868,0.46274085263700215,0.46045140540685914
0.7523383462521726,-0.007962378898041475,0.45644198257365826,0.4749571873601435
0.7436634490045891,0.007483470377988802,0.4584801627330173,0.48652298266989047
0.7384699201391253,0.008973034254759068,0.4515280554381001,0.500703581830872
0.7268998373194142,0.02188870185867381,0.47225547288252456,0.49810870256245715
0.7173315056722295,0.03854409950055965,0.47622860868795075,0.5071056848733229
0.7098039268393995,0.04728705471272845,0.4739697118910898,0.5189364432277244
0.6996949721165772,0.06146693174740615,0.4773231181825153,0.5280259493101286
0.6912794004385467,0.0708627088209934,0.4738626645985298,0.5408931892041678
0.685581108987951,0.06621928010915594,0.4706966207050455,0.5513966278438117
0.6737258100002452,0.08358160952090364,0.48047588741610275,0.5552031782159726
0.662606605295983,0.10291604311419605,0.4796333593238676,0.5659616730058248
0.6497942139450318,0.1228918582326949,0.48732590069879855,0.570244278543659
0.6426395855682273,0.12204147919946849,0.4864330930215328,0.5792262825778951
0.6296987082308321,0.14195523556678047,0.49094689148947734,0.585063584308937
0.6213786545365565,0.13993281788781933,0.4776123135881432,0.6051395310779939
0.6088466456736407,0.15675590412250315,0.48830894607861974,0.605217086469211
0.5980049632048743,0.1663520259928059,0.4911456046710643,0.6111407877426611
0.5879954971087741,0.16973689018933347,0.48900023267868575,0.6215540651695964
0.5738339618823897,0.19179239767747855,0.4999467083803053,0.6196640615391391
0.5630161980647573,0.20381874832196628,0.5031836457942068,0.6231186862503991
0.550050782122082,0.2122989663096346,0.5036645664780044,0.6314232261053361
0.5383490715164848,0.21967913975334977,0.4912037462096221,0.6485678318142214
0.528580424681594,0.22770654304928115,0.5135291180246642,0.6364277726787084
0.5147998051394163,0.23594395035225615,0.5005831777052525,0.654773315827014
0.5041006536109054,0.23550469664840867,0.5010630457330592,0.6628392664034842
0.4915254369307981,0.2497665260076459,0.5014430714988267,0.6667640312598472
0.48015823083616344,0.2574205663418403,0.5057787058354835,0.6688577024359629
0.4659016408053933,0.2682734295626763,0.5089364943387019,0.6722712791840467
0.4491267253161147,0.2872644533822878,0.5061775186475659,0.6779001682000025
0.43406318072867345,0.3014070568583893,0.5037471349907029,0.6833606406578662
0.4271088979380627,0.286495637563548,0.5060489524689125,0.6923963436243048
0.40754758838228455,0.3192831284266193,0.5085177408230457,0.6880210421012721
0.3977992457829383,0.3265598916170619,0.5223502117040254,0.6799004732858612
0.3827416114084793,0.31768657517231785,0.5017653707631121,0.7076832706477386
0.3680829560205307,0.3454665994916504,0.5151539151716957,0.6926645723625088
0.354528281836069,0.3367665382980978,0.5067395610076468,0.7100091642865308
0.33955701127852495,0.35358109295333173,0.508577061677079,0.7078353050911148
0.32312938215120385,0.3741923972803265,0.5132801484183466,0.7015061948748731
0.3100709447201892,0.36305672404840295,0.5045513681810238,0.7193564771587366
0.28950291928757627,0.3955133451380784,0.5043259063248153,0.710923788989588
0.2821661161565822,0.3831930264767526,0.5120284605480013,0.7151029596789127
0.2655818492347989,0.37928265115202464,0.501113398901978,0.7310925477208909
0.25155389186318444,0.39018501415421336,0.5077605381954754,0.7257103623825435
0.23672914056574587,0.39982589719569983,0.5081574994600624,0.7251720635002109
0.21788949884001033,0.41785435707064517,0.5068256455410306,0.7218377016991037
0.19980281875153938,0.43579762156708374,0.5070794959782438,0.7162608822306721
0.1861863833154636,0.43482104077189776,0.5037836599696555,0.7228190071639851
0.1773221813909293,0.43710934714760924,0.5154706932586216,0.7153895631153898
0.158098438664777,0.431542355481775,0.5070217144852729,0.7291810887272212
0.14174433621197605,0.44614778015051537,0.5068195127463996,0.7238747701903253
0.1281455773062646,0.4508899511218944,0.5091362043293055,0.7218429804571701
0.1123465518018593,0.44106394421744877,0.505870584655547,0.7327590333730698
0.0944555139012677,0.4517208602810594,0.5027955920420442,0.7309056114873381
0.08021629195788588,0.45154552985364865,0.5041508232947777,0.7317813391614404
0.059425381681750926,0.4791041807167781,0.49982458673140934,0.7190988739599486
0.04796591713998243,0.4722128825456197,0.5062252769592237,0.7200348834038802
0.03270134531789982,0.47589555084012064,0.5065531576589241,0.7182325146989458
0.011929616864569996,0.48127447464401774,0.4986420092182568,0.7208250210283378
0.0016899880047953103,-0.4895718661469534,-0.5028017569600989,-0.7123952028311847
0.02368290137344696,-0.5198644800585721,-0.49316885147529577,-0.6971115595731074
0.0356564131484276,-0.4917451688886813,-0.4998401163179407,-0.7120921058369301
0.05362656537351006,-0.50585472884622,-0.4957865169032319,-0.7038685349176567
0.07097415848579758,-0.5128354058768964,-0.4934662877142815,-0.6988945114935404
0.0886314189398336,-0.5086138511528332,-0.4900446446736608,-0.7023622058588145
0.1038382177186553,-0.5146738912603264,-0.49108412281843467,-0.6951005643154203
0.12615280348954208,-0.532607063090379,-0.4786505693131686,-0.6865193507936619
0.1338503632969131,-0.5112758022646988,-0.49545306008430384,-0.689352884607711
0.15487734089603353,-0.518653928192927,-0.48700485029925683,-0.6854468526676726
0.16658206164380385,-0.5108003708276382,-0.49499491548490177,-0.682871460485019
0.1833943392332896,-0.5108345845665957,-0.4940449697384782,-0.6792158062235925
0.19889405642970848,-0.508034923864268,-0.49576095184694763,-0.67569427189741
0.21993815222220214,-0.5254920751585326,-0.4834004624967883,-0.664687355830208
0.23376384761116367,-0.5227915330725807,-0.48710084178959157,-0.65937564894794
0.2489772536098297,-0.5211015261196128,-0.48848766846689257,-0.6540973355827835
0.2721491103539498,-0.5404277199699297,-0.4702292367030607,-0.6424618324626872
0.2907385516770704,-0.5306482562317916,-0.4688309651779353,-0.6434912966134071
0.29852286494176866,-0.4994044947786452,-0.49092147114479345,-0.6484407134587374
0.3243887141540803,-0.5265799786188873,-0.46528056030054654,-0.633245204051009
0.33787126742798584,-0.5180412958366308,-0.4709204963009158,-0.6290549329098454
0.3514824939944596,-0.5241618624874721,-0.4701404189655703,-0.616994639185769
0.3704556448718468,-0.5281179891621958,-0.4615870046877026,-0.6089264666684296
0.38136074780207324,-0.5075048300443893,-0.4762387916077275,-0.6084401703417276
0.3967558446304793,-0.5195545439783593,-0.46866310113842735,-0.5941403649090897
0.4163345720301805,-0.5061607820445524,-0.46644718259940116,-0.5940486618935983
0.431098748224085,-0.5087059882006209,-0.46352514387560273,-0.5835379403633996
0.44660094265088635,-0.5190354632794344,-0.454349990709494,-0.5698384611659038
0.4609809459892572,-0.5026211494590488,-0.4614320456197362,-0.5674055118048288
0.47914795976004326,-0.5031580393272617,-0.45250990693346693,-0.5590026871538265
0.4912108029731438,-0.4954096804930153,-0.45769510313237316,-0.551177274644859
0.5141182443280827,-0.49448257374921484,-0.4406037451009892,-0.5450117016269874
0.5228875876914506,-0.49195365611250835,-0.44721583608802634,-0.5334493104577406
0.5347518566344908,-0.47880576427324645,-0.4549863267572304,-0.5270416818323197
0.5540421390744601,-0.4717045783264471,-0.4460167136654677,-0.521153710575605
0.5698053822031437,-0.4630612098465534,-0.4433270704966891,-0.5141568349371612
0.5825546306111968,-0.45080159652497964,-0.4475588814296905,-0.507049376863226
0.5994350085181201,-0.46219023808764587,-0.4284785343669556,-0.4934207129479996
0.6055519605313305,-0.44175714810533984,-0.44933269696126543,-0.48606334220553443
0.6244917279696368,-0.4287823468223536,-0.44113538200268837,-0.481201990328754
0.6397840798083871,-0.4410028421595436,-0.4218460729071174,-0.4671602671501323
0.6469464469942401,-0.41534664590153264,-0.44338860569775945,-0.46081883945567215
0.6642756348005198,-0.40455042397282975,-0.43430433246847044,-0.4543749357885913
0.6711565873610903,-0.39695763376623006,-0.4429326761255035,-0.44247498986590245
0.6904513264045126,-0.39299810706338106,-0.42357151750208094,-0.43522020090045543
0.6905585793512758,-0.38430339943742836,-0.4458267959918329,-0.42033107622544486
0.7113628413539884,-0.37320032773083683,-0.4262559984982512,-0.415920962523693
0.723823328776981,-0.35254080541525895,-0.429303310211744,-0.40925962062804355
0.7382467188333766,-0.33880372352395266,-0.4223145420866907,-0.4023111315886838
0.7519703216407648,-0.3332921450712296,-0.4106784327310995,-0.3934465736219226
0.7615016040207958,-0.3270807804162354,-0.40793261680298876,-0.3830462769748944
0.7697146132030046,-0.3105084596009109,-0.414138621599729,-0.3736483812857953
0.7867077034638928,-0.31490249804872733,-0.38423725051022184,-0.36645482853086253
0.7900896378335132,-0.298652176437847,-0.4012629889532986,-0.3543349480270189
0.7977247772934132,-0.2786255756239596,-0.4088827528904402,-0.3446996702770787
0.8131795730492412,-0.2708400603290644,-0.38722856090563174,-0.33976268970467627
0.819060848108216,-0.25162204206339683,-0.39700114565318895,-0.32896164729972927
0.8289725268215766,-0.24397261824905275,-0.38741372669739305,-0.3212359190473414
0.8385872119138268,-0.22348522628553688,-0.3848670773026964,-0.31417061360855686
0.8436290097373497,-0.2102511764259898,-0.39037963446532836,-0.3028007228125169
0.8520696340294833,-0.20228679727762555,-0.38198376228845676,-0.2952046675782394
0.8627771606304097,-0.1822646419061366,-0.37199933023670795,-0.28984766638494225
0.8639465101985769,-0.16746177900503265,-0.38665255673607585,-0.27577668584857823
0.8754641985450343,-0.1432849951946366,-0.3715815181227797,-0.27378645439017624
0.885286020238331,-0.14678273646487278,-0.349755063643488,-0.26906297794791606
0.8852606678339523,-0.1194188577786931,-0.3705740105564818,-0.25441617301795383
0.8922520501801966,-0.10862910968562585,-0.3617712386486904,-0.24740162967275806
0.8987195240643125,-0.08334291710357514,-0.3555898566081868,-0.24272006326558848
0.9031503779401163,-0.07695072870244406,-0.35183420095613077,-0.23368927064875902
0.9104806750714017,-0.05168560796006775,-0.33870450776583527,-0.23158755292637395
0.9132339739065153,-0.04119711479607207,-0.33925915974595966,-0.2218326602731408
0.918341466583844,-0.03218990406150981,-0.32971450911833344,-0.21656662555897588
0.9217500760891716,-0.0028441544215072495,-0.32427389400403234,-0.2126385423263963
0.9267187032949663,0.005426166200764574,-0.3124817056883607,-0.20861012749564836
0.9291624482057694,0.030243019727975787,-0.30728760729024446,-0.2032654200985268
0.9273831510587816,0.042868575602334334,-0.3204282733545644,-0.18827771507303986
0.9325647802912749,0.061443512757071786,-0.3004766395629736,-0.19042430091062573
0.9345620613450784,0.07153633561638449,-0.29591346791695916,-0.18415082320309278
0.9311658377072449,0.09566670997494196,-0.3092223388724523,-0.167808248998032
0.9344495782246229,0.10997034410017677,-0.29265584940716965,-0.17047892239828644
0.9353544480830156,0.12613552282877852,-0.28605415857247446,-0.16545363306806435
0.9338229680550104,0.14375188706274294,-0.2886629524767002,-0.15486690791213498
0.9318537945745894,0.17039308910694473,-0.2820771537585793,-0.15181297720877027
0.9356771202747145,0.1762606606927867,-0.2632294716215118,-0.15540512011005092
0.938295324434495,0.18445964254153116,-0.2445575740121242,-0.16052450719787495
0.9339299369102673,0.2077398043647993,-0.2510988334534994,-0.1468619163144441
0.9298444855144794,0.23380457100421645,-0.24472044948377503,-0.14434873376758983
0.9244059422282798,0.2545539535731331,-0.2532283970970012,-0.1286519241869975
0.9215124659108231,0.2685202028573133,-0.25376889737644465,-0.11963704506867762
0.9226788469710095,0.28189571430190685,-0.22658458414052324,-0.1336337451407101
0.917360428840346,0.30012959072548634,-0.23263324727911525,-0.1193894661567037
0.9159785107078544,0.3149229353794757,-0.21318088423240433,-0.12790943394169907
0.9099312591077774,0.33510322940283394,-0.21280499052781848,-0.12018720958896417
0.9058370063684644,0.35154336275377684,-0.20570183924902913,-0.11646173331507494
0.8984667724576643,0.37495872806354175,-0.19656491660935924,-0.11629980480135957
0.899452801859171,0.37571575143491187,-0.19554423051106515,-0.10763264033378439
0.8917303143284011,0.39942379057458155,-0.17583069516515212,-0.11983842734508454
0.8891104781644037,0.40928392284724413,-0.16082631777780593,-0.12690202373117904
0.8802359758747755,0.4313763237061117,-0.15194858088070898,-0.1265334852516125
0.880092931791392,0.434265579737145,-0.14775249159978368,-0.12255218844414581
0.8682119864128551,0.460203437324108,-0.13334890733003965,-0.128991518473133
0.8677950666855372,0.4634441804861571,-0.13084343300105114,-0.12260183461212075
0.8547992090878342,0.4897600416488343,-0.12983916279129162,-0.11222836340516452
0.8494058815810559,0.5011864823596738,-0.12227512204535915,-0.11122298667199228
0.8399594496331864,0.5192280919222272,-0.12080151879757928,-0.10137704171515328
0.8338949645913917,0.5300383444511085,-0.1024326604205752,-0.11483070808722125
0.8294085747053842,0.538246232303184,-0.09207924282291215,-0.11787206054773579
0.8189136738077624,0.5554790401244758,-0.08523797256751607,-0.11643847674048358
0.798827276167444,0.5847637049759912,-0.07156460933015743,-0.12167538323373414
0.8004562285553197,0.5828389798552981,-0.06298057603426993,-0.12490795319202364
0.7904318234146316,0.5988674747741928,-0.06057298181978073,-0.11360543149190816
0.7862352663628328,0.6004499950457132,-0.0366637992536182,-0.14124331913849542
0.7723390433513102,0.6175910458149791,-0.024963931099704552,-0.1464599071022255
0.7624707034398508,0.631851626776919,-0.021154817327085268,-0.13767505888561624
0.7451191906267332,0.64888218469422,-0.003212858442796955,-0.15407459130838178
0.7424958259096294,0.6545946655924167,-0.0016756570621184546,-0.14213713258026406
0.7259862245317771,0.6707344984819702,0.011566909385237049,-0.1514114954140198
0.7256096342477942,0.6726891264275492,0.015566371241941204,-0.1440058539062946
0.7060778763745593,0.6929300159928437,0.025575696560471907,-0.14369380354071182
0.6918539489250063,0.707220683935903,0.03442371915418546,-0.14139315800173013
0.6897826858376703,0.7044786146164507,0.049429337838606986,-0.15958216826291455
0.68063165839756,0.7141668116960538,0.05577184268036184,-0.15360928429921608
0.6616756772532254,0.7274547932764912,0.07112602151271642,-0.1671403928866856
0.6503806864390099,0.7345097329491111,0.08291086299110723,-0.1750034391325427
0.6448628157466993,0.7393523871063272,0.08986776417583817,-0.17156276259564587
0.6396482067576675,0.7455057970379252,0.09533134678879807,-0.16119309071415547
0.6198653408047612,0.7534678632992362,0.11350625745966815,-0.18753524405236563
0.610570182188346,0.7652595377422968,0.11732222956645115,-0.16678545190301575
0.6009021927239477,0.7629710948715702,0.13402213614797978,-0.19705260767714114
0.5865541398158695,0.7713583345030609,0.14479109254271713,-0.199990250706918
0.5719166559914628,0.7829532186204636,0.1531447523667142,-0.19089861412262013
0.5665733287257569,0.7806178484113658,0.16473342595433924,-0.20613911878042818
0.5523928859667725,0.7908119924268359,0.17381517050620704,-0.19815846857779387
0.5462913881495131,0.789998440746587,0.18442293168385404,-0.20846190328396155
0.5209930466675586,0.7988953327891596,0.19917725017597077,-0.22507979825851052
0.5143800631395993,0.8013571051046868,0.20809309288458777,-0.22346634072375166
0.5066980125131558,0.8067076363475885,0.21651851985804668,-0.21354073178713565
0.48889713453933836,0.8143849467956782,0.22818557242200196,-0.21374773638630096
0.4746773650474736,0.8125001057393969,0.2408382510423821,-0.23774337870885642
0.4684607593466587,0.8179382773156915,0.24918401754004413,-0.22232592484187247
0.45056554351478784,0.817050649797565,0.26212972580757393,-0.24638777061909278
0.4304509979416506,0.8247322793138704,0.27422585331582705,-0.24357501350095834
0.43251047341490884,0.8220856884188464,0.2823068321993279,-0.23960939834844397
0.4145995839243465,0.8220273570212872,0.29415180521354795,-0.2566182472233162
0.4039255515011083,0.8279018705795663,0.30451542470337234,-0.2422663774713797
0.3943213878182543,0.8280552060152426,0.31533932213930455,-0.24371362459424376
0.36772255201421056,0.8255367967424263,0.32726982579053226,-0.275977504683705
0.36440607873416553,0.8271656939343295,0.3377078767314081,-0.26259953266008024
0.35519422841273657,0.8238219233148187,0.34764165535783337,-0.27257985660759865
0.3373278069136739,0.823851138214122,0.35843144533116644,-0.28108032969939034
0.32479717416415893,0.8228531055586213,0.3696352289421174,-0.2842346915005585
0.31957382233068615,0.8260442797655086,0.38170710140071196,-0.2642406264901437
0.2964712827977845,0.819753049968041,0.3897936984894991,-0.2969353265649078
0.2810121777558505,0.816761257322019,0.3998804054015394,-0.3066412657594695
0.2757359976211429,0.814662902298409,0.4112194530734777,-0.30198108657423417
0.25977535225827414,0.8151246746338383,0.4234309049091733,-0.297984563241064
0.25081956313079123,0.812763371210316,0.43434606089424893,-0.2963928955885574
0.22370978249860005,0.8072100538523207,0.44106063883826324,-0.32222876197159406
0.22384733857912936,0.8058811847341212,0.45479765358063884,-0.305952577044409
0.22617488618149653,0.7968311718292953,0.46142791570143943,-0.31778811033983584
0.20329767178010533,0.7942480161339588,0.47278280317449867,-0.322980752582135
0.18451502088693278,0.791437435110951,0.4841914372947837,-0.324252440889048
0.18389052553278698,0.7835808537607689,0.4907682723769327,-0.3336642370212598
0.15677309768439582,0.7811016135895406,0.5030389275057922,-0.33504373222622225
0.14717562371958617,0.7749854461936373,0.5125916697204637,-0.3390968506252866
0.13730471351470186,0.765460169249338,0.5136493959908894,-0.3624671611851404
0.13078916358171283,0.7641725451222217,0.533353712055274,-0.3383316919945279
0.1207645357706804,0.7579955206282896,0.5426765383383834,-0.3411171240858571
0.08869761933793867,0.7485961544487286,0.5444108945500847,-0.36790393822781314
0.08576223035421293,0.7423546850485574,0.5546856799567883,-0.36589364285540316
0.08080220840141507,0.736938254877306,0.5702828905286726,-0.35379434193626574
0.06695134052986842,0.7298486569886741,0.5790634766859579,-0.35710495076581955
0.06249359066478238,0.7218251851614936,0.5872356541912397,-0.3608562589716079
0.031637519317138055,0.7126987996462426,0.5896519481532937,-0.37864240173721114
0.01831071863639945,0.7049240006988206,0.5975193486876333,-0.38172961473487943
0.009168109192538448,0.6970928592164896,0.6094986554186663,-0.37747699326708456
0.008083816969957946,0.6891316030526446,0.6201002750125039,-0.3748438801777827
0.004570695226126557,-0.6807209138309662,-0.6322682639998282,0.3699121362632926
0.005327055397776136,-0.6718890033511873,-0.6408165626941343,0.37133667019809247
0.019128928631104474,-0.6626794813163831,-0.6507419885081152,0.37016868252743046
0.02427501071946384,-0.6533492537507667,-0.6608509780326878,0.3685396332976183
0.05832747942103056,-0.6424199908570709,-0.6563461695928009,0.3912852746429767
0.06540863394743202,-0.6327554087734556,-0.6673864626810889,0.38721778459038736
0.08541087955446634,-0.6222057403952895,-0.6681737348921123,0.39888451746490855
0.09059999091604369,-0.6120216342257447,-0.681228508165545,0.39134240831809813
0.09581260187423357,-0.6019170659922699,-0.6891806874550559,0.39184916872225695
0.10205747724053184,-0.5911156854741199,-0.7007856163135342,0.38609071174248816
0.11287007271085653,-0.5809189462499781,-0.7002468851847503,0.39930918392032927
0.12277840041055724,-0.5696497566054679,-0.709700078507151,0.3959171854806264
0.11657497978901053,-0.5586074397899448,-0.7247448264828733,0.3861514454004121
0.1473322075936427,-0.5471350348371733,-0.7189096751820604,0.4026230907299458
0.1461216556155869,-0.5353431071254278,-0.7327357293741676,0.393896649277396
0.1723981447628943,-0.5225039484036098,-0.7343092475476218,0.3975656330104456
0.1557319319551579,-0.5110786043118414,-0.7522592540309615,0.38555445829215024
0.19679877823961242,-0.4970840421864404,-0.7470559209364549,0.3950761279560839
0.1949449653539405,-0.4866449200733864,-0.7523032907423294,0.39901496336375614
0.20704942551043826,-0.4736778820694147,-0.7579972814351458,0.3977435364288901
0.23593348124401783,-0.459434924877715,-0.7574356760896438,0.39943227062583636
0.22165385994784428,-0.44814505617806366,-0.769962803997388,0.39647554206263524
0.23976513900080718,-0.43561367883521457,-0.7694803676570898,0.4008158738397021
0.248491153272725,-0.42443116518137525,-0.7694777527750206,0.4074485498222754
0.25308016909212366,-0.4089457795965582,-0.7816523715082881,0.39715657803684207
0.25638769440300535,-0.3955527599286408,-0.7877667699014377,0.39651844914278744
0.2659793030592539,-0.38177379374053233,-0.7932839097664763,0.3926887052904476
0.27414291059672735,-0.3673484268756624,-0.7986254147122068,0.3899977497592605
0.2970703518227626,-0.3542307550795357,-0.793705795337886,0.3953490719234527
0.2964457164163061,-0.3425166306705183,-0.7962249412220962,0.40103383636347745
0.3251132066339941,-0.32790871348086226,-0.7918581158145732,0.39967236946539303
0.3043718945934469,-0.3115201688382751,-0.8127721504706933,0.3869294064914333
0.30631494053738845,-0.2981699695475104,-0.8168096433404506,0.38741170995422736
0.33549702480576254,-0.2843128200485691,-0.808672169754623,0.39071381926783944
0.33360003304969876,-0.2674817377286098,-0.8195879202263902,0.3813662005866584
0.3423283733089806,-0.25752529034379773,-0.814242659867177,0.39179190970896083
0.34854439958827743,-0.2387272836399698,-0.823230992757718,0.3792318790986205
0.36507077914413255,-0.22661466150143886,-0.817554763849773,0.3833710076599772
0.35271941358368075,-0.21084780476154216,-0.8289048581373879,0.3795378171732826
0.3814480806981933,-0.19961497338682269,-0.8161587177663503,0.38540390701889593
0.3920152106119248,-0.1836842750538368,-0.8168371290124358,0.38126272623160545
0.39513053125015,-0.16562636520336804,-0.823322516059389,0.3722630856976444
0.4011139302080964,-0.15358917349797951,-0.8205128898637898,0.37719567646593516
0.4119462771372578,-0.13714721334624858,-0.8213226341761826,0.3700270763255154
0.4099884903207124,-0.12327600742425675,-0.8237664655403848,0.3716467059576602
0.42097503372113115,-0.10897853082607573,-0.82052889293544,0.3709933108030708
0.4287257930332176,-0.09276511279053636,-0.8208968282137594,0.3656736600653473
0.4245492233370156,-0.07741746861743691,-0.8255195337870863,0.363705913964506
0.425483901387654,-0.06059349382209879,-0.8280960493429332,0.3599288974630942
0.44121717856068415,-0.04721333221389365,-0.8208941429217317,0.35948728589618534
0.45500493048299234,-0.03252804388928704,-0.8162226156474977,0.35453220065667007
0.433742768796395,-0.01672814489079455,-0.8259588847199759,0.3596933422201241
0.45691611317669767,-0.0007380585283450551,-0.8181562492331846,0.34906657334926094
0.4683603797737148,0.0147326096838412,-0.8141115778779431,0.3429924833508906
0.47146241748183143,0.030430996563890544,-0.813294464772018,0.3396310600070505
0.4748368066353573,0.04722082159175308,-0.8125651616007775,0.3347208676273987
0.47799490557293556,0.06456414483463609,-0.8125630296478978,0.32725168341434435
0.48528020081878137,0.07649148556960984,-0.8060387243631245,0.330081435642334
0.5035547895029309,0.09364610190748825,-0.7987291904816042,0.3157446149007017
0.4911231825376524,0.10866514168874244,-0.8024389544462066,0.32106328183573396
0.4971808794962921,0.12581964620102362,-0.799565622044219,0.3125306476782457
0.5132282754914633,0.13841627351468289,-0.7893778632594658,0.30711603907690505
0.4914495366784338,0.15101791128856307,-0.7937471086785984,0.3250176469562192
0.4868543954529315,0.17253829659570583,-0.797119891337878,0.312735051872192
0.5086187822388478,0.18733651846143828,-0.7856516226424349,0.2982674823776932
0.506568213303601,0.2035365727695188,-0.7838865592201277,0.29577587983076803
0.5031631824906667,0.21830500416842738,-0.7814778755816383,0.2974257334483624
0.5172341517287282,0.2323505322675342,-0.7719323223913651,0.28740659715450256
0.5170918680863912,0.24757091524624877,-0.7681231529712437,0.28515165044687363
0.5138864597247574,0.2623599436525512,-0.764954904459295,0.28623759470386845
0.5241650514204599,0.2788528886948938,-0.7573446219889854,0.27188451386620105
0.5228890262365712,0.2940906435102737,-0.7531931398102942,0.2698107740320873
0.5291531875419282,0.3084992155780684,-0.7456979209445112,0.2622208016175814
0.5214002265404187,0.3238958140620388,-0.7434753549738877,0.26547636795605917
0.5246596011178044,0.3421261362193277,-0.7378345615951006,0.2515594752465223
0.5350928223781249,0.35330555775957767,-0.7271504624021766,0.2451592529844775
0.5357342434197604,0.3631973062719981,-0.7196640187748304,0.2513170054434874
0.5353457446053931,0.3831004325116547,-0.7149461710404986,0.23556520298382472
0.5296724123844314,0.3928749014488129,-0.7092885482849635,0.2490104468536442
0.5237656063386769,0.41306271481671697,-0.7059748147630965,0.23800912622236486
0.5346400459795021,0.4244452886270856,-0.6946332955612876,0.2269158498099476
0.526528305426019,0.44237033964464323,-0.690844359618404,0.22318265383162114
0.5280001757314416,0.4615174962228305,-0.6832901262066654,0.203302775525214
0.5141602984914669,0.4758260791016592,-0.6804147858980791,0.21509172237252247
0.5118765082628369,0.4908010540319315,-0.6731701133297618,0.2096157536288396
0.5293897748110458,0.49696569216158853,-0.6582691224495837,0.19862862223083205
0.5250201266741904,0.5132207574457778,-0.6515055355242363,0.1910467426968521
0.5224790806397037,0.5247993299368207,-0.6436723124729704,0.19309901021872897
0.5211225700754684,0.539698812660018,-0.6352594530581401,0.18330817186251705
0.5210641406796965,0.5493891246072644,-0.6261992116447216,0.18584482343213696
0.5129460695642383,0.5657210681429006,-0.6197671181478066,0.1809273943896219
0.501409758269165,0.5810229521160973,-0.6136880469450499,0.18543884292003976
0.5093998574094097,0.5884489552754633,-0.6019423083913478,0.17861990279636866
0.5161527262938732,0.6029560958559147,-0.5898889968580002,0.14853040427958566
0.4985255378461811,0.6217029235892962,-0.5846995439740028,0.1519348748388291
0.5170066520356765,0.6252038802631953,-0.5697823163044172,0.13104328247368513
0.4869118683616828,0.6451380903905387,-0.5675223686630888,0.15694597109458303
0.4885630186986319,0.6567544535612122,-0.5568536581619943,0.1410452689004442
0.49143055012691944,0.6663889518295298,-0.5453508339589506,0.13043867210981208
0.4862253583825181,0.6772749458558215,-0.5366646438419302,0.12990230418202778
0.4737126439136139,0.6952426572043982,-0.5276885157813066,0.11738317133330135
0.46210913878623366,0.707407938185531,-0.5198557205183795,0.1256152167798865
0.4594956091348952,0.7157652449149614,-0.5097983590522396,0.1290330673324514
0.4473659304930545,0.7337537502832453,-0.49984072158392545,0.10783511128485522
0.4493816475100933,0.739855018084835,-0.48896627584626173,0.10762280511508764
0.44015112677103724,0.7512065251496471,-0.47865766281818645,0.11332512519388753
0.4386268769190693,0.7613368990094912,-0.46810276741626755,0.0940871308313038
0.4241716634247378,0.775625353665858,-0.458296149974899,0.09191490421247425
0.41993655012875564,0.7846801479456295,-0.4480475717120194,0.08475690396036713
0.42209439904062945,0.7907975359137477,-0.43663859977103175,0.07630405416010069
0.4179692753031968,0.7999947206176059,-0.42604304899044276,0.061623471935672726
0.4161342113358481,0.8070911164102132,-0.4161241503745934,0.047717286622673674
0.4081032824367745,0.8163149723634509,-0.40621327227129256,0.04552311709711035
0.401761953318107,0.8248469537627318,-0.395209826256566,0.0449892094242151
0.3930651846706327,0.8346451272084323,-0.38496425395681505,0.02588040576448288
0.3757318751511558,0.8470600100381093,-0.37408608723372694,0.0370742056933817
0.3634096444776858,0.8572207432471339,-0.36313492830346195,0.03520016325917707
0.3575079106869307,0.8644595795235261,-0.3527166811114846,0.022105927530265
0.34101368429697493,0.8749720633862869,-0.34230798344632873,0.030964493935068477
0.33235602550051585,0.882737814386863,-0.3319078657053747,0.012271595165573107
0.31828642670310314,0.8918292792066334,-0.3208410333591119,0.019882621542553585
0.31035313062202097,0.8983046190858495,-0.31100913395048846,0.0017504975019937818
0.3052871697599981,0.9038384718957209,-0.29966211598692216,0.008853075362777177
0.2902848423822865,0.911818422670054,-0.28997059995203806,-0.015457215986099232
0.2867252963764076,0.9158731648940752,-0.2797070114433241,-0.026998851720324155
0.26429678994103045,0.9269126756577354,-0.2662925259160781,-0.008269774671612586
0.2579691941209356,0.9316352376978536,-0.25573976754605937,-0.010239631816940499
0.2581814628667271,0.9317391642258325,-0.2508124905806127,-0.047932834763808774
0.23620288728497402,0.9419874730689938,-0.23622810111154066,-0.03262025236825733
0.2234169023575212,0.9482718608390083,-0.22424731034769452,-0.024052224090930358
0.2156034972407045,0.9497413618211475,-0.21886570946094164,-0.060035646459822054
0.20025027449444177,0.9537304471417396,-0.21090838211303392,-0.07626084260076961
0.18852218050758926,0.9599484673775347,-0.19674974363794598,-0.06517565354170349
0.17680752272038894,0.9653680392104096,-0.18422855026679094,-0.05351158797050431
0.16902319810844468,0.9681674715746355,-0.1744212844050565,-0.06049893414319476
0.1544757687397259,0.9730231449553478,-0.1622583627519042,-0.05509464557056738
0.1346593460062505,0.9770495975240975,-0.15211167738064083,-0.06405452455227223
0.123915053056474,0.9790078364793798,-0.14378540844154644,-0.07425949136151591
0.11311567449237253,0.9789400784415889,-0.13983953935191593,-0.09657158090636576
0.09964130846947301,0.981568037684413,-0.12910223881147298,-0.09964140192070749
0.08490854975601142,0.9860951615073648,-0.11384723875311173,-0.08628833558703031
0.06611300918858587,0.9859571827122866,-0.1091744126302359,-0.10769610717626735
0.052370614646309495,0.9879034001954257,-0.09850023781630815,-0.10771208731619723
0.04705777217181681,0.9882464669438925,-0.09065351669752024,-0.11373841286699772
0.02259549849083297,0.987756380340292,-0.08388024183622576,-0.12957963410354864
0.019754071517302546,0.988970853997144,-0.07356705702679592,-0.12702092238352586
0.003232218514570834,0.9890832388260049,-0.06470040870398919,-0.13235466196039375
0.014550572815784006,-0.9859349670928163,0.06295778650612639,0.1541325358665405
0.03257663216827104,-0.9834735818565017,0.058564042522210556,0.16819253773679277
0.047987071867868145,-0.9849201700893772,0.04433474201713315,0.16019965709990602
0.06156642513195943,-0.9863805999583444,0.028834010543328393,0.1497714497435479
0.07797219509377029,-0.9792996776978768,0.035228255781007,0.1834433101743829
0.0965741698482188,-0.9789967577477127,0.021880004489669428,0.1782134771590771
0.11636653032211358,-0.9762690921383603,0.013183561856787658,0.18216389338423156
0.12479734382598172,-0.9754020749930846,0.003248866630885739,0.18167514948054517
0.13884459248715664,-0.9686884551822864,0.007490458345495992,0.20569090637995394
0.15589729425641957,-0.964941205764743,0.0006442913218014553,0.21114944458725005
0.17110191655694676,-0.9635139696646119,-0.013133689604417784,0.20540805877339877
0.18982680681949118,-0.9576801341823369,-0.016694443049178748,0.2157216715503929
0.19443074524258877,-0.9560847609050672,-0.023780879682065475,0.21802083623144525
0.22487374851881023,-0.9467943474781744,-0.028288298043184626,0.22849952517302208
0.23458216703670362,-0.9413277560592054,-0.028308223617258942,0.2409811342336586
0.24782516417804687,-0.9377297908509925,-0.038347113476396896,0.24036436141555206
0.2614265199524272,-0.9331931771087753,-0.046944615487023056,0.2420803006028543
0.27999790068816377,-0.9232086146541542,-0.04262535418007835,0.2597500887768877
0.28972105441631707,-0.9227890981585078,-0.06355469348842595,0.24593249456567792
0.3098312956532965,-0.9143276717783821,-0.0705154095840154,0.251071810176532
0.33343841930042506,-0.8996865650788933,-0.05854270618217065,0.27560053828656406
0.3465577370059377,-0.8900718770178292,-0.05325565379709588,0.29126212249780375
0.350277040736447,-0.8904899059634522,-0.07166501926341515,0.28142112060770036
0.3759594035241055,-0.8744672267997997,-0.06254315172674912,0.30008323899703376
0.38313896176401185,-0.8708983347303244,-0.07386584453933003,0.29880505944986047
0.40770512246960217,-0.8546191385462195,-0.06845332963047628,0.31419230226895367
0.41658099169166707,-0.8495340317211879,-0.0779381080526008,0.314130319488444
0.422757737843259,-0.8441034680226767,-0.08035311160525192,0.3198571678438591
0.443578315055407,-0.8322448827802519,-0.09190869821859354,0.3196240364716878
0.45499738598788936,-0.8230536636924374,-0.09276752126010579,0.3270385794151812
0.4659742135041947,-0.8102960063424927,-0.07867737559821972,0.3465519946898747
0.4860402465021397,-0.7941186118204128,-0.07414930841252478,0.3572707505555194
0.49337186779576403,-0.7870014141966577,-0.07637963212540917,0.3624625855403109
0.4970635947631136,-0.7843419421611424,-0.09185526792015475,0.35958046426825707
0.5157001782623544,-0.765859765585393,-0.07988179713688605,0.37567411952893986
0.5250079109949798,-0.7590267458308821,-0.09495563056079108,0.3731333819572718
0.5507386311870615,-0.7369507536469926,-0.09910991357455796,0.3791672082981007
0.5630952253307068,-0.720766475241295,-0.08292895978166456,0.3956541962465854
0.570013412434594,-0.7135317002746755,-0.09239451953383016,0.3967624920628368
0.5867701918875114,-0.6917290290275617,-0.07088216831933106,0.41495470900717546
0.5893830264143203,-0.6866967600925352,-0.07858254867164255,0.4182104624437088
0.6067462427439818,-0.6661396701735549,-0.07183938620151159,0.42773360790019616
0.6102186296293756,-0.658649271739138,-0.07312550056251324,0.43412788675485026
0.6095346145767845,-0.6582830533621978,-0.09354124258539184,0.43171867138734404
0.6247127173421017,-0.6367334037360737,-0.07725755634176867,0.4453491476873173
0.6417536986921847,-0.6135660340699126,-0.07441066509637567,0.4540396072707032
0.644120007761481,-0.6050837734538201,-0.06592817110881193,0.46328880728815686
0.6524383688797606,-0.5904871197476984,-0.06138494495492542,0.47104248721157355
0.6604230768718033,-0.5757857267238174,-0.06132818148807206,0.47807008962250647
0.6741846484798087,-0.5527698309484568,-0.053722692959457564,0.48686183461897586
0.6744937783735712,-0.5459720497450898,-0.05250695576304098,0.49418183235423285
0.6828907941240654,-0.5277943730623053,-0.04130075580893298,0.5033761124983808
0.6927882650362959,-0.5081812241283297,-0.0376380574084059,0.5102740831219562
0.6963654564737554,-0.49437106455184177,-0.03120992650378181,0.5193248906528606
0.7025407334297273,-0.4798420627639559,-0.044457685682951734,0.5236522002800794
0.70868214350271,-0.46136120730852614,-0.030429811608723906,0.5329066357596621
0.7149555210173995,-0.4416455593627985,-0.0326949724277429,0.5410349726587081
0.7087242776903687,-0.4439398864133371,-0.03361747149000112,0.547263319686417
0.7165506772347124,-0.42180730075054734,-0.016658028332239998,0.5552983325025339
0.7208116132375786,-0.4039708496807546,-0.023593118238269508,0.5627446451116559
0.7265310433218646,-0.38204977745249613,-0.01764396484168663,0.5708583897454835
0.7282138178800426,-0.36794971165564816,6.678459664760517e-05,0.5782020759915302
0.7276924279219179,-0.3569010621576391,-0.014090258334852276,0.5855653907087667
0.7339489549035328,-0.3311431172846999,0.007355492346787179,0.5929663263654351
0.7334245052347336,-0.3178333138329766,0.00976147737171915,0.600812111478003
0.7307876782974185,-0.3090086466887395,0.008256524785473118,0.6086007355555277
0.7327561263135715,-0.290295342696574,0.026062038162123186,0.6149128747436048
0.7344001576464656,-0.26899702098558526,0.02768117735670156,0.6225196893029762
0.7362626491806026,-0.24809798317672888,0.04555983651932396,0.6279243612582115
0.7340636334340209,-0.23470905693718586,0.049133281601294154,0.6353331105021901
0.7287936860993003,-0.2262825312370353,0.0316067363802061,0.6454897314242473
0.7266809327008704,-0.2120624467610787,0.04223503352381267,0.6520586957214359
0.7324694354770767,-0.17803685537423655,0.08262937583353194,0.6518924684867181
0.7217113790342162,-0.18310499882525402,0.06285277732207817,0.6645711197160428
0.724406316263367,-0.150872324996001,0.07759086228378496,0.6681711521744249
0.7145098976441329,-0.14988132905735457,0.059013042017747715,0.6808293870276042
0.7147465397792608,-0.1233068544329814,0.07752374102095076,0.6840488820994692
0.7118698597912815,-0.10723945534378578,0.09265381040613381,0.6878635572230394
0.7003634643626078,-0.11679819632051712,0.09180747508814512,0.69815513078414
0.6936776580516866,-0.0974150597318295,0.07395169846000631,0.7098258653728052
0.6957791315083104,-0.06288141014031602,0.10281449805641583,0.7080723885350381
0.6883764337791063,-0.050179305052690054,0.10000788581799186,0.7166717139222144
0.6811646268526713,-0.03844343156141901,0.10400816919312308,0.7236844301458601
0.6754670855878487,-0.022061802266443813,0.11120896991342641,0.7286220269652908
0.6737811554365534,0.005086258375661929,0.13532008734123768,0.7264169316007708
0.6590868807900268,-0.001499918061152132,0.11529275339076257,0.7431754939661693
0.6582985288365891,0.030379245854235692,0.1406238890438593,0.7388809580596123
0.6466654192690954,0.03956081306418711,0.12908975407309717,0.7507293873191411
0.6374553614377929,0.04781716962265397,0.13638924063706323,0.7568105149255898
0.6317977081975853,0.07335519511395365,0.14659401726399318,0.7576020494748392
0.6201568098192022,0.07611026268772149,0.14149886495990915,0.7678481818455608
0.6064499560349088,0.07279278651595492,0.13978715354914506,0.7793453745029397
0.5993341393858856,0.0975038349542497,0.14680917587915554,0.7808576422200639
0.598381356475836,0.13735946500407134,0.1754623210718518,0.7696006129675392
0.5805174182747168,0.12642369320460356,0.1598506530950313,0.7883300993754188
0.5728232862526039,0.147392316328442,0.16721317893497226,0.788789414612395
0.5599143709373959,0.1469333273805833,0.1657303431080522,0.7983983641616119
0.5497180878691231,0.16313759770440256,0.171744970592005,0.8010616787495846
0.5380357289956598,0.1793851176372145,0.17348457003184545,0.8051345464301339
0.529761478765531,0.2064550151910811,0.18255413529013673,0.8021241113487855
0.5161905452086739,0.2111660628411123,0.18296860804776113,0.8096163927505544
0.5035928816928418,0.21199312202205536,0.18180232314487424,0.8175579741050589
0.4910004058589191,0.2336012035841248,0.1818116428604538,0.8193250915545109
0.48607008562624765,0.2616995237832829,0.20694810350902046,0.807726261529805
0.4687433216575394,0.2536125994534043,0.19591259473575443,0.8231516282094373
0.4573875388361684,0.2737494499870751,0.19836005705369109,0.8225029882710596
0.4402344634223309,0.2755082600279985,0.19643806295795796,0.831685579586975
0.4309430400970384,0.29978899781195273,0.20252083213908426,0.8266800865706879
0.41767465218116645,0.3061351686610887,0.2056229186358248,0.8303904857149277
0.4039778636286992,0.2962473775942827,0.2124865056833504,0.8389808471407333
0.3885389406835555,0.31838331507603523,0.2045859558636194,0.8401274563523465
0.37500933301920164,0.3350511601442501,0.20142659114084105,0.8405569871316674
0.36015839354234536,0.3279950524348098,0.20906850586583742,0.8479360453444054
0.3459181557146077,0.33993240778128825,0.20469166902811886,0.8502281507439654
0.3312825654731341,0.347481496144727,0.20823581365208232,0.8521421932771645
0.3147087787800368,0.3490363979963261,0.20874073039069613,0.857647529529752
0.30265262953234917,0.3639382662437935,0.2139456040952484,0.8545043023232449
0.2875614406223504,0.3766089365691546,0.21240126255225764,0.8546109234205098
0.2700952563264917,0.3781148614031513,0.20625699702100161,0.861124703672982
0.2620897475097269,0.41708764003774956,0.21231751251324069,0.8439597968257837
0.24834447006905647,0.4065062101815228,0.22283128792289722,0.8505433218787846
0.22917838151649403,0.4207043549751278,0.20984183667577577,0.8523212532437393
0.21655946634594625,0.43208996140264605,0.21404791136492693,0.8488720483272673
0.20274823065682515,0.43318955916294366,0.22013622320661452,0.850164692297951
0.180865978578485,0.4292599206042464,0.20996842482603048,0.8596142617079815
0.1720295056497912,0.469890929511771,0.2085376325690053,0.8403097163254555
0.15615556710074524,0.45287437647700046,0.21864243610760448,0.8501268864863326
0.13946762041627822,0.4689620707522177,0.20986711491792262,0.8465099840682556
0.12063799159077782,0.45492053035953617,0.21142404019575886,0.8566175700215618
0.10449994932223089,0.46583265760347137,0.20809494388249286,0.8536838935064182
0.09318747189599554,0.4970219087545948,0.20007191451037346,0.8391999441871584
0.07722436645262176,0.4864308338104387,0.2080392723156035,0.8450686968045032
0.05822222547102577,0.49504949787297464,0.19700986944198187,0.8442293991915718
0.04909069069450498,0.5096423082106524,0.20401071222607206,0.8344066461060057
0.027681823395660242,0.4990297911164424,0.19970179169013072,0.8428061334776235
0.013791389258057446,0.5041023587373743,0.20224553585485117,0.8395161420273792
0.0009915446080680215,-0.5207500793210663,-0.19413840853509695,-0.8313414762276294
0.01581751204289117,-0.5177648250716875,-0.1993128226225353,-0.8318315881052352
0.026170712513452654,-0.5396416290884054,-0.19358976364797778,-0.8189169734301885
0.05073530299360664,-0.5306342077008633,-0.18347526621108998,-0.8259479967507624
0.06449512185207695,-0.5343217733340936,-0.1853379423156526,-0.8221863954947138
0.0817353700636797,-0.5331383853232975,-0.18395645492742882,-0.8217315949055115
0.09263528158959851,-0.5493233185152431,-0.17974866567804051,-0.8107730962033564
0.10965358297304396,-0.5447723797724753,-0.18154233323510266,-0.8113208534370115
0.11803097319247763,-0.5603472978041875,-0.18111555150374994,-0.7995478423548382
0.14269857483408885,-0.5544207281065494,-0.1680980890523899,-0.8024947385765575
0.15666880337699454,-0.553454633328419,-0.17238153099770193,-0.7996420841017643
0.17256392317002292,-0.5648366087896578,-0.15844177199206713,-0.7912505941098453
0.19269850007774317,-0.5623724745870543,-0.1504260759007333,-0.7899218211846843
0.20064794743972406,-0.5689959071088124,-0.15769904649491803,-0.7817384918348589
0.21322411028595578,-0.5782378820751103,-0.1506622990477827,-0.7729665595429667
0.23670988654859904,-0.568532070570882,-0.14367310025883495,-0.7746597669974542
0.24618915065681693,-0.5761988951825114,-0.14459961858523787,-0.7658176581891617
0.2577290265592437,-0.5883760383548658,-0.13386208431862046,-0.7546325786371361
0.2805913617424837,-0.5734322795494485,-0.13510648922509844,-0.7577533537078475
0.29688648160784237,-0.5742871468573334,-0.1283857718126118,-0.7520437378165313
0.30820956597163496,-0.582034317747432,-0.12220829924756516,-0.7425012107753598
0.32203650679982493,-0.5861150911216886,-0.11511379602554955,-0.7345137181919539
0.3362190287976564,-0.5907773373084044,-0.10517850738925677,-0.7258625103836953
0.3467728356198054,-0.5951815375476351,-0.10305891177172727,-0.7175558504695365
0.3703821729841721,-0.5791296245630561,-0.10411252579432033,-0.7187395257405171
0.37378143286345306,-0.5949594667610942,-0.09824449492439383,-0.7047401596155488
0.4004595176977687,-0.5784168380044071,-0.09252990807062672,-0.7046306495680521
0.4027419299382287,-0.5969904774241948,-0.08208104323301722,-0.6889586417748473
0.41772625555666304,-0.5926139022352788,-0.08217992978627689,-0.6837835896220437
0.44176675362889306,-0.571625392789059,-0.09100920133378443,-0.685422403324789
0.44673849510970165,-0.5893246750690965,-0.07202845704437894,-0.6692780033122477
0.4618473464347116,-0.5846040713951656,-0.07130807143949952,-0.6632120831581639
0.4800865191131663,-0.5728625580082527,-0.07620557900341254,-0.6599531297954421
0.4890960885032269,-0.5832531053237322,-0.05727243530581059,-0.6460036373699521
0.5053619127718871,-0.572769783666999,-0.06444722380904716,-0.6421765079640528
0.516011632051493,-0.5743364486524106,-0.05949264225650182,-0.6327165754539953
0.5310770758849537,-0.5770566225343374,-0.034276673004864554,-0.6195061771657068
0.5330691433489521,-0.586351312799315,-0.034667207081118534,-0.6089561652047947
0.5505224101885051,-0.5802362230183024,-0.023746100020819564,-0.5997392134182118
0.5718680729396939,-0.5627298180752309,-0.030238120965860173,-0.5961440388376894
0.5800921253311929,-0.5647033634250432,-0.02827766747959736,-0.5863476877988834
0.5898186522917289,-0.5667229108243208,-0.016195656200083383,-0.5750450421278547
0.6006432837696326,-0.5638132395568551,-0.01679382627467925,-0.5666217821103356
0.6122721430632216,-0.5653615536312114,0.004800861786922327,-0.5526898662275034
0.6293267904317401,-0.5532609991317975,0.004228224067729466,-0.5457400295065435
0.6372305623412622,-0.5542183005354993,0.008517615162719226,-0.5354500312837059
0.6523928990163753,-0.5458658799763305,0.01855550860717822,-0.5254232955351378
0.6552723230968128,-0.5542447659009444,0.030131812138933286,-0.51236997955768
0.6770898865335291,-0.534714196799121,0.022917367034560085,-0.5050790112286261
0.6835437244870615,-0.5362479233505091,0.030499690859449268,-0.49424276451365545
0.6918752793932432,-0.5354196095329203,0.041544379329376775,-0.4826059511011791
0.6996745992255677,-0.5348032080913068,0.052427685231959106,-0.4708421408869498
0.7104579917364852,-0.5297454990965851,0.060649139843515734,-0.45928295200335056
0.7167820980897185,-0.5285601810968125,0.05842844926004643,-0.45103622374934826
0.7300349938686473,-0.5198521577603458,0.07402661924195082,-0.437404505512602
0.7426197418284176,-0.5103562201470362,0.07926400318621699,-0.42634453837573627
0.7434721462168962,-0.5170380988333603,0.09092114271872247,-0.41431161938949795
0.760401370908673,-0.5004059354798405,0.09311682287547494,-0.4033768859941456
0.7669228883186303,-0.4992781162183292,0.08708004676593747,-0.39365938512085336
0.7736202774794478,-0.4954547161190096,0.1038561478205585,-0.38111703072406533
0.7879287915630527,-0.48081122722006814,0.11213642226516303,-0.3679866927032667
0.7887732807555643,-0.48567386559425163,0.12287364083630052,-0.3561736602171369
0.8017061697636186,-0.47457379976087166,0.1064528508515706,-0.3474402344131278
0.8069061669161071,-0.4681934082560214,0.1379359992767243,-0.33267255727200834
0.8123586274873466,-0.46610962290190655,0.13895461552136731,-0.3217248740934185
0.8287458260380811,-0.44730921382326455,0.12703558197793002,-0.31137884315540826
0.8269045812031327,-0.45171095219272855,0.1525270877158361,-0.29819711059521675
0.8398352865248458,-0.43968559587887973,0.13725596040088694,-0.28725262334536594
0.841779256801314,-0.43880311994925003,0.15169654389479933,-0.2754045448285204
0.8479093121360489,-0.427594688519229,0.17397218871180972,-0.26066503083063997
0.8538547888309214,-0.42414721861835,0.16672578883751252,-0.2514630149054318
0.8613304712670353,-0.4137918904750559,0.17420786505819005,-0.2377765976622882
0.8699886327399023,-0.4014484023714568,0.17694981159458664,-0.22505049058689122
0.8756782806264807,-0.3957137125300527,0.17579511908438805,-0.21376221055378122
0.875435232083053,-0.3916371206322086,0.19951302524536824,-0.20106733431376936
0.8784304310353026,-0.3804241443468103,0.21950834675362887,-0.1882910883037703
0.8845436701987867,-0.37384173026085127,0.21503674326596456,-0.17771903463726282
0.8951778217859551,-0.3568845186304081,0.21128492082339748,-0.1632445710495311
0.8899189648846798,-0.35878004973607314,0.2366985234215566,-0.15262673704176435
0.9018564492006493,-0.34306851776314273,0.22329407412352323,-0.13819802319973803
0.904539501118527,-0.3396230579926451,0.2247200921281683,-0.12635406439793825
0.9062563948777097,-0.33195418364114526,0.23507593151672948,-0.11508724137774515
0.9059430671148468,-0.32411761990486,0.2516120772572461,-0.10443318530068126
0.9126822976990453,-0.3053653950516366,0.2563031231486572,-0.08984268493312857
0.9127413930741998,-0.30591310627400764,0.25887885381934117,-0.07938551394266508
0.9175777202607633,-0.2906374202551343,0.26322212031310727,-0.06553726120591842
0.9176483815833838,-0.28783158740949394,0.2683328466511353,-0.05542480017848939
0.9231227886656042,-0.27194274581040045,0.26873421727015484,-0.04090697392298075
0.9219552222471559,-0.25650628602893705,0.2886906602451491,-0.029339326612217748
0.9241449778845957,-0.25030417344561395,0.2880784934801505,-0.017738720376481307
0.9214080309136905,-0.24199315408385866,0.30394819311214283,-0.007877172599665992
0.9240442371030485,-0.2270479932860281,0.3075033351902597,0.005758078524957844
0.9254277581511021,-0.20458656488347515,0.3183898574118343,0.018860026772959483
0.9267579074528403,-0.2095237061090078,0.3103645077807314,0.02989096622732768
0.9211957118355781,-0.18832814539839776,0.33834379395469144,0.038137215929952326
0.926721685332842,-0.1857171322374384,0.32221348066334776,0.05361471445572677
0.9280501138628329,-0.17974096520816027,0.31938602980220704,0.06639830986106204
0.9249229487548566,-0.1672520084019433,0.3328753721522057,0.07575150933590617
0.9236738133979969,-0.15847917632189432,0.33791301052947703,0.08675156730596702
0.9225808638010167,-0.14035293281826408,0.34546806943781866,0.09898190236799986
0.9246230392239719,-0.12708303623084424,0.3403320609561229,0.11443874135944122
0.9202509491463267,-0.12519414747188673,0.35022455074298725,0.12168557881254945
0.9197035311221218,-0.10522220738942775,0.3530510340092228,0.13575223496729377
0.9161983427278997,-0.09215789303607298,0.3617559406399409,0.14567140743987284
0.9103094007899849,-0.08407462832767011,0.37590237395111137,0.15154424094257615
0.9086494547425292,-0.0721872479042591,0.377197156794948,0.1639130090685931
0.9028990666678625,-0.06270051995857759,0.3897448333033886,0.17012020785474188
0.9017160050113376,-0.046791676144564795,0.3879698070331518,0.1849275917234481
0.8985987138517039,-0.03539660965209212,0.39088515369021454,0.196153582974613
0.8907781130329878,-0.022476159929527097,0.4074527888239872,0.19997849998379097
0.8909765815876559,-0.0164324652832033,0.39910029426119586,0.21589270545277425
0.8873729898612641,-0.002571162837160382,0.40057858026321,0.22825285763962852
0.8843063191139776,0.0062055968533159785,0.4000146784562594,0.24073238577789563
0.8707229180711891,0.028718762417226318,0.43028273633707825,0.23637597052385145
0.8661056163952067,0.042960551844841634,0.431727020464486,0.24824832735533803
0.8620780420056466,0.050915663179561574,0.4327661916412604,0.25873242569692706
0.8610581717024182,0.054063100074985077,0.4241120598351039,0.27529069518818877
0.8563627590157253,0.058960798382054196,0.4271156793752836,0.28414546566312726
0.8502398883801279,0.07846631839714767,0.4264040116434533,0.2985210008339695
0.8380681243991072,0.0961189952704335,0.4491926598606949,0.2943278986804329
0.83388732120891,0.10731028988002016,0.4431755785902224,0.31098527899904815
0.8250159787135888,0.12925335947582775,0.445253393198888,0.3230969200972798
0.8174311668777208,0.1359855521787375,0.45515661191668566,0.325801589382396
0.8034373429276105,0.15667136503210868,0.4777763197360802,0.3188609535014343
0.7997074979601247,0.1600424303453597,0.4732842784847393,0.3329509422342689
0.7952305493782689,0.16503578320601725,0.46791182767322287,0.34846819814814856
0.7851383076032181,0.17850671999498469,0.4790946190762682,0.34951614386570473
0.7748912527967148,0.19698242327884175,0.4804114171405712,0.3604807089697327
0.7687826557177755,0.2010169539244729,0.48166303491852785,0.36954855336683934
0.7532842901763678,0.22722735282797268,0.4956420501170026,0.3677899760136109
0.7410131152068665,0.24609099513793015,0.5000101880745762,0.37460458756542936
0.7345803837390821,0.24997407705720728,0.4996288963485551,0.3850656912251013
0.7293923962706526,0.2484224416025948,0.5033963727512356,0.3909796857531857
0.7158051880941886,0.2672233233452338,0.5161426136749813,0.3870548158937322
0.7059776061150719,0.2777711194232283,0.5124656891386459,0.40226576082740606
0.6908979507997602,0.29865994319731065,0.520428226819977,0.40325763556203853
0.6830591810765001,0.30306805523827796,0.5264579231479717,0.4054897830968291
0.6692240932569944,0.31965141178683154,0.5334157727493597,0.4067305020885975
0.6613630348356517,0.3226545465941189,0.53532646103232,0.4146306306023858
0.6441610179224593,0.34426023375414416,0.5358878761899334,0.423515830397502
0.6382714811726796,0.34153716938074996,0.5326478434625648,0.4384611192656627
0.6237934704082119,0.35756354834271903,0.5434852548411867,0.4331902502860074
0.6063646760420933,0.3789795259009701,0.5558653315612404,0.423922318077918
0.5935376947747303,0.3900912159328407,0.5584791232638928,0.4285357826505632
0.5806781030390883,0.4001162341819212,0.5663442135269458,0.42658430772773287
0.569108618091744,0.40657358767383805,0.5687278722691058,0.4328532152173354
0.557553371274299,0.4145746083370084,0.5742732578114016,0.4329807820972647
0.5445540255814793,0.42201126279847634,0.5751761775203246,0.4410666300088334
0.526968754850503,0.4435742412381537,0.5904289612695311,0.42064173071093314
0.5186459716419121,0.439476542230549,0.5868471163814722,0.43986041754566657
0.5013255012967378,0.45131555117184086,0.5873579477150184,0.4472109751292265
0.4894093367258314,0.45752674525708065,0.593951456792593,0.445386849237829
0.4680688512897209,0.4781820115158082,0.5998264084095092,0.4387046775332642
0.456798922192806,0.47776477117719346,0.5992047629731677,0.451695937701198
0.4350696238996473,0.4998857975968707,0.6078255348382847,0.4374662626069728
0.4276418817246712,0.49305980289247325,0.6089716866701809,0.450741540797709
0.4079162971777587,0.5102297492121818,0.6175161697954034,0.43811377238894816
0.3963656859535273,0.5094621540519353,0.6190156076251646,0.44739494197386753
0.36696812796502387,0.5351478371000651,0.6205440051898664,0.4403138915908594
0.3638133701993472,0.5223876047114271,0.6248126855649636,0.45206208651594365
0.33827808597972814,0.5444495342769924,0.6290986102838809,0.4397471770351087
0.3282035132641982,0.5423997794792784,0.6353262195576781,0.4409597803024857
0.3119606182840672,0.552357678670855,0.6427532352499964,0.4294762461753031
0.29356673484183105,0.5588969020336664,0.6451382057758963,0.43040622734776274
