0.997203895868279,0.0500205353120004,-0.0497243676403863,0.0246946021428212
0.988791520735902,0.100027800211593,-0.099160775958931,0.0495268433966374
0.974772749802514,0.149464080537932,-0.147903960441536,0.0748531452719504
0.955102505666439,0.198663967746824,-0.195774874240335,0.0999201191200225
0.930071968837852,0.24671066223033,-0.242152723628297,0.124346452958468
0.899740350256171,0.293389971986687,-0.287013846120151,0.148366703117213
0.864264415409126,0.338729086326169,-0.329828967848821,0.171821064779444
0.823889460272368,0.381962053233368,-0.370766558046603,0.194533561567489
0.778727213539314,0.423335341356267,-0.409308518417225,0.216420083178908
0.729108855818904,0.462399626884095,-0.445368640615418,0.23713632235546
0.979602564753661,0.147910746136728,-0.0768312614719986,0.112241630271244
0.96340429000341,0.199305788823291,-0.118887414463143,0.13414603694042
0.942204032739629,0.249970827840379,-0.159840157378748,0.155618989866641
0.916219651047505,0.299313867374765,-0.199681857549197,0.176294967589129
0.885418347402392,0.347525446289238,-0.238184343377955,0.19628711836057
0.849944031210853,0.394023337921945,-0.275390625519579,0.215640340284066
0.810025850830581,0.438753707491708,-0.310745711842141,0.234073509223481
0.765797057450864,0.481300730008626,-0.344558377055541,0.251364275293076
0.717617378252427,0.521340603902107,-0.376168108893571,0.267818645737249
0.665436929026608,0.558751308722681,-0.405918026576678,0.283233515298639
0.977781463070042,0.162063375217466,-0.0187728038056709,0.131629991745821
0.977546127732677,0.162224240828683,-0.00844364905523831,0.134222086979146
0.977215889652649,0.162319357202274,0.00181545500675645,0.136741491182965
0.976607111942897,0.163095074397587,0.01234977148334,0.139592366389103
0.975894179451165,0.16374537668841,0.0232860879155929,0.14239297818395
0.975004246496323,0.164507649481819,0.0341262839514995,0.145393773318411
0.973873403410405,0.165616395888827,0.0453530013865192,0.148609921633331
0.972522109067089,0.166991106074367,0.0568675394983915,0.151923667738637
0.970988955438199,0.168432748138975,0.0686728299227124,0.155225320749531
0.969262711866953,0.170149343504858,0.0807084360566742,0.15831975441641
0.979478329958135,0.0877748621516,0.155160233158966,0.0940376348210895
0.977169360838097,0.0843938491943635,0.171956428953213,0.091916837407964
0.974559429065556,0.0809274858434558,0.188761416988573,0.089742903401558
0.971530535133462,0.0774512446308871,0.206070283811366,0.0875486272783232
0.96811924038178,0.0744919970305597,0.223393816411042,0.0853890014598699
0.964287276756037,0.0716905130399071,0.240997859975297,0.0832499232061431
0.960080684075526,0.0693289922726947,0.258727991898563,0.0806126361289554
0.955418965968652,0.0669197980198403,0.276758495460325,0.0781093803004043
0.950335311761331,0.0650624700801771,0.294779228918692,0.0757289667476192
0.944881156568484,0.0629994277778531,0.3128875190291,0.0730210414694386
0.953444722559677,0.166659883787001,0.228293100675052,0.105118525214989
0.94952100588612,0.173335580720342,0.239573841563574,0.104733042903492
0.945296008424139,0.180530987852432,0.250899452950644,0.104275996238267
0.940922725459585,0.187538503731791,0.262222499415701,0.103600652179076
0.93624945205482,0.194852042868609,0.273638139256607,0.102916537355086
0.931335332993007,0.202624726560371,0.284846446238586,0.102079477714126
0.926128885056777,0.210592186689065,0.296212072113594,0.100968448057693
0.920728577348782,0.218698443877787,0.307412073908242,0.0996378156833855
0.915052737281206,0.226891120696902,0.318716837357177,0.0980738748501077
0.909104767301059,0.235401388782283,0.329844033004825,0.0965278308104516
0.907500885081736,0.292981771115086,0.256577601011925,0.157390469943697
0.901217969429212,0.305625104919713,0.262384104111305,0.159856337786186
0.894624872847834,0.318423959789657,0.268267242571499,0.162127126900333
0.8877904887453,0.331394543117603,0.274027529109214,0.164056752910556
0.880518137024052,0.344467730020472,0.280018966688147,0.166190167101237
0.873049509400174,0.35780992387448,0.285764119317145,0.167617065431746
0.865214009367664,0.371149457943068,0.291774893494412,0.168879274598227
0.857197397363549,0.384462953036032,0.297452254401102,0.17006768078525
0.848654287662628,0.398095628840137,0.30344350628741,0.170961424953748
0.839789844438916,0.411833231916154,0.30930962592836,0.171679822852932
0.833349928806974,0.421083385787506,0.299177068848171,0.196747960209399
0.824121654418598,0.434457648340899,0.30419636536562,0.198833150693729
0.814690732211896,0.447566316028621,0.309282313025919,0.200768160956738
0.805057252584826,0.460625293988891,0.314287508756044,0.202312927016887
0.795204485942573,0.473499841450608,0.31928439821308,0.203728247282425
0.784999365739004,0.486291241294681,0.324424227376973,0.205050591611666
0.774690959447944,0.498812425614971,0.329454496292943,0.206154835679631
0.764215717748223,0.5110667630178,0.334475980668156,0.207149508426046
0.753489049875086,0.523251399631547,0.339476671452754,0.207888946414489
0.742682095969753,0.535139448399645,0.344399185341759,0.208418512201847
0.732186326533438,0.533799874334747,0.373014322190249,0.199552481414359
0.721104542482775,0.544279201553748,0.379659747158779,0.199064979225512
0.709743943564828,0.554693633692594,0.3861444439304,0.198673037263831
0.69825768269146,0.564912060777726,0.392527089215356,0.198073361112328
0.686541168691576,0.574866684444517,0.399211025881236,0.197028108710975
0.674742028339093,0.584539604827213,0.405702281735116,0.196067091007677
0.662747723057501,0.593991149146488,0.412209574599221,0.194995479246217
0.650785211478096,0.603105481514264,0.418630334778398,0.193626004173468
0.638581410990602,0.612070536953023,0.425030813749029,0.192177643588237
0.626421641839584,0.620666941940485,0.431232670181643,0.19080581224181
0.611035943040212,0.617145256856407,0.460605758915045,0.183327965970536
0.598158810001801,0.624216511193159,0.468848989237703,0.180943113883494
0.585070311835898,0.631017635899229,0.477096338605281,0.178573674100715
0.572028117612335,0.637536365514943,0.485211884418926,0.175785785902955
0.558830109137284,0.64368175524845,0.493465144409309,0.172843450367624
0.545540733075892,0.649296327810608,0.501990161471048,0.169721728228739
0.532022864767036,0.65496555804644,0.510201566386057,0.166331448605502
0.518855530284491,0.659959717271386,0.518388098525925,0.162837003101097
0.505527416931926,0.664805799350189,0.526497600041874,0.158982882822768
0.492181057930759,0.669168032796903,0.534677760004806,0.155214828715315
0.472536444860385,0.668944738873833,0.552537222352528,0.154676638593812
0.458566671847966,0.672042993378065,0.561565972763524,0.150726509798001
0.444567357277323,0.674775099440668,0.570521914308164,0.146775935740302
0.430437440060342,0.677236456100035,0.579426379018091,0.142616492809734
0.416235415147545,0.679350807906162,0.588298411663073,0.138331261141153
0.402213402145802,0.680989015650781,0.597168506491216,0.133671666976705
0.388177048503206,0.682349748263814,0.605917955768432,0.128766575387609
0.374211721091313,0.683197059223317,0.614629892799748,0.124247579225751
0.360239109457948,0.683508822596659,0.623562931710375,0.119217212038511
0.346408835225064,0.683503042383129,0.632344522859172,0.113863577763163
0.311462430888985,0.695726877832523,0.641109592352859,0.0890716352116961
0.295851449302222,0.695536226041439,0.649509805289782,0.0826939601315367
0.28034135314754,0.69504192092511,0.657655953209865,0.0762502529816338
0.264810388827175,0.694040827812071,0.665819099782764,0.069769002168623
0.249396717194377,0.692427907620209,0.674052498072758,0.0632305309422653
0.234250037004457,0.690551738304493,0.681960073140674,0.0565303062968877
0.218894190907507,0.688226903370609,0.689886715891064,0.0498536046930683
0.203760474820914,0.685527065055147,0.697615892150348,0.0432016087305283
0.188618657516066,0.682383575500038,0.705298528280726,0.0364642829308737
0.17381575445654,0.67902332771395,0.712628985506746,0.0295860260698137
0.158973367153403,0.680432877777228,0.713877353744782,0.0460183787856227
0.144263875745107,0.676731067639448,0.720794181441906,0.040972481570758
0.129264423448621,0.672544200950425,0.727807086437712,0.035663027486435
0.114746361717514,0.668179311895969,0.734472052515237,0.0303394743012854
0.100174842663887,0.663445097265174,0.7410593432754,0.0252319946952754
0.0857229967035608,0.65843686507228,0.747472918111317,0.0199173100618952
0.0714213021160212,0.653124625924774,0.753730210886037,0.0147644780594142
0.0573680100257562,0.647219478157593,0.760081641235283,0.00957899661634446
0.043308649500798,0.641173040590161,0.766161145830672,0.00431178828522669
0.0294261373713129,0.634695419991969,0.772201581265372,-0.00073768006708276
0.0393892837556354,0.62812770887714,0.777112562965682,-0.00036075875837522
0.0274931793331623,0.621471919507273,0.78293854322046,-0.00490060138392902
0.0158745252510094,0.614481491051766,0.788713140573479,-0.00959575372610961
0.00443399284459173,0.607266257136559,0.794357662347593,-0.0142806484613749
0.00693707361859591,-0.599801983617578,-0.79989918475143,0.0187283659732341
0.0181310390680419,-0.592079304801924,-0.805343954873516,0.0231187498854768
0.0292305479866586,-0.584319494874382,-0.810539008782014,0.0272546916477986
0.0402498366059668,-0.576095292749113,-0.815775483893898,0.0316942298089679
0.0511916425432197,-0.567698535846478,-0.820867395565379,0.0357002385034533
0.0618265478640857,-0.558976842477153,-0.825906668097911,0.0400067887350256
0.0857512054758351,-0.555853121144971,-0.825219876383832,0.0518285065759116
0.0967867302865819,-0.546953176066129,-0.82964719037425,0.0562146914580078
0.10777066801998,-0.537857197704677,-0.833939068538744,0.0603386108269929
0.118712843745979,-0.528570830684325,-0.83805753301281,0.0646506692920373
0.129219632512566,-0.518994880554182,-0.842155295980183,0.068709955496984
0.139890342893132,-0.509220965712492,-0.846072755388367,0.0727020813568316
0.150386978026978,-0.499373542460595,-0.849773046437587,0.0767827550850602
0.160552628565672,-0.489058165338507,-0.853544827490846,0.0806609685040438
0.170699758503614,-0.478693261583912,-0.857085688840009,0.0843710598879298
0.180527297129011,-0.468061071023092,-0.86057741749053,0.0879501977788691
0.188451207146596,-0.455551204500078,-0.864193802493597,0.100639526703861
0.197915410714843,-0.444508502032444,-0.867340857906106,0.104697268489429
0.20726448957551,-0.433430102913141,-0.870241312190817,0.1089028732684
0.216363037241714,-0.42203257125671,-0.873146702165501,0.112651593026907
0.225400696544563,-0.410230781594022,-0.87599253174892,0.116371457626437
0.233914878927439,-0.398584650491567,-0.878651668853269,0.119938945427426
0.242521778374676,-0.386773306292985,-0.881078916362976,0.123650878257377
0.250847671152399,-0.374792494930658,-0.883422682597179,0.127162869949819
0.259240926495051,-0.362710689346095,-0.88558633908615,0.130276375018877
0.267355394589317,-0.350458751735597,-0.887603568154576,0.133640046824233
0.317797121084534,-0.332393184684199,-0.875193370200405,0.150187633855568
0.328157760609256,-0.318911989611194,-0.875755991301585,0.153815053663567
0.338308948135404,-0.305370738959759,-0.876125894566746,0.157159741245352
0.348179137034884,-0.291928783624713,-0.876200257020534,0.160692200875427
0.357943531171564,-0.278112607689517,-0.876206335411408,0.16368342531081
0.367404563634409,-0.264365539884683,-0.875979699938154,0.166686271895293
0.376844765494691,-0.250372728553903,-0.875508584591439,0.169665075435163
0.386134097231837,-0.236352877264561,-0.87480457708536,0.172495589144249
0.395206767517648,-0.222124056045342,-0.873960642508132,0.175115133500761
0.403968406249888,-0.207819202372364,-0.872958782477314,0.177661672774305
0.43113096878983,-0.176943080024325,-0.866313577295939,0.179772133476134
0.440706525502354,-0.161110060128708,-0.864139123210402,0.181892502984936
0.449906987876179,-0.14523903395545,-0.861787571471122,0.183879055179694
0.458847208124819,-0.129295817591512,-0.859211783434373,0.185733525129216
0.467612680595104,-0.113461483615469,-0.856329046609929,0.1875244960387
0.47613282044609,-0.0972581329758326,-0.853333002568934,0.18884167863794
0.48458003733007,-0.0811391635641911,-0.849943720207372,0.190247985632819
0.492723004014944,-0.0650099041500157,-0.84635324042368,0.191530535688784
0.500669212257615,-0.0488879452312706,-0.842531208179627,0.192565500419421
0.508284835154454,-0.0323332314273356,-0.83851828408745,0.193618634817301
0.547913727917405,1.54950661453183e-05,-0.815343957575472,0.187095636947314
0.556720916805212,0.0175344975000636,-0.809172418105578,0.187067795106898
0.565317195628594,0.0349342874587197,-0.802632049033904,0.187023682323949
0.573518222447691,0.0528337845975003,-0.795904891430857,0.186603439201911
0.581325274557076,0.0704575033086977,-0.788949396058699,0.186159920088236
0.589259559921118,0.0879017249046973,-0.781432235254157,0.185499648263926
0.596713305455447,0.105277968270272,-0.773796285159321,0.184632309098249
0.603826431940503,0.122807464874218,-0.765912905064273,0.183546693016173
0.610573974326923,0.140294758901199,-0.757806346364347,0.182335799856744
0.617083600810097,0.157686841260713,-0.749349993638348,0.181155393898912
0.668162192085815,0.193616288036982,-0.70720499911643,0.126226412840532
0.676039507588305,0.211994838943329,-0.695303463069186,0.120755400231836
0.683362553711825,0.230419924794769,-0.68315822945091,0.114965699125971
0.690299467066205,0.248630442633911,-0.670645980947012,0.109103240114118
0.696773644568555,0.266657934149162,-0.657812876759188,0.103354988073897
0.703007236356461,0.284504014376782,-0.644499647052001,0.0972548013405703
0.708792554217453,0.302222105368713,-0.630853015488241,0.0911009712450608
0.714245855849139,0.31957544827135,-0.616854092501392,0.0849436214720084
0.719187067377286,0.33684450860786,-0.602613139982951,0.0785056855130707
0.723723286790347,0.35408982863385,-0.587933274907598,0.0719684769316076
0.736470174548115,0.358862674325871,-0.573157810625688,0.0178714044081817
0.740131211726525,0.374746343252066,-0.558310294482406,0.00778349037385456
0.743497841653841,0.389889732509818,-0.54331463569195,-0.00248245491941376
0.746350739445492,0.405106382751585,-0.527908823855314,-0.0127147976308625
0.748631888599135,0.420057636876831,-0.512412993765983,-0.0231257625545371
0.750660729612244,0.434611710092287,-0.496489620523274,-0.033454255055619
0.752228420534019,0.44889989710199,-0.480324529519645,-0.0439275774935199
0.753382054515929,0.462908718440161,-0.463881009826185,-0.0542716044362426
0.754033158465589,0.476724815275835,-0.447212410900934,-0.0645639680534296
0.75423207257755,0.490202767870534,-0.430399355561124,-0.0747771475787221
0.749774174105806,0.476194897909057,-0.443447755247628,-0.120129910576751
0.749018434451402,0.48725112596634,-0.428760878488092,-0.133123379519246
0.747841118378111,0.497993526290938,-0.414001989477134,-0.146076904896932
0.746199716979143,0.508588670760013,-0.399089244329823,-0.158906643709635
0.744254033896677,0.518773955199064,-0.383898542983149,-0.171992514752996
0.741903090837907,0.528697746858848,-0.368646689155042,-0.184819140909606
0.739203818339425,0.538388948988397,-0.353187889267953,-0.197416740511113
0.736094664725613,0.547719877219365,-0.337663072117202,-0.210121941714009
0.732696999312352,0.556549907268019,-0.322111085288037,-0.222826741333258
0.728815185601375,0.565314094037888,-0.30621681014603,-0.235541218267516
0.701228943691897,0.57440948640837,-0.361595894398376,-0.218128676718712
0.695773997165669,0.583077272499931,-0.351128249542108,-0.229408786962582
0.689987316129872,0.591495170639668,-0.340620575187416,-0.240891241951301
0.684103575107684,0.599579535445237,-0.329983332753951,-0.252225453324512
0.678054760496017,0.607451339968012,-0.319104509940496,-0.263470915046409
0.671696552853127,0.615207250443857,-0.308285933947874,-0.274414946415868
0.665003423603757,0.622751934625408,-0.29737581204343,-0.285513749103444
0.658249805868808,0.62998671958449,-0.286530408926899,-0.296182799941242
0.651144562447847,0.636924030917134,-0.275695208071287,-0.307133016592813
0.643739541457174,0.643793731585932,-0.264609760686523,-0.317979100704102
0.627723678405266,0.661080893913368,-0.294259947886588,-0.286960133715203
0.619891541779226,0.668329888114294,-0.286254970314042,-0.295174065687039
0.611784029190078,0.675495465163392,-0.278309413296276,-0.303265640391931
0.603469481191601,0.682610906618269,-0.270139895265012,-0.311273790130702
0.595068510745153,0.689479823110394,-0.262202559027584,-0.318999779126243
0.586421819632163,0.696269031736779,-0.253986097091075,-0.326817911669593
0.57773422228308,0.702663471610299,-0.24568516025481,-0.334852230242081
0.568857423455314,0.708955667615164,-0.237338015448708,-0.342715274767535
0.559837979074274,0.714983327146929,-0.229055891509384,-0.350590469997093
0.550549107285069,0.720876070976759,-0.220890062815982,-0.358386594210605
0.541409914982984,0.735754461971129,-0.220812654272932,-0.34173446908475
0.5319168989096,0.741986307227833,-0.213042127507145,-0.348042791116303
0.522347279254781,0.74806032397646,-0.205393508593749,-0.354079903658638
0.512789770850481,0.753985067392458,-0.197506765977051,-0.359922556188949
0.502845540760948,0.759766545515381,-0.189811119779537,-0.365886454054385
0.492771358912593,0.765401714877106,-0.181954561271329,-0.371791797019755
0.482721327806464,0.770646073392944,-0.17406632340582,-0.377869903936239
0.472447560884193,0.775812458663138,-0.166313680955859,-0.383729189304835
0.462243286187612,0.780752816403435,-0.158504816117851,-0.389400060760175
0.451725287857928,0.785620226559626,-0.150622093920842,-0.395041907590795
0.45350655942899,0.800746291683358,-0.142507098918878,-0.364456998379721
0.443861341899957,0.805996283702242,-0.134591345288376,-0.367753000801366
0.434164214141343,0.810980098586439,-0.126927668931184,-0.371082311240318
0.424260411386926,0.815888032686748,-0.119003367396146,-0.374390197516871
0.414146734213755,0.820514295739219,-0.111302030770607,-0.377955858499366
0.404108940073657,0.825009688142994,-0.103547428066978,-0.381225535822902
0.393867887691936,0.82954039840597,-0.0956865735811749,-0.384154778824696
0.383471207421656,0.833736929334793,-0.0880421216315562,-0.387403085378242
0.373162061590504,0.837777874689052,-0.0804397055986928,-0.390394367574911
0.362434296156768,0.8417201047926,-0.0727313059142528,-0.393521032852488
0.344051430096245,0.862839500406625,-0.0416755846370611,-0.367967057808079
0.332656414357199,0.867332408679119,-0.0321159241355475,-0.36883976230717
0.321048703967816,0.87161931551908,-0.0225514717702414,-0.369728183420783
0.309568669952343,0.875605015219365,-0.0131790364942055,-0.370552842255618
0.297783325929889,0.879459624249506,-0.00402398642467016,-0.371294583378623
0.285777612138526,0.883081944030044,0.00502695005047419,-0.37211848422473
0.273656847199973,0.886457926639035,0.01428146889622,-0.3729615448348
0.261433177878583,0.8896379619832,0.0233216855213039,-0.373701871934203
0.249274164076171,0.892496086852499,0.0323130326289943,-0.374525024530298
0.236949723249319,0.895289095086604,0.0412193567486018,-0.374984305672001
0.221584660090959,0.898911092074351,0.0747672765097648,-0.370498233897794
0.209033628413809,0.900980845442972,0.0852673207949532,-0.370496885737891
0.196079382784174,0.902767125047157,0.0957770855828526,-0.37066311316116
0.183237826294651,0.904217101628852,0.106281766725208,-0.37083624175436
0.170269949322676,0.905506926478466,0.116639972770545,-0.370756614518558
0.156926528981102,0.906541611238947,0.127200724575945,-0.370643153533951
0.143542987373069,0.907402702173059,0.137428663929441,-0.370309477593559
0.130314483712508,0.907832721575576,0.14773020388893,-0.37018059353559
0.116814892029437,0.908074311124491,0.157741864640174,-0.369963282794081
0.103293969353717,0.907972105864614,0.167774173193243,-0.369822711141779
0.100570393457009,0.90625013390132,0.200698204757554,-0.358212955336398
0.0876733472819727,0.905323925206481,0.212129996926641,-0.357355340003487
0.0747357272325704,0.904094191081405,0.223476362095961,-0.356492048035062
0.0616976744009454,0.902581913374675,0.234797132122586,-0.355541268166488
0.0486132987266739,0.900737533600551,0.24591459456799,-0.354731807043811
0.0355538305547961,0.898686588347661,0.256800583902595,-0.353768004720903
0.0224263733265276,0.896435379941878,0.267516056416737,-0.352612857007678
0.00917503151794877,0.893888783753383,0.278089749989505,-0.351489334158687
0.00422665001731062,-0.891010046960759,-0.288714457131045,0.350324412349672
0.0177755205758458,-0.887761730164963,-0.299186985249372,0.349356965266416
0.00973814929049503,-0.88216481608874,-0.328477409951891,0.337332175836836
0.0217133002688658,-0.87804196772511,-0.340279023333039,0.335828857879076
0.0337452248269775,-0.87380057320754,-0.351541240228383,0.334294143655317
0.0457592226434956,-0.869226087253434,-0.362692882062588,0.332875316120439
0.0579977058145015,-0.864442517188994,-0.373674556045011,0.33127439798568
0.0697831592877207,-0.859446113428359,-0.384452021899349,0.329665484469052
0.0820150159332025,-0.854129805374994,-0.395044414040412,0.328139792873433
0.0941267366658356,-0.848519280868767,-0.405460431445537,0.326736936954778
0.106118526611087,-0.842701344160815,-0.415642927102001,0.325321779181058
0.118150036012033,-0.836667630459516,-0.425640244516059,0.323818201125141
0.125021700024777,-0.818490616789874,-0.429727866101991,0.360245257908102
0.136654926812258,-0.811150197509222,-0.439205675687762,0.361191310114658
0.147761274870982,-0.803749487391917,-0.448196105166535,0.362317013786657
0.159405524868867,-0.795973085089357,-0.457174368114096,0.363329497280484
0.170725524272125,-0.788169927023241,-0.465773176183731,0.36427504697125
0.181989931326264,-0.780015602811548,-0.474362304085893,0.365288555430802
0.193292831112894,-0.771686490289743,-0.482745309923758,0.366189579168053
0.204830868269569,-0.763036066016886,-0.490673105645677,0.367505347930389
0.216100829073193,-0.754137147997606,-0.498667075785517,0.368658027461004
0.227569052438278,-0.745105016330169,-0.506250577255494,0.36978533508029
0.243367230091199,-0.721375974829451,-0.504382861971715,0.407415049802801
0.254675455763341,-0.710704810583705,-0.511089298431716,0.410885401874404
0.265670856147809,-0.699912627813058,-0.517581275517073,0.414307775519154
0.276539650122721,-0.689015386962263,-0.523680905902304,0.417782152841153
0.28753683252181,-0.677632180715219,-0.529801947323997,0.421244696363244
0.298227495471982,-0.666108724750811,-0.535576561618666,0.424873245097975
0.309013094729801,-0.654629012970009,-0.540729460692848,0.428466349906553
0.319575461271114,-0.642804598644584,-0.545804771666417,0.43217001717021
0.330156926114613,-0.630809707359178,-0.550540370616132,0.435867890033011
0.340502573595312,-0.618625932762354,-0.555192824361539,0.439455208714534
0.384043544099958,-0.576530827023071,-0.510522923326608,0.509400732709811
0.395104319754785,-0.56158490428494,-0.511633790172876,0.516474429709469
0.406241898935044,-0.546330461329885,-0.512176266827631,0.523608649920183
0.417090631768716,-0.531070927844184,-0.512522879836078,0.530395486532477
0.427606211199414,-0.515362536603429,-0.512543071127721,0.537451378497
0.437927937451792,-0.499353137033511,-0.51231479532304,0.544425492264204
0.448061835951013,-0.483220369896837,-0.511771047845675,0.551206912028424
0.457897162695576,-0.466758571460608,-0.510956008856293,0.558023817929881
0.467766335187859,-0.450155815796411,-0.509640962116516,0.564641910331263
0.477348952630984,-0.433306385655294,-0.507825856612628,0.571398681244626
0.536582344232089,-0.376337948164849,-0.447289193442857,0.608589774855531
0.547002398461989,-0.356287907924421,-0.441433933467513,0.615616264508232
0.55715495702568,-0.335979321022482,-0.435052662699735,0.622435081261375
0.566736398876452,-0.315380058463836,-0.428463334584965,0.629098119396513
0.575950244530637,-0.294690063292766,-0.421422100833734,0.635486030806725
0.584707567101314,-0.27358172968793,-0.414057037701949,0.641737382178185
0.593237983665253,-0.251902292432949,-0.406157218503916,0.647804170765341
0.601178309806493,-0.23023224437058,-0.397961034994302,0.653609033059181
0.608546248772734,-0.208350732914824,-0.389349222206653,0.659294030282062
0.615394458669373,-0.186307178941971,-0.380867680339096,0.664469040201896
0.62464884124675,-0.189464389941343,-0.376307294346919,0.657502768279
0.631195522169324,-0.169375024456027,-0.367181218236828,0.661877833786594
0.637191097803761,-0.148915559242868,-0.357911197586506,0.66611653315108
0.642848993418505,-0.128423882367941,-0.348442380683537,0.669955510046711
0.647838492059373,-0.107690752634301,-0.33874239642398,0.673766709528034
0.652280018007018,-0.0868430250420623,-0.328857976240539,0.677378401318853
0.656323031079998,-0.0659509417529185,-0.318598322919128,0.680724364768139
0.659636286863811,-0.0446989857555847,-0.308282716126637,0.68399103551328
0.662498110242997,-0.0235679099255669,-0.297310613975305,0.687129686714106
0.664812307086746,-0.00245122515869801,-0.286381862923421,0.689930443182304
0.682214197124666,-0.00113492116615639,-0.291323663352207,0.670606460128848
0.685092287286708,0.0185595968292549,-0.281291722078526,0.671698642514557
0.687459996810379,0.0386115028300328,-0.270939140582833,0.672681118164407
0.68929222338393,0.0580750000896843,-0.260550586385305,0.673510888613759
0.690824736908754,0.0775535232913071,-0.249970123267413,0.673989296186319
0.691668571962525,0.0972225723624205,-0.239188019575579,0.674486063068814
0.691987478483531,0.116913313571372,-0.227970410115784,0.67491784599565
0.691811738736806,0.13650208577124,-0.21725728777821,0.674954050016232
0.690968324627207,0.15618768640546,-0.206437246661083,0.67494580831958
0.689551265776537,0.176040730807522,-0.195249891600843,0.674837901123364
0.68046627025413,0.150386999933216,-0.242557091429429,0.67491885637817
0.679050727275345,0.167073834670146,-0.235180134096565,0.675030923796651
0.677222646122443,0.183768686434431,-0.227893671329923,0.675028171288316
0.674905652883818,0.200365439492758,-0.220535410284334,0.675070502372206
0.672140606632542,0.216766644505292,-0.213112243941358,0.675146205075489
0.668956439441594,0.233146812768275,-0.205725621905093,0.675142069728574
0.665269775623193,0.249278129836445,-0.198405200653057,0.675212496908441
0.661311778580213,0.265274133031874,-0.190916634627117,0.675164575846452
0.656902472874814,0.281439368708484,-0.183621113019436,0.674947634802455
0.651921244867446,0.297269212951482,-0.17637980142114,0.67492212230177
0.638541200941287,0.285693602905645,-0.212387113223899,0.682301996256547
0.633091492694841,0.299584458415906,-0.208297324152376,0.682683337209886
0.627246792770498,0.313741006076823,-0.204004544814488,0.683015510629196
0.620934920467814,0.327631343344466,-0.199711435220375,0.68352971409014
0.614282367569841,0.341372515425785,-0.195739350594209,0.683964973689165
0.607461464313428,0.354911070603796,-0.19128637500691,0.684425470065054
0.600203009178047,0.368335656485848,-0.187410402501264,0.684808391427171
0.592755586501319,0.381450611427834,-0.183263938182121,0.685237604539323
0.584773350420052,0.394351926786791,-0.179494555910356,0.685790340320273
0.576493904234629,0.407305745381195,-0.175763801539508,0.686195230403245
0.546906296964671,0.388142501749442,-0.200489114657493,0.714172959149203
0.536895188858038,0.399058962274497,-0.19853665595453,0.716295118684949
0.526564727268717,0.409387978000476,-0.196537967285905,0.718682056879277
0.516084278709364,0.419638343761242,-0.194540293660845,0.720912443960228
0.505095343394492,0.429603743974654,-0.192790353387387,0.723291916783898
0.493922310144118,0.439568802077958,-0.190987512345615,0.725495547822094
0.482322905688561,0.449417171188151,-0.189430959937561,0.727670758177432
0.470604539999675,0.458867464642772,-0.187848612648076,0.729852667015886
0.458625650887016,0.468162079704405,-0.186338777888099,0.73195945197154
0.446332115446331,0.477107503557678,-0.185001480554003,0.734118876588111
0.435998448529509,0.473287114905146,-0.165280365733832,0.747386821162585
0.423324888192318,0.481158633332745,-0.162791489978829,0.750187536151327
0.410384141990504,0.488652118980303,-0.160379608884495,0.753048699403189
0.397140634049292,0.496309369182234,-0.158107606447352,0.755617834379489
0.383846409588345,0.503562199987254,-0.15599490917491,0.758124417824439
0.370176017033314,0.510425166587646,-0.154015286437067,0.760733302328111
0.356340618383922,0.517189659885478,-0.15221823541058,0.763128972196572
0.34224387772404,0.523650947110136,-0.150660597064604,0.765480370906535
0.327746983042465,0.529939626005808,-0.149026500044896,0.767813134935679
0.313461286598536,0.535690997854957,-0.147688430673085,0.770042404070368
0.276956374494888,0.527321118842541,-0.131180810469666,0.792476623764903
0.260127116007714,0.531842050469704,-0.128937508291237,0.795520606788622
0.243169534231244,0.536062632228047,-0.126895367237709,0.79837522364118
0.226444925252855,0.539985820213385,-0.124793048237095,0.800977343566846
0.209219675820346,0.543683710143035,-0.122756504242392,0.803471213697741
0.191830644061301,0.547056306070488,-0.121071484744095,0.805774222452791
0.174497258888049,0.550300881983661,-0.119724739999057,0.807703926300176
0.157116982656872,0.553191088142131,-0.118220339254723,0.809517032030472
0.139535325102443,0.555792229792472,-0.116964787494449,0.811137552353018
0.121843073058154,0.558114646273352,-0.115859824788098,0.812550803435077
0.0801059996245845,0.539791452239475,-0.0744088058324137,0.834668524941452
0.0603035954423739,0.540455523545589,-0.070341354996815,0.836255581280626
0.0402452281932709,0.54054555855496,-0.0663513767011125,0.837728067778587
0.020300139415323,0.540377331691721,-0.0625045906579503,0.838852442256764
0.000203928961133189,0.540148565742983,-0.0590082278000993,0.839498370689705
0.0203369056637617,-0.539321377665241,0.0557219071359168,-0.840008292177182
0.040842925620036,-0.538490776783391,0.0526571802656661,-0.839992119077605
0.0613082983006346,-0.537192035776344,0.0495731112798025,-0.839766941416479
0.0818202145799654,-0.535489261063198,0.0467706159138585,-0.839267069090118
0.102235803224229,-0.533544713052078,0.0442071396734815,-0.83840539628223
0.125842325584431,-0.543698363421488,-0.00619392305729003,-0.829769506562791
0.146691237755616,-0.541994842489396,-0.0121961749797081,-0.827390188965572
0.167704782488803,-0.539935869256998,-0.0177374965657075,-0.82463916001828
0.188464038850807,-0.537469154411479,-0.0232947599229654,-0.821623738871013
0.209186551308652,-0.534779463006531,-0.0284057780918607,-0.818196201695556
0.229984474845709,-0.531618938957565,-0.0335132698920828,-0.814472409485255
0.250777678682226,-0.528176804861713,-0.0382955808300354,-0.810353791358884
0.27152578876455,-0.524456958015996,-0.0429488002013055,-0.805837481000769
0.292063013722493,-0.520565337001499,-0.0473745504358982,-0.800916086677529
0.31246564956856,-0.516435079541575,-0.0515276975308793,-0.795616064974653
0.319314531160236,-0.592276472161327,-0.0550099949883745,-0.737713163204664
0.339233535215928,-0.591972171213465,-0.0589679718285363,-0.728705932041279
0.359001798740816,-0.591242484229433,-0.0631629047137802,-0.719416764338436
0.378493198360704,-0.590450871034017,-0.0669944270596707,-0.70966359243856
0.397941492305842,-0.589156623079931,-0.0702953580645063,-0.699711086675805
0.417019854545819,-0.587625116869004,-0.0735046273574131,-0.689484033677591
0.435999967088015,-0.585696576784745,-0.0764646102229147,-0.678982114657919
0.454723378828733,-0.583754268626894,-0.0792129134397075,-0.667969248506887
0.473315494316259,-0.581220968746804,-0.0817777636996169,-0.656861496583162
0.491689145836905,-0.578730922422517,-0.084078353082325,-0.645169073841207
0.483746237453583,-0.661016419448166,-0.0300795058812569,-0.572836882799429
0.49999747599288,-0.662082113555683,-0.029147738413129,-0.557494581368993
0.515930568591664,-0.6628712278212,-0.028027305225054,-0.541878080273892
0.531623863959417,-0.663458430923665,-0.026609493013775,-0.525824031960044
0.547036919314226,-0.663691059644239,-0.02476269669282,-0.509560197727419
0.562111689682309,-0.663632489600773,-0.022971999464349,-0.493046300370856
0.576985537762638,-0.663128852025474,-0.0210805347125412,-0.476343810582619
0.591401204800278,-0.662489068934089,-0.018964057860011,-0.459339975413751
0.605558050976652,-0.661341015529763,-0.0169070111983942,-0.442313984684814
0.619320673928363,-0.660032164670107,-0.014599436111458,-0.42495446922116
0.597751711010225,-0.703166459583226,0.0766630537138552,-0.377322936351352
0.608246516628525,-0.703248172276377,0.0846387845576358,-0.358210077116497
0.618424995562853,-0.702906925076877,0.0926434400429954,-0.33895364367278
0.628248475679467,-0.702184659048354,0.100908073605627,-0.319465362887394
0.637701679404499,-0.701107789680728,0.109098277853963,-0.299803270667593
0.646583178981373,-0.699855601828769,0.117003811786958,-0.280075770595307
0.654964843385651,-0.698306633477882,0.12528916485501,-0.260175949579377
0.663011215950998,-0.696331882116607,0.133605692639781,-0.240182339828237
0.670675389873586,-0.693972141378579,0.142127752727516,-0.219992932415952
0.678160666353904,-0.691040396749846,0.150503977386005,-0.199774456478393
0.677882353333432,-0.675541163151385,0.16660536492126,-0.237407464723954
0.684277850413587,-0.672025801091775,0.176297742869503,-0.221504519049697
0.690425456084803,-0.668152102767027,0.186069843748613,-0.205580812347501
0.696284816732293,-0.663979945266398,0.195574657187378,-0.189917455064424
0.701730405208155,-0.659660827473761,0.205365210477762,-0.17391711079838
0.706904964356208,-0.655057201840554,0.215170306060399,-0.157756689478595
0.711749931102075,-0.650275371904176,0.224759704876817,-0.141552291873929
0.7161805017637,-0.645258966046584,0.234544677471215,-0.125360080966435
0.720331348287579,-0.639990899697968,0.244175411368226,-0.109145615858544
0.724077628219045,-0.634583262074636,0.253717493226183,-0.0929683034072248
0.731354564399126,-0.616944209348128,0.266901972770077,-0.115168053798867
0.735114405083521,-0.610295547661163,0.277036764734208,-0.101964635679557
0.738472995381775,-0.603626484070134,0.287147796091024,-0.0885372578131083
0.741593713508426,-0.596699776843556,0.297237789791725,-0.0750855293606094
0.744435300895912,-0.589489832703856,0.307426962416869,-0.0616966992466342
0.746827348576288,-0.582389767493616,0.317418890453266,-0.0481281427094418
0.748995536117468,-0.575141450049363,0.327135104105405,-0.0346500068278169
0.750912156958607,-0.567478306680354,0.337137094630111,-0.0209256637490394
0.752226802067382,-0.560046169619592,0.347058178787029,-0.00733121292376113
0.753335029133166,-0.552358411802662,0.356859710607949,0.00613724177327763
0.776694364520964,-0.535709393957301,0.331106837937328,-0.0113829354044499
0.779126006127285,-0.52740771504214,0.338827043966454,5.44713507831251e-05
0.781458358899286,-0.518768446784935,0.346516928498909,0.0113203440964679
0.783377627541841,-0.510253931510581,0.354200564260889,0.022413797584959
0.785211682999446,-0.501450914891306,0.361741066782474,0.0336599678984807
0.786579915365268,-0.492735832501708,0.369440456143333,0.0449130880414846
0.787944932014001,-0.483560875725307,0.377072079525687,0.0559313009271154
0.789026297484469,-0.474560951140236,0.384322906079387,0.0672704198999742
0.789799236796041,-0.46542680384277,0.391748837488026,0.0782809309338701
0.790401314966518,-0.456129950021495,0.399039831285308,0.0893221307425009
0.815506700173482,-0.439493574064021,0.364054587579418,0.0962209831116496
0.817533746600183,-0.429357395353784,0.368591317435008,0.1069169815156
0.819259047735702,-0.419294901963138,0.373025546588192,0.11772144869774
0.820806136218948,-0.40918254770203,0.377296644343948,0.128429636642773
0.821991205985387,-0.399032238772079,0.381801303471648,0.139037744409862
0.822981439096618,-0.388932472647519,0.386008210297545,0.149768969435036
0.823733748140731,-0.378698227922255,0.390270038304985,0.160435848687233
0.8243138357833,-0.368473352607712,0.39432572103978,0.171000918946983
0.824685156464421,-0.3581595819243,0.398262033696714,0.181668541852522
0.824778904094066,-0.347820052585653,0.402222578925581,0.192296561027908
0.82596064902095,-0.335983957166564,0.401521590998554,0.209007652389997
0.825579640118409,-0.325502287527637,0.405168057056818,0.219784813344866
0.825088219109769,-0.314777041624942,0.408553492401498,0.230713867373981
0.82429343042494,-0.304145556101327,0.411929362097893,0.241557491922157
0.823309543391826,-0.293340403266715,0.415142991932444,0.252525443907427
0.822021370001503,-0.28235220354698,0.418795472985213,0.2629989585913
0.820552923340409,-0.271413030664111,0.422059505817455,0.273667024561523
0.818906191877518,-0.260478594932264,0.425074816152113,0.284350050395677
0.816931616119773,-0.249408209740734,0.428091022855008,0.295222552744215
0.814676539341714,-0.238346817971339,0.431272451503012,0.305772796670547
0.814011427911558,-0.21975490947155,0.42950029887775,0.323454275372054
0.811389714866833,-0.208066081229171,0.432079646677566,0.33415926648418
0.808610845239908,-0.196252947719302,0.434499535744803,0.344736761760966
0.805438465769979,-0.184497415789709,0.437108430152998,0.355198256913239
0.802004281232738,-0.172702300421459,0.439488639307516,0.365804297723693
0.798450392372373,-0.1608226003806,0.441806111025722,0.376059067684258
0.794577694235438,-0.148827265576136,0.444032870200429,0.386434396794844
0.790422137033263,-0.137030339223969,0.446099871111846,0.396800247497313
0.786203840784022,-0.125213080411552,0.448018852383395,0.406797631678662
0.78168207933991,-0.113322999399891,0.449928277305698,0.416768004921892
0.776337995142731,-0.0967908650589601,0.45447759856679,0.425888433911825
0.771333296509189,-0.0845362308522249,0.456305485496832,0.435527123466573
0.765816162417661,-0.0720465195475671,0.458686385081423,0.44490639975382
0.760406366508045,-0.0596599010689214,0.46036234535309,0.454190890440882
0.75459304486745,-0.0474497980381242,0.462054458103319,0.463512169258435
0.7486910428975,-0.0352060010267077,0.463614323043427,0.472529384531529
0.742399435769321,-0.0229881207383175,0.465229200704002,0.481535476249289
0.735903285486319,-0.0107260430215233,0.46672613216347,0.490405978723005
0.729284014622309,0.00133762367192479,0.467969985536106,0.499146400784997
0.72252102757212,0.0134371997356643,0.468983885689451,0.507776448196463
0.71848621412998,0.0147487066700191,0.472429394330884,0.510265130230241
0.711703079923105,0.0261904869751883,0.473553320741662,0.518208487806321
0.70442231327658,0.037487684051496,0.474895683198148,0.526172945125736
0.696995443630653,0.0487642656152757,0.476212566815729,0.533892301090666
0.689504265639922,0.0599641682309187,0.477290094679142,0.541463139755516
0.681739965674833,0.0712786934382972,0.478490365632191,0.548814118860456
0.673866063715561,0.0826249230881299,0.479552972908484,0.555973557313485
0.665831073467386,0.0937986289661137,0.480265661560609,0.563219045430015
0.657481651520466,0.10498070201219,0.481146047720136,0.570259073476469
0.64917410698823,0.116075713946216,0.481867277451066,0.576977758990594
0.645499048908488,0.117486309303669,0.484368086857848,0.57871884487902
0.637288345301632,0.127743020901846,0.485189063606312,0.584924660200276
0.628960875134841,0.137980299493842,0.48606207873132,0.590858113357676
0.620481859037664,0.148475675974104,0.48679689646902,0.596645638413059
0.611777351676919,0.158822663706638,0.487600404622934,0.602287040272206
0.602907000801949,0.169076936465331,0.488347022693342,0.607810269217332
0.59383421463358,0.179365013000172,0.489015364775408,0.613231677798482
0.5845781650639,0.18950296060074,0.489803412929105,0.618425107460134
0.575310475701993,0.199331179121056,0.490417601023283,0.62351865584305
0.565708196961994,0.209387290589969,0.491171546200586,0.628396141484276
0.560862907398044,0.204241897329615,0.49670872160897,0.630078163689074
0.551302148219273,0.21293106221598,0.497919596523209,0.634667140720672
0.541845006540984,0.221755077420133,0.498913105159472,0.638994826289795
0.532079872101987,0.230650691857678,0.499903449683711,0.643263405646421
0.522404421401348,0.239234041153239,0.500739100744219,0.64739558775117
0.512564888167316,0.247631662510816,0.50155551118718,0.651458259858544
0.502444247145265,0.256135363887546,0.502501658245212,0.655314075339172
0.492344542534769,0.264650422932028,0.503442054050736,0.658865011433528
0.48226898983471,0.273069914929874,0.504312112719413,0.662207471996867
0.471780429667099,0.28143646197243,0.505084024614096,0.665662731520397
0.465661242034907,0.255581844952939,0.503037365723455,0.681755775100561
0.455250407753904,0.261313466942987,0.504170311073505,0.685765729434029
0.444996330716915,0.267270064544155,0.504871094385645,0.689673949269426
0.434617611671751,0.272860092373055,0.505849788559032,0.693376443953567
0.424068468627692,0.278672607685728,0.506656955857261,0.696998020601819
0.413555753178029,0.284218200906526,0.50748907043882,0.700461631120473
0.402918519303385,0.289682499909078,0.508516357629915,0.703670256634171
0.392207613441257,0.295213610528279,0.509282386313561,0.706861770863538
0.381620520199684,0.300611961243967,0.510206989174409,0.709709134446756
0.370624297516428,0.305836876019123,0.511146093407119,0.712622695787862
0.352698472116643,0.306174734769133,0.514914134391304,0.71883534537451
0.340905397283589,0.311020217168705,0.515993907129014,0.721664896209442
0.329095001964736,0.315639127145587,0.517081180690117,0.724358663696871
0.317202312230351,0.320313951629329,0.518287217720628,0.726746190533348
0.305181390326756,0.32503043924143,0.51965037217449,0.728823039745359
0.293267951102773,0.329386808098802,0.52083316264086,0.730911113747755
0.281034289145069,0.333380833458838,0.522211088317896,0.732920546474756
0.26865105000467,0.337711650330455,0.523390157162803,0.734738183265009
0.256284807281995,0.34180286021939,0.524655276470994,0.736359791931513
0.243857283127951,0.345594380505182,0.525960640434105,0.737877736717161
0.221426289103351,0.335812696963317,0.531278011043589,0.74561646040958
0.208053401484327,0.338571396816208,0.532717818538338,0.747191352466339
0.194605858414889,0.341084173824619,0.534132402090678,0.7486606195559
0.18116347826317,0.343596233064081,0.535755330948885,0.749725048352804
0.167483429792023,0.345854104777808,0.537386780328018,0.750699465353565
0.153780385726336,0.347849818574093,0.539031561239262,0.751529821545222
0.140090635243052,0.349947480234932,0.540564759511216,0.752131049597742
0.126284208138226,0.351737137636924,0.542261880589542,0.752519327088267
0.112541732170827,0.353619094372265,0.544167344345911,0.752442553264266
0.0985663137101485,0.355271679348136,0.545784389884606,0.752453397502487
0.0740885667607607,0.33732246317995,0.55061336942239,0.759966681850508
0.0592554419265256,0.337323781844812,0.552549736014193,0.759861992755692
0.0445726878356997,0.336981526999565,0.554327830908645,0.759721910859665
0.0298107523932744,0.336421894793325,0.556201654727474,0.759322953046882
0.0152638693763339,0.335776466833956,0.558083700744113,0.758659186707657
0.000276311742434717,0.334838004771712,0.559962815712819,0.757842384161305
0.0147405024585017,-0.334042954181461,-0.561754607415728,-0.756723055943319
0.0298209690620214,-0.332746948299933,-0.563584894672206,-0.755488083756853
0.0449551082183446,-0.331316292014583,-0.56538042329677,-0.754024886753448
0.0601914230378232,-0.329717928019103,-0.567145447732714,-0.75233577719761
0.0816640977016063,-0.329324008501832,-0.578843864142373,-0.74149609136906
0.097226163323443,-0.327206510312665,-0.581371825097294,-0.738572795164737
0.112848758468029,-0.324870047279179,-0.583882242684058,-0.735395224876585
0.128139141525878,-0.322427858535911,-0.586398025961688,-0.731954910904486
0.143436002477598,-0.319856041589027,-0.588695729861973,-0.728392451563389
0.159036184070513,-0.316800249659521,-0.590847163576434,-0.724737692731404
0.174255764728894,-0.31376032603708,-0.59302277870161,-0.720772759061326
0.189608170831175,-0.310497153597871,-0.595131708617078,-0.716560191861224
0.204815179219414,-0.306759863147729,-0.597410675372371,-0.712074163043453
0.219979201746151,-0.302998620108998,-0.599592229697158,-0.707311914997874
0.257741333767605,-0.346435878574329,-0.58473117793842,-0.686761265980309
0.274455029850887,-0.344692056085483,-0.585651093224118,-0.680348895836912
0.291119733620671,-0.34283041210205,-0.58623507140417,-0.673828650541304
0.307679166085612,-0.340641556220888,-0.586845049450068,-0.667015553692881
0.324063685689648,-0.338181363394273,-0.587545186357027,-0.65985358001508
0.34046194913254,-0.335392722872122,-0.588030859525337,-0.65254661970099
0.356621438503607,-0.332332690125873,-0.588444850255543,-0.645064950901109
0.372778800645144,-0.328917025304121,-0.58879343732879,-0.637316125963563
0.388355285838839,-0.325068260872406,-0.589101562723019,-0.629658754034056
0.404107583405625,-0.321010724187382,-0.58936838412783,-0.621525609915882
0.444288381569378,-0.378877221353395,-0.563066193863131,-0.584821636458913
0.461273236943363,-0.377670831609507,-0.561104307885902,-0.574241847572135
0.478061101172591,-0.376139024551592,-0.558955415341311,-0.563512077435479
0.494699724249012,-0.374176836526097,-0.556652605411276,-0.552631662795493
0.51098946946971,-0.371947474062407,-0.554411950251633,-0.541453809708492
0.527309595657662,-0.369123156878036,-0.552013635440815,-0.530069459289216
0.54322695546117,-0.36596782217084,-0.549420926333216,-0.518756854126354
0.55890686111217,-0.362656457467958,-0.546814152971385,-0.507048021955238
0.57458265574235,-0.358789467483346,-0.543929935424228,-0.495242481106458
0.589835461714782,-0.354566298041457,-0.540931803659371,-0.483497313525844
0.631490074522078,-0.384692496733442,-0.491350963167028,-0.460224075567463
0.647604224961027,-0.381355687007331,-0.484923805291318,-0.44724211660082
0.663771999964104,-0.377340392284248,-0.478362881958782,-0.433808613997592
0.679315236701868,-0.373102636988566,-0.471670383563984,-0.420538084750321
0.694493235678748,-0.368450388832238,-0.464736911201162,-0.407361092807155
0.709195431043792,-0.363420482172208,-0.457723035719831,-0.394280377771647
0.723527247198766,-0.358115087988015,-0.450579708719582,-0.381103440559764
0.737544760656195,-0.35239642195616,-0.443372914827915,-0.367783830827418
0.751226006523226,-0.346185646635669,-0.436061315918574,-0.354493320030113
0.764406859592996,-0.339852709763289,-0.428771658339395,-0.341082326834167
0.799291534812593,-0.370911167755668,-0.339880253054766,-0.328693415806409
0.812707109975921,-0.36539144824427,-0.326592868975226,-0.315171922732772
0.82547125172053,-0.359648206610286,-0.313381110329538,-0.301732762148185
0.83789128797351,-0.353495711848483,-0.299773290830334,-0.288296627360743
0.849752735578741,-0.346937557688686,-0.286336320390666,-0.274892944737747
0.861069971028221,-0.340064577449623,-0.272804340813153,-0.261710488500114
0.87201366394202,-0.33277644637017,-0.259032832017838,-0.248503518237619
0.882423739415858,-0.3250968791882,-0.245471051787019,-0.235338747323939
0.892301318622681,-0.317308997701158,-0.231637057069892,-0.222390715980034
0.901805622423029,-0.308959575046345,-0.217719819596996,-0.20949625416233
0.901047579410794,-0.263681672364834,-0.245653332416454,-0.24132897789019
0.909415812040687,-0.252676483752322,-0.234860295617675,-0.232288865233181
0.917438783253135,-0.241209428047866,-0.223918334095546,-0.223572517228088
0.92512255964585,-0.229627100960355,-0.212699228730384,-0.21489225727409
0.932281700411663,-0.21789013029788,-0.201669416666624,-0.20664986953215
0.93912915930248,-0.205907964746468,-0.190511703124476,-0.198352270403936
0.945477658045173,-0.193947410999139,-0.179353929500673,-0.190495584927349
0.951491078494335,-0.181714527848217,-0.168140379629108,-0.182683799645085
0.957135902840297,-0.169346028864044,-0.156903532533967,-0.174911599044863
0.962278230797403,-0.156892454979705,-0.145934424713624,-0.16765592082406
0.962634339230881,-0.0977637071579524,-0.144456130528583,-0.207146838858253
0.966368520186461,-0.0817468596622815,-0.133829352370459,-0.203811281758612
0.969693501517344,-0.0653097223580691,-0.123376547017104,-0.200517782071017
0.972553855199033,-0.0490496382338573,-0.112824138435714,-0.197493912596984
0.975013162835862,-0.0326730110503587,-0.102233776497015,-0.194499515652019
0.977024223677184,-0.0160945008776313,-0.0913510015316486,-0.191884412886141
0.978567444523478,0.000457574475531838,-0.0809363273600635,-0.18935379071424
0.9796896914213,0.0169654644658345,-0.0702707145196169,-0.187035580088917
0.980374531168873,0.0335561136255084,-0.0594217157128453,-0.184956280173194
0.98057361281845,0.0500550457065994,-0.0487486497314821,-0.183285164137308
0.972343872944775,0.105782116276292,-0.0839264507825614,-0.190562030535746
0.970887388057569,0.124958117152163,-0.0763955660653263,-0.189543837024832
0.968934418782133,0.14414953461631,-0.0684941964976782,-0.1889326568261
0.966468066448416,0.16321401460893,-0.0607680029993106,-0.188700587657199
0.963493069014173,0.182335926290225,-0.0528085917458156,-0.188801399844809
0.960037278099224,0.201494369701757,-0.0449305153717181,-0.188970083417342
0.956194187596331,0.220235412510114,-0.0370298369339542,-0.189255990288648
0.951850992147821,0.238999046587061,-0.0289979651224564,-0.189784779411948
0.94711121089845,0.257422020579532,-0.0209415338159456,-0.190461832587684
0.941898074646138,0.275774820107836,-0.0130455947921665,-0.19132714922067
0.933407612277183,0.304143820289564,-0.0348974330967744,-0.187160185632345
0.927081332801952,0.3227808928183,-0.0288227896990652,-0.188419596633526
0.920343767597899,0.341397060129978,-0.0224796346905669,-0.189499506074528
0.913241328860254,0.3595888418706,-0.0164528656288437,-0.190828308372518
0.905803182983076,0.377467130618345,-0.0103604839570336,-0.192176531794745
0.897960332445179,0.39502947928103,-0.00416687061033004,-0.193911291685706
0.889755718337203,0.41245450627912,0.00219525648265979,-0.195476911130882
0.881189192208688,0.429458879279952,0.00848807394893255,-0.197480710812081
0.872254843780491,0.446309890065387,0.015059591196013,-0.199379483007411
0.862865593313368,0.462926766229182,0.0216247069145577,-0.201727908419782
0.858466460397773,0.476320846619411,0.013278512932192,-0.189677274712064
0.848890113809214,0.492344838447599,0.0189017295029615,-0.191376224627784
0.839096369973177,0.50790807274885,0.0246901764133347,-0.193228017438117
0.829032131665935,0.52314322306674,0.0306930043523502,-0.195153355873283
0.818673046576597,0.538138189348645,0.0364386832714816,-0.197114064274965
0.80802500069006,0.552676302354864,0.0420865378654259,-0.199682814497607
0.797172705714201,0.566969288758541,0.0478783951936038,-0.201913749265918
0.785953678397055,0.581012547060228,0.0538669129680396,-0.204449483393867
0.774697353818267,0.594463022319169,0.0601229410632054,-0.2069854029637
0.763220854984695,0.607537843494444,0.0663035692468029,-0.209751119052287
0.764477679596622,0.606268736021012,0.0714758391740608,-0.20713112160275
0.753813929123605,0.617772457679443,0.0775479115981072,-0.210019218641311
0.742872162188071,0.629075650989966,0.0839528794894642,-0.212971101333019
0.73184246555805,0.640083169035851,0.0899615749619399,-0.215886677109321
0.720583666041314,0.650838607963333,0.0963777309612678,-0.218814121101833
0.709141024068305,0.661307623314028,0.102542776718238,-0.221982463886273
0.697482325858889,0.671455847909772,0.108781565891872,-0.225459575854203
0.685814839947162,0.68114782135542,0.115381725938178,-0.228872689700064
0.673964592370457,0.690620818965961,0.12194923987886,-0.23225631430529
0.662051320328591,0.699675492969386,0.128433670148737,-0.235896261439941
0.656387966715509,0.712480245426309,0.136485053439605,-0.207119692969876
0.644788405458237,0.721236873327036,0.143406282187441,-0.20856635147895
0.63296476031144,0.72973657822764,0.150592217970592,-0.210147858630999
0.621273954897274,0.737808802619987,0.157551187908445,-0.211741509703221
0.609257765139547,0.74569426314749,0.164669897332101,-0.21360914408967
0.597437230742238,0.753083849779727,0.171902014221281,-0.21536751851349
0.58549636399171,0.760120667497713,0.179257687569706,-0.217433346206329
0.573438996249791,0.767046580026177,0.186284211641954,-0.21932955601814
0.561438108884528,0.773533073620986,0.193614472628008,-0.221240298986451
0.549290661777383,0.779832635821907,0.200813543388043,-0.223192181276945
0.555750643729968,0.780845234132237,0.213080280154458,-0.189786028295011
0.545130762840777,0.786140258887458,0.220909230683491,-0.189776332981275
0.534466507454479,0.791178435430037,0.228860014021919,-0.189750704087699
0.523631000704572,0.795985344789003,0.236971468612524,-0.189901103329822
0.512765805586013,0.800622188395067,0.244860199008435,-0.190049527788865
0.502108347241118,0.804868366966925,0.252792108027537,-0.190184830114768
0.491195210336486,0.808885282923474,0.260954676781584,-0.190616161639368
0.480558352301136,0.812603865637697,0.268928331352831,-0.190830239165784
0.469841263459751,0.816189799489386,0.276676752395591,-0.191137053037473
0.459067002592225,0.819441328801447,0.284799133333396,-0.191475453872437
0.454153405288843,0.81781998875768,0.308037998252755,-0.173285146753471
0.4436184523166,0.820120773179165,0.317428842023931,-0.172752760949224
0.433103468267267,0.822186164268849,0.326804859046149,-0.172133323803289
0.4229302506062,0.823950719194462,0.335921936564554,-0.171439983655581
0.412603443656695,0.825511813979702,0.345150656939108,-0.170762019422002
0.40242285179821,0.826773520762389,0.354420079124167,-0.169964117478889
0.392260312021566,0.827775357538562,0.36364537066825,-0.1693571653524
0.38218827659415,0.828595238738874,0.372753703097944,-0.16857262055278
0.371769491480955,0.829228715499368,0.381984509835394,-0.168092286679296
0.361701401471576,0.829498086072296,0.391143701419251,-0.167665220650987
0.341103135292396,0.823913230294388,0.417231555125554,-0.175309638774016
0.330353697368219,0.823085754028182,0.427532589068763,-0.174963314540981
0.319449787104708,0.822065373795578,0.437724217742773,-0.174808077406538
0.30848113245224,0.820777000878711,0.447927845542621,-0.174714484050631
0.297690574721768,0.819162965826532,0.458003401806394,-0.174886366174934
0.286753240805175,0.817362018121108,0.468089645848341,-0.174882799812598
0.276122234573546,0.815117827913,0.478394118126016,-0.174580943790943
0.265550325031918,0.812765703796103,0.488399775122926,-0.174242920281266
0.254921240327584,0.810254957424418,0.498222585119661,-0.174000922054112
0.244478083992242,0.807309550537932,0.508246406091418,-0.173687497399444
0.241639130697497,0.794114679061644,0.524832588837091,-0.188528938651701
0.231878549008505,0.7900855636986,0.535002367226537,-0.189128547836592
0.222386812317455,0.785541866724791,0.545346551269859,-0.189908452544597
0.212537337800314,0.780980218039181,0.555490061911773,-0.190600551388195
0.20267037054919,0.77614110683611,0.56560705265226,-0.191359256819984
0.193266837879775,0.771161648104509,0.575409139893565,-0.191994696790401
0.183823303660487,0.765873555733659,0.585263724291551,-0.192647508905798
0.174332388447157,0.760493509824488,0.594975330524141,-0.1930341832962
0.16480888714294,0.754885601062816,0.604594109223704,-0.193524476794883
0.155427269668269,0.748981681381481,0.614226703230151,-0.193892655450014
0.139688219356636,0.739131074366676,0.625161315496478,-0.208196507860361
0.13003751713229,0.732457905390387,0.634536845086174,-0.209663189895797
0.120442182935588,0.725667840800903,0.643752319751721,-0.210909497679321
0.110831727192938,0.718578947422088,0.652976457551031,-0.212090477045296
0.101186163379438,0.711403551035484,0.661989900397257,-0.213156561444127
0.0916378140054401,0.703904503289415,0.67102695407084,-0.214111625568527
0.0820940923079349,0.696285195832107,0.67986893060378,-0.215001682023312
0.0726484833347534,0.688471961086149,0.688619228137256,-0.215713039260498
0.0634042866858367,0.680453373317668,0.697134202328799,-0.216718728110553
0.0541506417888089,0.672275497382277,0.70552072504846,-0.217609444051421
0.0229969201200808,0.661242488847957,0.707778693950234,-0.247545618012622
0.012834960034951,0.652465402811422,0.715362659540084,-0.249760740050888
0.00243432681426369,0.643297028402608,0.72288833527434,-0.252181406978447
0.00794870079626657,-0.6340017930968,-0.730241182003296,0.254413758692652
0.0182400786743795,-0.624271750037875,-0.737558849941734,0.256824890747038
0.0282796074920418,-0.614530471111836,-0.744660973050326,0.258906545090895
0.0384213418761527,-0.60454201859118,-0.751692574065674,0.26078922972519
0.0482612254664607,-0.594406110956269,-0.758471669184094,0.262817344213456
0.058168031191533,-0.584091596017129,-0.765123390533144,0.264650117832073
0.0678800555466919,-0.573800598996611,-0.771461573568006,0.266443635987208
0.0935107786286502,-0.561821584885443,-0.767956371973768,0.293010668375675
0.104047603787513,-0.551031903106057,-0.773163848535368,0.296235719020128
0.114374024189815,-0.539907304857641,-0.778348667335933,0.299319289068317
0.124611375022566,-0.528679030910653,-0.783315136850439,0.302304290196708
0.134675680092868,-0.5175096084954,-0.787940731537811,0.305279658493849
0.144848363217974,-0.505891536191802,-0.792562903573988,0.308118076653971
0.154751398921118,-0.494189924724147,-0.796972010851456,0.310908244909145
0.164413467662855,-0.482234977448408,-0.801265909251875,0.313672728886614
0.174214433487345,-0.470213367586298,-0.805311140336908,0.316263635843746
0.184104212399589,-0.457904579433233,-0.809186212508429,0.318820809542076
0.19423157264026,-0.445262589415877,-0.808658715578856,0.331792712962044
0.203751416055509,-0.432823405362033,-0.811843204371351,0.33475344918648
0.213098566405756,-0.420257556778719,-0.814775726580047,0.337806308914073
0.222464627643247,-0.407247663141199,-0.817595662293172,0.340875583333529
0.231503248203149,-0.394400335058092,-0.820105526963001,0.343920843250586
0.240691414796458,-0.381371136827419,-0.822518457873937,0.346535835513332
0.249713916522358,-0.368157711705966,-0.824796777507749,0.349017384981499
0.258600595254727,-0.35487562656185,-0.826756368520605,0.351657402761348
0.267506382896331,-0.341562058941502,-0.828518226609205,0.354024353933033
0.276012796349192,-0.327957151262743,-0.830191047698861,0.356432135907797
0.301683313982718,-0.309241071697002,-0.825938353682095,0.362191901561873
0.310853231553855,-0.295153053148897,-0.826685409804487,0.364480694777922
0.32007159699451,-0.280823333582052,-0.827272440055356,0.366487023014601
0.328857034925901,-0.266427165011844,-0.827614764841295,0.36867793172386
0.337660776559828,-0.251931765071469,-0.827657175435505,0.370808826312306
0.346507851285696,-0.237433145902835,-0.82742832906648,0.372719962548703
0.355142322113753,-0.222668741766933,-0.827011200112443,0.374626530523612
0.363522168218617,-0.208022936861844,-0.82638135923757,0.376393331579712
0.371738087904639,-0.193161724211141,-0.825586118999985,0.378030292986322
0.379902176171276,-0.178135128159644,-0.824498708592969,0.379663129872261
0.41099539255495,-0.15067256586051,-0.819493530460755,0.369879600314184
0.419900497346383,-0.134626103183396,-0.817655829975695,0.370132852333687
0.428886208845408,-0.118410371056246,-0.815467388301213,0.370200678694319
0.437727811271947,-0.102042021858296,-0.812927437561301,0.370311720411547
0.446177563147181,-0.0857725299312541,-0.810169169212755,0.37039785705421
0.45453906175413,-0.0691653736959953,-0.807234402296018,0.370112161609098
0.462652716535922,-0.0527481260644979,-0.803969583292904,0.369868906801383
0.470472151432386,-0.0364094192580561,-0.800463191954893,0.369579473511798
0.478051348392209,-0.0200547159769298,-0.796731457708698,0.36916622403038
0.48572871321568,-0.00358258095575009,-0.792598732523885,0.368567539906956
0.508892472583469,0.031520095080428,-0.78900046497705,0.342801985437661
0.516671366105574,0.0494673918278835,-0.784200167372584,0.340049664145045
0.524339940940261,0.0672131552863537,-0.778984371009452,0.337243780986729
0.531524312669496,0.085062413286092,-0.77365676586814,0.334217742667287
0.538521015394784,0.102802621594235,-0.768006557815064,0.331047827548499
0.545244653820385,0.12054862793944,-0.761990184514647,0.327943980712471
0.551575580697938,0.138735770629271,-0.755762467734824,0.324561022134519
0.557612008212273,0.156569836315475,-0.749385526690372,0.320898842379675
0.563546658852708,0.174256878886603,-0.74255560546958,0.317270982351609
0.569092935875193,0.191870700567948,-0.73554495330588,0.313516325359255
0.596047411648451,0.226494156356817,-0.717646413738943,0.280020543980312
0.601780222574358,0.245181712577653,-0.709042917286065,0.273869737251693
0.607205046168381,0.263833452855502,-0.700075530354787,0.267559699619469
0.612280517187671,0.282495708043259,-0.690759874576077,0.26107381884283
0.617018007512964,0.300845916503984,-0.681158053535779,0.254566728051721
0.621339869345527,0.319098585042784,-0.671291981043847,0.247951479067184
0.625429998482681,0.337235746831024,-0.660998849943725,0.241225803823613
0.629098462058728,0.355339992836196,-0.650437090809519,0.234307928644689
0.632290966219599,0.373034087164874,-0.639800544152628,0.227396058787651
0.635274915213375,0.390696206949544,-0.628644263753894,0.22042832310119
0.672259900465517,0.405371720612555,-0.596001196927956,0.168887440664347
0.675772670083649,0.42215012974642,-0.583033982803956,0.158719693859495
0.678670704739458,0.439092494778756,-0.569703091896457,0.148466301365101
0.681128954375959,0.455565699705473,-0.556281877927934,0.138107614024525
0.683185238029453,0.471831873654165,-0.542487844669468,0.127826256803975
0.684844047304568,0.487792729532807,-0.528466645577904,0.117345167766167
0.686234671890185,0.503214036294768,-0.514254011882823,0.106772749492182
0.686967340457795,0.518570675842451,-0.499924223104661,0.0961046224374689
0.68725500054161,0.533649967659338,-0.485392966792727,0.0853928804754442
0.687233092745838,0.5486355885985,-0.47024110393436,0.0747192835134489
0.685435563884947,0.544390936560043,-0.481797438294521,0.0410831401652857
0.68448762016142,0.557572618862828,-0.468791516176761,0.0287051720234596
0.683220624273838,0.570432134497777,-0.455578542063142,0.0162773004763813
0.681507559610673,0.583232231537736,-0.442010365324964,0.00380095176356109
0.679186805363085,0.595700597331406,-0.428690379702596,-0.00840476710780256
0.676433798175066,0.607952507869714,-0.415210803420834,-0.0207618299772878
0.673194976159373,0.620090973896349,-0.401516097238945,-0.0328714438999103
0.669873090017808,0.631675330966733,-0.38760369463447,-0.0449410216146815
0.666165138841631,0.642909679193832,-0.373651593919612,-0.0572331944969779
0.662125904915014,0.653959242815444,-0.359358602613857,-0.0691952997257849
0.656031699673534,0.642029716017162,-0.387872703011026,-0.0835165793917433
0.651433391691888,0.651223488050519,-0.377272586059895,-0.0959578063932183
0.646664653127161,0.660202744762888,-0.36630239151467,-0.108534419306095
0.641397811419373,0.669071643597955,-0.355473020963734,-0.120792858259445
0.635986826790436,0.677481199176481,-0.34466867286547,-0.133204680310356
0.630049454970507,0.685806786133707,-0.334004875768007,-0.14542172928253
0.623671360516827,0.694078778047903,-0.323225315822961,-0.157524852470227
0.617249351702297,0.701796181831197,-0.312537057123571,-0.16972314195414
0.610418224702424,0.7094707029086,-0.301649257763131,-0.181792843523804
0.603252563359782,0.716930191040067,-0.290535500004722,-0.194130289270149
0.562164170726124,0.743142574530152,-0.332990882280335,-0.144317813836932
0.552605194777244,0.751653145826674,-0.325993163060751,-0.152883958320404
0.542749264397246,0.760020317834478,-0.319063737389087,-0.161216264558931
0.532684156950947,0.76825960489034,-0.311895881478765,-0.169545650323979
0.5224502883896,0.776255019594872,-0.304763495767501,-0.177744345516141
0.511976176796347,0.784087816488232,-0.29772779787594,-0.185593234789565
0.501197068170123,0.791771820560541,-0.290755328727148,-0.193287924715145
0.490174249287937,0.799275339314084,-0.283621071647732,-0.201114954731753
0.479056302049277,0.806456388652385,-0.276630168839586,-0.208827446367587
0.467564197558047,0.813446598143403,-0.269720849646779,-0.216654140040398
0.459653722058611,0.818847767296627,-0.275110013574149,-0.206206862694301
0.448198110743603,0.825414757985911,-0.269255721328754,-0.212862132274996
0.436331624450626,0.831874296916551,-0.26367512909088,-0.219260789775051
0.42441124529449,0.838033082681183,-0.25815983574424,-0.225674868800141
0.412126381708961,0.8440648265842,-0.252800434309939,-0.231944722801728
0.399761992098527,0.849834183362392,-0.247523133902293,-0.238127085073037
0.387040883517493,0.855517152986961,-0.242139635520895,-0.244250183911682
0.374349192547746,0.860810808151985,-0.236977710200022,-0.25041765008867
0.361537708777624,0.865861454413014,-0.231665903671375,-0.256720345842966
0.348281780038584,0.870728010937995,-0.226645142193844,-0.262991467886412
0.318957557281214,0.890911343247871,-0.213682679291937,-0.242657717157511
0.304336969630135,0.896226483924548,-0.207938640521807,-0.24681697714406
0.289334810353315,0.901237113245183,-0.202387574471532,-0.251189774725866
0.273956715092787,0.906069514516106,-0.196982890305207,-0.255310583500028
0.258725118454136,0.910507335571646,-0.19164306589584,-0.259442942176423
0.243407708566082,0.914650513080735,-0.186569715254758,-0.26336071780263
0.227772452495302,0.918456159301564,-0.181412703195263,-0.267670365271697
0.21173667245136,0.922097901366867,-0.176384855067472,-0.27164577069572
0.195543421215018,0.925411998577296,-0.171307804206828,-0.275733638728639
0.179045945069983,0.928487049139466,-0.166430055137184,-0.27956284782016
0.164525983467919,0.944782669968701,-0.141711160177169,-0.245427900557306
0.148001668833243,0.948004103612273,-0.135620429504634,-0.246963205068781
0.131479747482576,0.950960128198935,-0.129693809486122,-0.248127842772148
0.114802955010356,0.953526835001392,-0.123848493931544,-0.24953638412866
0.0977643262503036,0.955789056032973,-0.118146856523595,-0.250899854870457
0.0807707685331696,0.957681918676611,-0.112753766437494,-0.252206292040079
0.0635756994194386,0.959281221438448,-0.10751344233558,-0.25333481473347
0.0462531104678465,0.960581664211262,-0.102202971391052,-0.25435815063019
0.028955425573102,0.961387227949028,-0.0972995116939606,-0.255790903455305
0.011440871075817,0.961918949668969,-0.0922571900655695,-0.257040175104942
0.0125510938104499,-0.963657758168823,0.0645981759045312,0.258907842359028
0.0305156542729452,-0.963284980495191,0.0582500870078712,0.260303224260188
0.0484638865877992,-0.962540215590874,0.0521820483399786,0.261619225016288
0.0666444047296235,-0.961383894479793,0.0463088907171581,0.262973415754609
0.0850818236515941,-0.95983064273431,0.0405915577520451,0.264269835568917
0.103227680962867,-0.957884911995628,0.0351154127527867,0.26564534447522
0.121557761247578,-0.955586198672844,0.029919366323813,0.266802472074832
0.139942943976244,-0.952880593197924,0.0250513012100281,0.267968244099406
0.158419785996432,-0.949765618282387,0.020210536354641,0.269146755421234
0.176674218475523,-0.946256019191951,0.0155503862631327,0.270451385938641
0.207273742206466,-0.933698810957758,-0.00159965282494062,0.29196158534752
0.226464017253214,-0.928422152233523,-0.00689472322970455,0.294446631706316
0.245552441655869,-0.922693114794559,-0.0118675634554701,0.296985816572421
0.264613756420646,-0.916421078086632,-0.0168535516586049,0.299779794762724
0.283564385703248,-0.909836014542328,-0.0212596395120864,0.302221265847208
0.302335130510699,-0.902845469376458,-0.0256070528619335,0.304643736402388
0.321089438068379,-0.895364914060755,-0.0297435254655332,0.307145838524293
0.339786637160494,-0.887442780543664,-0.0336871608027556,0.309605438687925
0.358203519812924,-0.87917363875429,-0.0373511117642092,0.312007765549434
0.376747188787217,-0.870292570709304,-0.0407988518500094,0.314623347507525
0.379212166105943,-0.869385326860699,-0.0695228189269056,0.309085528883205
0.39613268622173,-0.860568556147475,-0.0739804341436564,0.31149245647515
0.412759111832001,-0.851465168383024,-0.0782954188590852,0.31385794559929
0.429416763705223,-0.841833860621915,-0.0825590887102499,0.31638740656143
0.445742334220224,-0.831885324100881,-0.0862237511938007,0.31913326959054
0.461971999907703,-0.821561006233857,-0.0898602946402328,0.32178333049501
0.477908135191979,-0.811040629665775,-0.0930714133543434,0.324275536180103
0.493709366520802,-0.80010165091643,-0.0961184901144071,0.326878640275804
0.509263193198914,-0.788771235021171,-0.0990740069060691,0.329659339336228
0.52472590120842,-0.777075088677996,-0.101545793697982,0.332423655805874
0.523211817150742,-0.76279275211031,-0.0911216678403974,0.368908462049573
0.536647789146963,-0.750753572935946,-0.0929024740011196,0.373827973073257
0.549782064400498,-0.738455974084961,-0.0942136374011381,0.37887497479961
0.562641296215051,-0.725820546909265,-0.0953739420186713,0.384087381544358
0.575366487649179,-0.712767194025338,-0.0964621040897038,0.389373078789585
0.587662255922988,-0.699679984175698,-0.0973335646867165,0.394496096169247
0.599826550067815,-0.686130833658473,-0.0978590846181236,0.399820195206013
0.611790353595362,-0.672426383132263,-0.097832386135578,0.40494956073361
0.623259795748592,-0.6586322754539,-0.0976586218301917,0.410138447741819
0.634495997832327,-0.644436540679257,-0.0972075157408651,0.415532276310278
0.629350526204023,-0.620457319990239,-0.0494357769779485,0.465302840300633
0.638218298718292,-0.605523591332189,-0.0463163084222774,0.47315260022051
0.646688733215517,-0.590393688136136,-0.0427587807035628,0.481041226937843
0.654771255506842,-0.575058997695567,-0.0392544038501549,0.488918033937931
0.662638796209673,-0.559170462536584,-0.0355710338546511,0.496963702029564
0.669968083546335,-0.543259729254129,-0.0316622335140437,0.504984293388303
0.676940705734124,-0.527310440732859,-0.0274833307884868,0.512776409893314
0.68337877166475,-0.511157992433321,-0.0232897958933396,0.520738462778353
0.68936075074574,-0.494796209671258,-0.0188625166650136,0.528774688966189
0.694943332982361,-0.47829073341506,-0.0143062386767629,0.536737430973074
0.693737224007447,-0.455315256109926,0.0362433963293733,0.556869013146275
0.697609873864974,-0.438257058760247,0.0436636022317526,0.565123618488079
0.700925655820813,-0.421104851949404,0.0512162318485638,0.573367967602018
0.703763379129773,-0.403706920596451,0.0591336683637447,0.581584935950219
0.706103157510784,-0.3864174451247,0.0667624085036071,0.589612304711663
0.708124535003518,-0.368773930738997,0.0747115572792046,0.597481057559382
0.709554258823824,-0.351123264763944,0.0826733149112789,0.605318370552276
0.710646381097557,-0.333675779107637,0.090358623524159,0.612762200714663
0.711115151885178,-0.315723193817325,0.0981456964663928,0.620484913523475
0.710931798574527,-0.297631333066902,0.106238617640381,0.628255460361681
0.724172662979566,-0.28910271164426,0.113428701323364,0.615733307552154
0.724580662722523,-0.271945553727324,0.121407707431884,0.62152123663851
0.724300606781382,-0.254596347487426,0.12957697962631,0.627518236558195
0.723732604976152,-0.237071007843956,0.137740175316294,0.633274109559297
0.72256824420266,-0.219687354441068,0.145953411147734,0.639007199132303
0.720968185942779,-0.202421985538814,0.153914509833586,0.644624338891722
0.718902365227703,-0.185020902935315,0.16182239930272,0.650200096763239
0.716190563221054,-0.167558104285822,0.169869115519567,0.655850472618455
0.713155879216379,-0.150365627097283,0.177662458549274,0.661237416476852
0.709491102442612,-0.133090578084556,0.185668190703551,0.666660780712917
0.728036752739487,-0.127793508217683,0.169786472804232,0.651769790317608
0.725922808927907,-0.111408528518424,0.175939186232111,0.655491890109679
0.723300386791074,-0.0950096973566464,0.182100997532408,0.659279102181908
0.719980297459151,-0.0789370192960869,0.188443666333009,0.663239250100788
0.716427883442981,-0.0628558692955354,0.194307215670911,0.66710189136198
0.712548765644502,-0.0471007462290493,0.200174211727578,0.670810003832982
0.708409455394519,-0.0309632408116854,0.206055523432743,0.674342970964284
0.703799073774855,-0.0149483907532506,0.212054413008061,0.677846837634691
0.698737136101207,0.000643704570859152,0.217719238461584,0.681442832144573
0.693137654850634,0.0162629700501855,0.223001676478049,0.685248830368422
0.69955100423544,-0.0143246011761166,0.190046006415486,0.688698565208218
0.695139508280364,-0.00218817244131227,0.19310852621956,0.692448823401708
0.690541889818028,0.00991798482429353,0.196082306927976,0.696135950007881
0.685638868843737,0.0220378859080482,0.199042954991168,0.699853967041532
0.680471293526439,0.0339223460149606,0.201864497992142,0.703604162564205
0.674896689900469,0.0455092866362552,0.204778760953133,0.707466622430874
0.669218011855913,0.057144649037093,0.207291319868492,0.711274947120469
0.663189111410382,0.0683431108639934,0.209856363327352,0.715171118317258
0.65710772988481,0.0795512159042315,0.212240755685727,0.718912301327319
0.650645167609653,0.0908331274004018,0.214648751404505,0.722728249311839
0.649227956732197,0.104975795884954,0.198666590821776,0.726646219399035
0.642868422126327,0.116040429290162,0.19938071981009,0.730412307652994
0.636150536461278,0.127313284467014,0.200005415174437,0.73423542304846
0.629306049891255,0.138331399010229,0.200597347867287,0.737969527586843
0.622156653822757,0.14891530288137,0.20141650014978,0.74173898653046
0.614822156657811,0.159709915544426,0.201917352652159,0.7454635076631
0.607353636793661,0.170100887872998,0.202272049066664,0.749181730946974
0.599643994455416,0.180328065251453,0.202341389271721,0.752971998804611
0.591724708863258,0.190460882432571,0.202397260678088,0.756717827233973
0.583671740709053,0.200550958233268,0.202418949311795,0.760350696198071
0.572936714090491,0.195129699102625,0.205078950416612,0.769162236638884
0.564412220997372,0.203927152660625,0.205282461719668,0.77311814886656
0.555727004563493,0.212329958124208,0.205111138842208,0.777182672223662
0.547022449651161,0.220689094309901,0.204928772364762,0.781067834113907
0.537881797738086,0.2289292838936,0.205086307865799,0.784993096125044
0.528672011590317,0.236927776377464,0.204739261957799,0.788956885738919
0.519424096695503,0.244658917734923,0.204307673186936,0.792842352817871
0.509942135172539,0.252690072554649,0.203814632662826,0.796596724522839
0.500422813870974,0.260282319042154,0.20325822735442,0.800322569195842
0.490695884979345,0.267738841903696,0.202574753780771,0.8040503281083
0.47553589607703,0.264448604418418,0.216020072243086,0.810720590309299
0.465149079864761,0.270864229313298,0.216084575009035,0.81460196367468
0.454835547372442,0.276901580797124,0.21594754716046,0.81842336004897
0.444067763024208,0.283046011592996,0.215719043326083,0.822285881862539
0.433377623519593,0.288745293537159,0.215232007076928,0.826126608954274
0.422466700339456,0.294494643662333,0.21470458152063,0.829877541949738
0.41134912350198,0.300320786647826,0.214037706034425,0.833538951757448
0.40007645033592,0.30595274072391,0.213357326853848,0.837144196305462
0.38876802478325,0.311489705496317,0.212572566312582,0.840622680117085
0.377485639212245,0.316742151102789,0.211472887866758,0.844072401871187
0.345675530065856,0.287076731281699,0.216817118226089,0.866652015237049
0.332293286201657,0.289638271859935,0.216414251824431,0.871123249044913
0.319140569603731,0.292118815490725,0.215745894104937,0.875368267443002
0.305814980821495,0.294425514994676,0.215060484856141,0.87951111503989
0.292195454352187,0.296587508470908,0.214294766507517,0.883592337745426
0.278604219753006,0.298787896443967,0.213140040054513,0.887511580206122
0.265159081695509,0.300843483032482,0.212215035900666,0.891150177382554
0.251219995426064,0.302712100836893,0.211079213634052,0.894818117539354
0.237426883396373,0.304513992577718,0.209794422103405,0.898268336199914
0.223409260349239,0.306008381316942,0.208163420839211,0.901728985437703
0.195286735311231,0.291103575001805,0.233537100804713,0.906963186783443
0.180289561536853,0.291216501648532,0.233890199421959,0.909936260285739
0.164909235445626,0.291192004671318,0.23407936383229,0.912808310604209
0.149686179273409,0.291076044139433,0.233995224796027,0.915486220013892
0.134216328951988,0.290910536808694,0.234078530801353,0.917913001342834
0.118713183492055,0.290372881650006,0.233744103175016,0.920301289740681
0.103040517238758,0.289733139789332,0.233363174085606,0.922485223998561
0.0874340131655116,0.289311906848174,0.232909342688358,0.924341469364068
0.071624286002994,0.288495150809614,0.232347264164031,0.926096786761184
0.0559400866703119,0.287396707329544,0.231869005308815,0.927637107761734
0.0317768445221186,0.313043607001207,0.252287508111628,0.915065541651917
0.0152063382339251,0.313396339160325,0.252816495332492,0.915224191969497
0.00147251975197467,-0.313816317693587,-0.25313151039964,-0.915118346924383
0.0181116483803802,-0.314059668580733,-0.253496939319554,-0.914755592778489
0.0348805682419092,-0.314093698844726,-0.253677562086872,-0.914207957085707
0.0517111455779688,-0.314056842278382,-0.253994049593859,-0.913335250612861
0.0683335795217378,-0.313814229032853,-0.253820231338363,-0.912374068970399
0.0851054295966611,-0.313311639820321,-0.253599557163317,-0.911197095480906
0.101689068663563,-0.312944822978691,-0.253167634202549,-0.909742282230225
0.118167232526938,-0.312399910851472,-0.252425295938922,-0.908143309630735
0.157225752938298,-0.293822135442965,-0.261960095656552,-0.905718236329782
0.175545721629914,-0.292002861599511,-0.261943322658051,-0.902941705842625
0.193761535571895,-0.289969309663952,-0.261474452575566,-0.900002987459564
0.212024396039709,-0.287783128882711,-0.261067024614942,-0.896699801981229
0.230076802928496,-0.28539851417226,-0.260628437231831,-0.893132224571794
0.248172360977994,-0.282789758326505,-0.259798047160072,-0.889351115434202
0.266175020076798,-0.28013728125796,-0.258737880699149,-0.885284514395134
0.284098753442372,-0.277485999832694,-0.257604373767502,-0.880868551377102
0.301861915205441,-0.274571883784762,-0.256385760518319,-0.87621687189122
0.31945707522177,-0.271592984345115,-0.25499946659339,-0.871297710304781
0.336908631689456,-0.338891437851236,-0.256922359386791,-0.840021469065752
0.354647413081414,-0.339863405451658,-0.255555400208965,-0.832712144413361
0.372280917759736,-0.340764828108702,-0.254367424000368,-0.824974826163461
0.389747272380547,-0.341447692187916,-0.252645816085789,-0.817117267462765
0.407053977892217,-0.342193351669832,-0.251064741815359,-0.808812255453808
0.424304400686467,-0.342754420668241,-0.249319418706645,-0.800203105546497
0.441555119345759,-0.342878051379881,-0.247232725790309,-0.791416260737535
0.458480653751001,-0.342997742512212,-0.24521456257803,-0.782315701662216
0.475355470723335,-0.343118204493652,-0.242928053773271,-0.772847355490319
0.492159866670601,-0.342864384384938,-0.240456167812399,-0.763153661407772
0.501924021368863,-0.41413966545411,-0.221494660679513,-0.726292454566983
0.517926948563406,-0.41786653749065,-0.217876048046639,-0.713911241321324
0.533736792883596,-0.421420869991109,-0.214173555966982,-0.701184122882662
0.549028677254074,-0.424757891954483,-0.210307847069771,-0.68841764520958
0.564245821536033,-0.428045258079495,-0.206534728442764,-0.675090598262085
0.579151422080086,-0.431207907587478,-0.20242163867456,-0.661565454760864
0.593899468194053,-0.433894115813712,-0.198062024083796,-0.647912611821137
0.608488944429711,-0.436477470708058,-0.193611564089153,-0.633832142070804
0.622739135677045,-0.438791024742487,-0.18917308528822,-0.61957400631739
0.636812793000345,-0.44087639275362,-0.184644045006988,-0.604982685394478
0.636314799569485,-0.510452542172658,-0.107432721813985,-0.568330791284403
0.64834990553562,-0.515745264800497,-0.0977743612593442,-0.551443012566253
0.660082730624997,-0.520767177627519,-0.0880859228841966,-0.53416589710141
0.671367425563565,-0.52531578140598,-0.07839810497132,-0.516877980605559
0.682303780143094,-0.529831484861835,-0.0686106748517132,-0.499031787111743
0.69291467167643,-0.533971057061282,-0.0583762302067146,-0.480974410694847
0.703167502460068,-0.537734805615771,-0.0482792511460273,-0.462672515092714
0.713002976828395,-0.54118695893296,-0.0382124217768622,-0.444165781366247
0.722421790056059,-0.54436153746038,-0.028146647230088,-0.425423365643773
0.73141450450275,-0.547270372466211,-0.017944234343699,-0.406455368370881
0.728031272749303,-0.549809183372189,0.0437742057288644,-0.407141433277729
0.735295723767153,-0.55172173385576,0.0574968441069092,-0.389406522696627
0.742130656879437,-0.55325667183257,0.0712589143425773,-0.371579480487231
0.748576063939624,-0.55460693090594,0.0849419695420371,-0.35331273752594
0.754570667446478,-0.555491535554916,0.0986858310957325,-0.335131867325629
0.760265113714688,-0.556027563122821,0.112492855822397,-0.316505392221067
0.765473451101506,-0.556259378795465,0.126115965731114,-0.297860138905062
0.770154872238689,-0.556163844470377,0.139899383578643,-0.279233617863708
0.774415692661126,-0.55585817957682,0.153628381872068,-0.260192888913402
0.778408726706225,-0.554963856488184,0.167306025883599,-0.241047020065363
0.791394418121145,-0.525592075952457,0.14399328484828,-0.276972523152176
0.796068612351373,-0.522848259268352,0.155255174678338,-0.262298099391917
0.80056057343334,-0.519593353497659,0.166398086365028,-0.247865270094854
0.804669095444106,-0.516368141046731,0.177495309837912,-0.233167332048573
0.808589662976577,-0.512724119249469,0.188693285578902,-0.21838401600099
0.812201604305039,-0.508947519328942,0.199744950704909,-0.203477102400076
0.815342987385262,-0.505114261934552,0.21094340184474,-0.188622046776502
0.818382052893854,-0.500884566840669,0.221760452109517,-0.173746275016927
0.821036846619063,-0.496483567142766,0.232773736787392,-0.158804759100767
0.823404503859796,-0.491803487796197,0.243732515684717,-0.143975043715563
0.843221391792632,-0.460414633500871,0.22755264318921,-0.158794975547588
0.846633586837976,-0.453695455087009,0.236643481866464,-0.146191197277307
0.849728517818984,-0.446910908102002,0.245653590764804,-0.133740044747098
0.852739413625544,-0.439816931749196,0.254295543117119,-0.121368594566531
0.855496283297259,-0.432440032994292,0.263078918185677,-0.109138489703336
0.857856599696817,-0.425174510990844,0.271995378795462,-0.0965774480622882
0.860034152410763,-0.41750992398365,0.280967570790048,-0.0841661703216114
0.861952891724392,-0.409661703217814,0.289983920930728,-0.0715809120246383
0.863656571913301,-0.401685329075798,0.298757981311726,-0.0590752977036489
0.865117719710842,-0.393656877977689,0.30729385303184,-0.0466484871353655
0.877062057114817,-0.376850796429136,0.294463364757125,-0.0451326048014418
0.878959466517593,-0.367897589302852,0.301587614313643,-0.0335638331670235
0.880593522819569,-0.358757049115834,0.308799748842005,-0.0221617326271044
0.882092750433279,-0.349498076303738,0.315671645352439,-0.0107185173192709
0.883349349435717,-0.340014353081504,0.322620332920963,0.000536037338744874
0.884224748449672,-0.330520663041876,0.32979770220733,0.0116688110036224
0.885008501899823,-0.32084620044722,0.336601211161909,0.0227440512650848
0.885417445588103,-0.311160531491636,0.343608001761161,0.033891176075549
0.885515393188218,-0.301280872174377,0.350823555982419,0.0448905007369282
0.885487046070851,-0.291279529463187,0.357767643738657,0.0554187698357946
0.899765025222433,-0.247976639388553,0.350891640128132,0.0761941112699868
0.899944586610255,-0.235269447586644,0.356523324997333,0.0874022127638601
0.899843537057018,-0.222209858348229,0.362161664852156,0.0987082376556725
0.89949518550344,-0.208956756085399,0.367621916454104,0.109998235826811
0.898879264613115,-0.195695385800523,0.372886794658389,0.121139679685732
0.89791442356968,-0.182319167417045,0.37817745466334,0.13225438337629
0.89664373295675,-0.168821622659134,0.383479590414739,0.143082771875116
0.895028767758465,-0.155043597247033,0.388916100334635,0.153718101529923
0.893019201320905,-0.141252021254779,0.394333952671609,0.16451536807848
0.890858822948124,-0.127329805387552,0.399461688415032,0.174894361613132
0.897232486963353,-0.12467309611932,0.375211421978195,0.196588077610724
0.895126247075746,-0.111537525821333,0.378397608593279,0.207662302646949
0.892733718958941,-0.0982515733571538,0.381577932258471,0.218566733470425
0.890046608026158,-0.0850211813584134,0.384651809604061,0.229415386645866
0.887177590885813,-0.0716121609753557,0.387567250243694,0.239956761040458
0.884045115722655,-0.0581125770386102,0.39040556921975,0.250341073895302
0.880613898910508,-0.0447268178126113,0.393193740165968,0.260609584452084
0.876758041611329,-0.0310322867774814,0.396241938789892,0.270785264723277
0.872672197818206,-0.0172280951830821,0.399184129272069,0.280710631841414
0.868359574994305,-0.00334168711839755,0.401930126105145,0.290504140025603
0.864936316693391,-0.000958429369571246,0.399930462061532,0.303215888424837
0.860331967944214,0.0118985977293867,0.402335193157846,0.312751851556388
0.855348132941992,0.0248930572652434,0.404929908588951,0.322167155841159
0.850089412404585,0.0380855232113046,0.407422135241073,0.331518758978967
0.844509404261837,0.0512963699877054,0.409879324537702,0.340839387183934
0.838776337839939,0.0646522476569119,0.412257152287923,0.3497404499628
0.832787974698233,0.0777261321708847,0.414640096826451,0.358463983796867
0.82653482163511,0.0910318452297206,0.417051203292222,0.366908279562072
0.820167693393678,0.104424027228398,0.419360588238903,0.374909688168522
0.813420347295681,0.117739282305251,0.421791521248566,0.382853382655081
0.804208165718122,0.130602221707623,0.434353212687658,0.384095785586403
0.796841698672389,0.143640318821401,0.437392008923203,0.391278668720788
0.789160936655996,0.156843558083654,0.440434957241997,0.398299087098039
0.781233863774386,0.169887778592092,0.443483522912305,0.405134740157493
0.773122878666089,0.183024931309003,0.446538191433997,0.411565951693346
0.764717321750526,0.196130252252294,0.449535705203564,0.417921035260596
0.75617538039197,0.20908898526089,0.45260052418272,0.423831754168039
0.747487052529943,0.222032384260487,0.455629874111655,0.429378789015828
0.738482031715876,0.234992100620709,0.458660183420783,0.434803217125945
0.728988206635371,0.247938437007243,0.461880287438563,0.440192373987353
0.725009035988736,0.23993147181002,0.473628095197382,0.438715413462373
0.715775134730864,0.251339655888382,0.477655362274927,0.443102345704615
0.706451887388629,0.262635614488546,0.481691460034684,0.447125935433097
0.696947745038333,0.273678638246553,0.485626083788176,0.451144267832424
0.687260438106094,0.284648860595343,0.48966883204488,0.454832443103827
0.677258849186132,0.295598861986583,0.493785204468518,0.458386229984384
0.667175689946703,0.306644971197046,0.497906278491809,0.461448586759285
0.656813294103917,0.317697460122982,0.501939244987453,0.464458410259942
0.646282248443461,0.328515935873978,0.506082153925361,0.467201657426402
0.635617997158407,0.339093824701167,0.510396658713816,0.469574691089333
0.622227432658716,0.351083207764683,0.522458960738451,0.465414049655466
0.610925128745497,0.361449266474259,0.527429751134594,0.466843413202563
0.599377812759441,0.371752584342695,0.532430209204099,0.468043081278974
0.587715686007031,0.381770201957224,0.537377788902302,0.469112883337581
0.575882505150756,0.391718937322401,0.542278975678023,0.469945876609097
0.563944445527058,0.401207049507421,0.547437632554796,0.470437673074265
0.55174249866627,0.410730172013621,0.552453566413498,0.470824805973696
0.539368497110793,0.420266755013697,0.557470595628651,0.470833318663981
0.526788305794923,0.429539787946986,0.56255881520504,0.470656170556889
0.514130294198641,0.438631812005095,0.567751525915489,0.470032316872978
0.501557008396988,0.438243884669885,0.576286040667368,0.473579205845485
0.488692164636332,0.44630504503318,0.581846687973203,0.472700969636833
0.475578116705958,0.454227295349099,0.58730578595266,0.471778478585855
0.462226837009636,0.461946390841723,0.59304452988756,0.470372266090186
0.448769621333792,0.469455279260983,0.598635491677666,0.468884970803881
0.435343338565288,0.476882741979895,0.604252823491043,0.466837823308768
0.421675394720471,0.484006750346346,0.609768784656541,0.464875635374655
0.408055827659213,0.490849345464322,0.615354427104196,0.462489232970745
0.394139509158946,0.497454616559338,0.621025571980163,0.459913242612623
0.380070407555672,0.503697567053597,0.626869313156385,0.457023096208052
0.36283371854078,0.500560355845343,0.633899603764568,0.464717457379188
