0.9238795325112867,0.0,0.3826834323650898,0.0
0.9238404522640373,0.00013914204936934713,0.38277774098541323,2.015373640539518e-05
0.9237230357558959,0.000556582938832464,0.383060617850942,8.05046502001979e-05
0.9235267556604649,0.0012523663537098396,0.3835319158784816,0.0001807217567889052
0.9232507329978251,0.0022265633155849076,0.384191389638979,0.0003202531040163374
0.9228937369831957,0.003479269502160181,0.3850386949292288,0.0004983253151426479
0.922454184825747,0.005010601489262548,0.3860733881733245,0.0007139429611459349
0.9219301414882952,0.006820691909328315,0.387294925654929,0.0009658877745294112
0.9213193194217467,0.00890968351925049,0.38870266258175973,0.0012527177203621414
0.9206190782913622,0.011277722169147242,0.39029585198400957,0.0015727659438950204
0.9198264247151674,0.013924948662452606,0.3920736434487682,0.0019241396177677892
0.9189380120381829,0.016851489496760762,0.39403508169285534,0.00230471871557614
0.917950140169569,0.020057446474115167,0.3961791049768525,0.0027121547424023757
0.9168587555133054,0.023542885168954843,0.3985045433635013,0.0031438694568391217
0.9156594510266424,0.02730782224175107,0.40101011682404436,0.0035970536230575923
0.9143474664442918,0.03135221158653106,0.40369443319651616,0.004068665835590596
0.9129176887101574,0.03567592930102638,0.40655598600044207,0.004555431463717564
0.9113646526623501,0.04027875746915767,0.40959315211288905,0.005053841766653864
0.9096825420212807,0.045160366747007984,0.4128041893113227,0.005560153235147369
0.9078651907347768,0.05032029774540554,0.41618723368926824,0.006070387219570266
0.90590608473841,0.05575794120477615,0.41974029695136067,0.00658032990914373
0.9037983641935414,0.06147251696109404,0.42346126359498,0.0070855327315305725
0.9015348262699817,0.06746305170560805,0.42734788798632956,0.007581313246656981
0.8991079285445738,0.07372835554561528,0.4313977913395254,0.008062756613239084
0.8965097930914527,0.08026699737892908,0.43560845860800046,0.008524717711078862
0.893732211344144,0.08707727910094945,0.4399772352983218,0.008961824006682438
0.8907666498139999,0.09415720867037666,0.44450132421738725,0.00936847925413157
0.8876042567537306,0.10150447206775082,0.4491777821648169,0.009738868127313382
0.8842358698588334,0.1091164041901315,0.4540035165833448,0.01006696188354507
0.8806520251035768,0.11698995873546997,0.4589752821809797,0.010346525162219844
0.8768429668117159,0.12512167714154115,0.46408967753975944,0.010571124025293263
0.8727986590652654,0.13350765665681516,0.4693431417270181,0.010734135349102066
0.8685087985573099,0.14214351763431546,0.47473195092621384,0.010828757679071046
0.8639628289969113,0.15102437015438944,0.480252215105554,0.010848023660208195
0.8591499571755492,0.16014478009839603,0.48589987474385304,0.010784814156779057
0.8540591708050801,0.16949873481260205,0.4916706976343144,0.010631874174051375
0.8486792582368129,0.17907960851998475,0.49756027578816614,0.01038183069339144
0.8429988301697884,0.18888012765719442,0.5035640224613616,0.010027212529096047
0.8370063434536199,0.19889233633446537,0.5096771693287913,0.009560472311007233
0.8306901270870921,0.20910756213773005,0.5158947638316976,0.008974010691044502
0.8240384105080099,0.21951638251441544,0.5222116667251524,0.008260202864085875
0.8170934074142375,0.23010973317606506,0.5285388079165783,0.007389369658743045
0.8099002644825024,0.24087906623032196,0.5347884872489298,0.006333320549462158
0.8024515766345103,0.25181482870321553,0.5409573769034648,0.005086804073442515
0.794739973207164,0.2629070362356998,0.547042028472323,0.003644772876714625
0.7867581364404928,0.2741452696529528,0.5530388741106864,0.0020023970577921503
0.7784988205691128,0.2855186724018013,0.5589442280167771,0.0001550778589103539
0.7699548714982458,0.29701594892783456,0.5647542882445494,-0.001901538327285702
0.7611192470413677,0.30862536406349356,0.5704651388529912,-0.004171545672174045
0.751985037692471,0.32033474349762026,0.5760727523948646,-0.006658764387776716
0.7425454879016209,0.33213147539571464,0.5815729927466037,-0.00936672601118285
0.732794017818077,0.3440025132382924,0.5869616182798696,-0.012298658546975622
0.7227242454607079,0.35593437994236465,0.5922342853739803,-0.015457471522397468
0.7123300092708081,0.3679131733280415,0.5973865522670854,-0.018845741014504574
0.7016053909977581,0.3799245729886441,0.60241388324253,-0.02246569471293789
0.6905447388632745,0.3919538486184129,0.6073116531454045,-0.026319197086200587
0.679142690945359,0.4039858698469639,0.612075152222733,-0.03040773472337136
0.6673941987184676,0.4160051176239957,0.6166995912792242,-0.034732401926990016
0.6552945506819866,0.42799569719145886,0.6211801071389045,-0.039293886636340376
0.6428393960048104,0.43994135267340306,0.6255117684013829,-0.04409245676350721
0.6300247681098009,0.4518254833060599,0.6296895814798913,-0.04912794702729159
0.6169030699936778,0.46355661485841915,0.6337151276455395,-0.054323144667594594
0.6035325100261323,0.4750494660318524,0.6375927707867524,-0.05959842955045447
0.589918317000791,0.4862966160716278,0.6413217071586275,-0.06494958345810799
0.5760659486689639,0.4972908485757922,0.6449012182921825,-0.0703722484517452
0.561981086281539,0.5080251635948694,0.6483306708962757,-0.07586193374422268
0.5476696286273892,0.5184927893304733,0.6516095166253567,-0.08141402296110967
0.5331376855808337,0.5286871933936967,0.6547372917143663,-0.08702378176995663
0.518391571172827,0.5386020935855839,0.6577136164826007,-0.09268636585589297
0.5034377962025809,0.5482314681636764,0.6605381947088534,-0.09839682922003885
0.4882830604083309,0.5575695655605015,0.6632108128806148,-0.10415013277563398
0.47293424421784547,0.5666109135219535,0.6657313393205861,-0.10994115321539846
0.4573984001010895,0.5753503276357779,0.6680997231942157,-0.1157646921223356
0.44168274354914233,0.5837829192228186,0.670315993402389,-0.1216154852950687
0.4257946437050362,0.5919041025662545,0.6723802573638292,-0.12748821225779766
0.4097416136736353,0.5997096014568002,0.6742926996921292,-0.13337750592416844
0.39353130053894125,0.6071954550346854,0.6760535807727128,-0.13927796238366155
0.3771714751183787,0.614358022912156,0.6776632352453373,-0.14518415077864366
0.36067002148457283,0.6211939895632916,0.6791220703980498,-0.15109062323991249
0.34403492628596244,0.6277003679709878,0.6804305644787617,-0.15699192484842067
0.32727426789821873,0.6338745025240906,0.6815892649308429,-0.16288260359091608
0.3103847709652253,0.6396648431622501,0.6826444349222058,-0.16878020572573396
0.2933643376517751,0.6450192971003412,0.6836426990781862,-0.17470011951744596
0.27622293893232547,0.6499349953854556,0.6845851833551375,-0.1806336527657832
0.25897062114826486,0.6544095565048946,0.6854729752648121,-0.18657210380642666
0.24161748889260373,0.6584410868709833,0.6863071213105779,-0.19250677759439788
0.22417368792229939,0.6620281799379395,0.68708862451089,-0.19842900160790122
0.20664938817288686,0.6651699139725532,0.6878184420202759,-0.2043301415120098
0.18905476694825293,0.667865848508064,0.6884974828577431,-0.2102016165239873
0.17139999235599554,0.6701160195178641,0.6891266057520586,-0.21603491442483477
0.1536952070558876,0.6719209333524668,0.6897066171128555,-0.22182160616481988
0.13595051238560438,0.673281559489492,0.6902382691359157,-0.2275533600141868
0.11817595292405601,0.6741993221521764,0.6907222580503617,-0.23322195521401573
0.10038150154849747,0.6746760908570956,0.6911592225147621,-0.2388192950861552
0.08257704503710124,0.6747141699563467,0.6915497421684361,-0.2443374195653067
0.06477237026389945,0.6743162872433393,0.6918943363434364,-0.24976851712063258
0.04697715102806201,0.6734855816946106,0.692193462941898,-0.25510493603864526
0.029200935554346098,0.6722255904226431,0.6924475174825534,-0.2603391950435431
0.011453134696340137,0.6705402349167172,0.6926568323195116,-0.26546399323563474
0.006256989131097687,-0.6684338066497821,-0.6928216760352174,0.27047221933279825
0.023920332269096442,-0.6659109521300101,-0.6929422530086268,0.275356960204117
0.041527959365705594,-0.6629766574773888,-0.6930187031606367,0.2801115086899685
0.059071112149635875,-0.6596362326007624,-0.6930511018732881,0.2847293707047159
0.07654121742079661,-0.6558952950552888,-0.6930394600844111,0.2892042716247171
0.09392989425633903,-0.6517597536545803,-0.692983724554378,0.2935301619661308
0.1112289604354447,-0.6472357919111005,-0.69288377830225,0.29770122236104385
0.12843043809030252,-0.6423298513760519,-0.6927394412081451,0.30171186784377124
0.14552655859471325,-0.6370486149466825,-0.6925504707775163,0.305556751461873
0.16250976670540235,-0.6313989902060194,-0.6923165630627205,0.3092307672292604
0.17937272397448306,-0.6253880928564142,-0.692037353736553,0.31272905244108773
0.1961083114545457,-0.619023230304625,-0.6917124193119635,0.3160469893722521
0.21270963172053545,-0.6123118854522702,-0.6913412785017162,0.3191802063831862
0.22917001023495392,-0.605261700741452,-0.6909233937113576,0.3221245784581743
0.245482996084949,-0.5978804625012649,-0.6904581726585284,0.32487622720272535
0.2616423621215753,-0.5901760856367061,-0.689944970111348,0.3274315203275786
0.2776421045328843,-0.5821565986973701,-0.6893830897384089,0.32978707064769175
0.29347644188360256,-0.5738301293591421,-0.6887717860627085,0.33193973462512305
0.3091398136549357,-0.56520489034805,-0.6881102665117427,0.33388661048502594
0.32462687831856074,-0.5562891658314008,-0.687397693555909,0.3356250359341019
0.33993251097910665,-0.5470912982975092,-0.6866331869273363,0.3371525855107666
0.355051800619448,-0.5376196759415263,-0.6858158259112773,0.3384670675960204
0.3699800469829078,-0.5278827205713471,-0.684944651702254,0.3395665211136058
0.3847127571260571,-0.517888876044137,-0.6840186698172542,0.3404492119474532
0.39924564167518795,-0.5076465972408177,-0.6830368525583889,0.3411136291037284
0.41357461081877006,-0.49716433958282086,-0.6819981415175971,0.34155848064398026
0.427695770067293,-0.4864505490926062,-0.6809014501161694,0.3417826894149921
0.4416054158108508,-0.4755136529968337,-0.6797456661720711,0.34178538859995156
0.45530003070368935,-0.464362050868676,-0.6785296544882842,0.34156591711449613
0.4687762789036953,-0.4530041063035741,-0.6772522594556454,0.341123814870097
0.482031001193507,-0.4414481391207638,-0.6759123076639205,0.3404588179260947
0.49506121000857223,-0.4297024180811223,-0.6745086105151252,0.33957085355053646
0.5078640843960607,-0.4177751541103138,-0.6730399668334226,0.3384600352087674
0.5204369649271351,-0.405674494014832,-0.6715051654661903,0.33712665749754445
0.5327773485836291,-0.39340851467734284,-0.6699029878711699,0.33557119104125205
0.5448828836387438,-0.3809852177167118,-0.6682322106849132,0.3337942773656118
0.5567513645499438,-0.3684125245972492,-0.6664916082680357,0.3317967237631261
0.5683807268808131,-0.35569827217101735,-0.6646799552230975,0.3295794981633603
0.5797690422672508,-0.3428502086364943,-0.6627960288812191,0.32714372402006026
0.5909145134420192,-0.32987598989648587,-0.6608386117538456,0.3244906752260308
0.6018154693303535,-0.31678317629789576,-0.6588064939463482,0.32162177106567735
0.6124703602280591,-0.30357922973580104,-0.6566984755304351,0.3185385712141181
0.6228777530723111,-0.29027151110422084,-0.6545133688726175,0.3152427707908278
0.6330363268141881,-0.27686727807601597,-0.6522500009162301,0.3117361954748861
0.6429448679008662,-0.26337368319446963,-0.649907215414773,0.30802079668803634
0.6526022658743402,-0.24979777225931624,-0.6474838751145587,0.3040986468509755
0.662007509092527,-0.2361464829902556,-0.6449788638849032,0.2999719347175336
0.6711596805776782,-0.22242664395131903,-0.6423910887943106,0.29564296079068475
0.6800579539961394,-0.2086449737198438,-0.6397194821312978,0.29111413282369997
0.6887015897726629,-0.19480808028424387,-0.6369630033687259,0.28638796140911144
0.6970899313417296,-0.18092246065522283,-0.6341206410706685,0.2814670556576147
0.7052224015375997,-0.16699450067559046,-0.6311914147410385,0.27635411896850237
0.7130984991241902,-0.15303047501434514,-0.6281743766133471,0.271051944892753
0.7207177954652394,-0.13903654733124793,-0.6250686133811317,0.26556341308945436
0.7280799313346998,-0.1250187705986579,-0.6218732478687202,0.25989148537585494
0.7351846138667818,-0.1109830875679628,-0.6185874406421399,0.2540392018709712
0.7420316136446206,-0.09693533136852242,-0.615210391560105,0.24800967723235642
0.7486207619261461,-0.08288122622759948,-0.6117413412651089,0.24180609698535613
0.7549519480053484,-0.0688263883003371,-0.6081795726147775,0.23543171394391132
0.7610251167068288,-0.054776326599393084,-0.6045244120537154,0.228889844721744
0.7668402660112335,-0.0407364440144185,-0.6007752309261667,0.222183866332576
0.772397444808914,-0.026712038412096895,-0.5969314467298986,0.21531721287784109
0.7776967507789588,-0.012708303808015489,-0.5929925243117689,0.20829337232021944
0.7827383283905363,0.0012696683978516367,-0.5889579770055243,0.20111588334119435
0.7875223670233591,0.015216888129744923,-0.5848273677124112,0.19378833228072526
0.7920490992039337,0.02912846529601956,-0.5806003099252451,0.1863143501570531
0.7963187989541709,0.0429996084070701,-0.5762764686966217,0.17869760976458815
0.8003317802488469,0.0568256231575605,-0.5718555615519948,0.1709418228477726
0.8040883955783513,0.07060191097878403,-0.5673373593483804,0.16305073734878758
0.8075890346131253,0.08432396756655555,-0.5627216870794655,0.1550281347269428
0.8108341229661605,0.0979873813896464,-0.5580084246279359,0.14687782734758326
0.8138241210499362,0.11158783218336843,-0.55319750746586,0.13860365593834464
0.8165595230241846,0.12512108943255335,-0.5482889273039536,0.13020948711060645
0.8190408558308836,0.13858301084782268,-0.5432827326906078,0.12169921094399763
0.8212686783129286,0.15196954083871064,-0.5381790295615292,0.11307673863185791
0.823243580412967,0.16527670898688693,-0.5329779817408743,0.10434600018557039
0.82496618244894,0.1785006285224287,-0.5276798113947544,0.09551094219573272
0.8264371344629404,0.19163749480581233,-0.5222847994379867,0.08657552564817579
0.8276571156400561,0.20468358381803195,-0.5167932858949716,0.07754372379288767
0.8286268337939527,0.2176352506610008,-0.5112056702155706,0.06841952006395237
0.8293470249160325,0.23048892807016147,-0.5055224115468454,0.059206906048665076
0.8298184527850733,0.24324112494101235,-0.49974402896153625,0.04990987950405446
0.8300419086343628,0.2558884248710583,-0.49387110164411957,0.04053244241908842
0.8300182108734229,0.26842748471849615,-0.4879042690352953,0.031078599120905392
0.8297482048615105,0.2808550331787766,-0.4818442309357389,0.021552354423486502
0.8292327627301835,0.2931678693800196,-0.47569174756993965,0.011957711817225538
0.8284727832523172,0.30536286149810093,-0.46944763961093217,0.002298671697940319
0.827469191755045,0.31743694539210426,-0.4631127881667236,-0.007420770366091008
0.8262229400742092,0.32938712326068176,-0.45668813472919145,-0.01719662533039728
0.8247350065479941,0.3412104623197689,-0.4501746810862263,-0.027024912335177554
0.8230063960475175,0.35290409350197727,-0.4435734891978655,-0.0369016603319632
0.8210381400422541,0.36446521017788874,-0.436885681037156,-0.04682290967724954
0.8188312966982527,0.3758910668994001,-0.43011243839647223,-0.0567847136941766
0.8163869510072229,0.38717897816516134,-0.4232550026599766,-0.06678314020331011
0.813706214944635,0.39832631720809436,-0.4163146745429286,-0.07681427302349254
0.8107902276550921,0.4093305148049109,-0.40929281379849797,-0.08687421344368294
0.8076401556633193,0.42018905810747276,-0.4021908388927341,-0.09695908166666636
0.8042571931091904,0.4308994894958081,-0.3950102266483324,-0.10706501822542934
0.8006425620053182,0.44145940545253676,-0.38775251185781273,-0.1171881853729707
0.7967975125158167,0.4518664554584097,-0.3804192868666973,-0.12732476844625965
0.7927233232549129,0.4621183409086562,-0.3730122011272841,-0.13747097720499563
0.7884213016041901,0.4722128140497809,-0.3655329607235664,-0.1476230471457814
0.7838927840473061,0.4821476769364321,-0.35798332786784504,-0.15777724079229064
0.7791391365211167,0.49192078040795784,-0.35036512036956197,-0.16792984896193042
0.7741617547822109,0.5015300230842238,-0.34268021107685515,-0.17807719200949879
0.7689620647879318,0.5109733503802828,-0.33493052729132805,-0.18821562104826006
0.7635415230910338,0.5202487535394573,-0.32711805015650475,-0.19834151914884549
0.7579016172471962,0.5293542686844043,-0.31924481402041305,-0.20845130251633343
0.7520438662346781,0.5382879758857245,-0.3113129057727357,-0.21854142164583595
0.7459698208854636,0.5470479982476872,-0.30332446415693926,-0.22860836245687408
0.7396810643273177,0.5556325010106359,-0.2952816790577727,-0.2386486474067991
0.7331792124362192,0.5640396906696691,-0.2871867907645108,-0.2486588365834815
0.7264659142987144,0.5722678141091747,-0.27904208921030066,-0.2586355287774486
0.7195428526837747,0.5803151577528415,-0.2708499131879392,-0.26857536253364
0.7124117445238111,0.5881800467287543,-0.2626126495424025,-0.2784750171829062
0.7050743414045388,0.5958608440492343,-0.25433273234042103,-0.288331213853349
0.6975324300634467,0.603355949805075,-0.2460126420173734,-0.29814071646159046
0.6897878328966648,0.6106638003738711,-0.2376549045017549,-0.30790033268401235
0.6818424084740833,0.6177828676421515,-0.2292620903174519,-0.3176069149079945
0.6736980520626056,0.6247116582410575,-0.22083681366403662,-0.32725736116315973
0.665356696157475,0.6314487127953428,-0.21238173147527045,-0.33684861603260363
0.6568203110216451,0.6379926051854956,-0.20389954245598588,-0.3463776715440728
0.6480909052332122,0.6443419418228219,-0.1953929860974921,-0.3558415680410261
0.6391705262409565,0.6504953609373662,-0.18686484167162737,-0.365237395033507
0.6300612609280775,0.6564515318785776,-0.17831792720355985,-0.3745622920287301
0.6207652361842473,0.6622091544286739,-0.169755098423412,-0.3838134493412578
0.6112846194861254,0.6677669581286931,-0.1611792476967611,-0.39298810888264957
0.6016216194865155,0.6731237016172748,-0.15259330293404538,-0.4020835649304251
0.5917784866123711,0.6782781719822377,-0.14400022647887295,-0.41109716487618725
0.581757513671878,0.6832291841250943,-0.1354030139752164,-0.4200263099527222
0.5715610364708666,0.6879755801386621,-0.12680469321344054,-0.42886845593988954
0.5611914344388239,0.6925162286980107,-0.11820832295508085,-0.4376211138491005
0.5506511312647979,0.696850024465006,-0.10961699173627845,-0.44628185058616004
0.5399425955435005,0.7009758875067917,-0.10103381664972781,-0.4548482895922581
0.5290683414319196,0.7048927627285912,-0.09246194210498047,-0.46331811146285556
0.5180309293167777,0.708599619321264,-0.0839045385669103,-0.4716890545442297
0.5068329664931649,0.7120954502241298,-0.0753648012721181,-0.4799589155074072
0.49547710785469096,0.715379271603613,-0.06684594892301926,-0.4881255498992203
0.4839660565954928,0.718450122348336,-0.05835122235932821,-0.49618687267020856
0.47230256492444167,0.7213070635813471,-0.04988388320662286,-0.5041408586790759
0.4604894347918817,0.7239491781902447,-0.04144721250163091,-0.511985543173406
0.44852951862922413,0.7263755703760122,-0.033044509293851276,-0.5197190222463367
0.4364257201017177,0.7285853652214654,-0.024679089223090946,-0.5273394532688789
0.4241809948746853,0.7305777082802721,-0.01635428307245107,-0.5348450552975639
0.41179835139351145,0.7323517651875865,-0.008073435296273117,-0.542234109457095
0.399280851677627,0.7339067212934146,0.00016009747749526357,-0.5495049592976724
0.3866316121287256,0.735241781319895,0.008342947971083542,-0.5566560111266581
0.37385380435339555,0.7363561690437768,0.01647173980744032,-0.5636857343142381
0.36095065600031734,0.7372491270054465,0.024543089088193228,-0.570592661572734
0.34792545161215016,0.737919916245926,0.03255360599970454,-0.5773753892092244
0.33478153349214423,0.7383678160733829,0.04049989644796771,-0.5840325773511064
0.32152230258550296,0.7385921238607411,0.04837856372311162,-0.5905629501442543
0.30815121937542383,0.7385921548760959,0.0561862101943207,-0.5969652959234104
0.2946718047936928,0.7383672421477044,0.06391943903604344,-0.6032384673544444
0.28108764114563495,0.7379167363654442,0.07157485598636844,-0.6093813815481113
0.2674023730491295,0.7372400058206773,0.0791490711385209,-0.6153930201449571
0.2536197083873144,0.736336436386593,0.08663870076645251,-0.6212724293709864
0.23974341927450912,0.7352054315411766,0.09404036918555422,-0.6270187200637347
0.22577734303476782,0.7338464124350332,0.10135071064954665,-0.6326310676683718
0.21172538319236422,0.7322588180064185,0.10856637128465547,-0.6381087122034718
0.19759151047338602,0.7304421051458877,0.11568401106221277,-0.6434509581960763
0.1833797638174764,0.7283957489131002,0.12270030581086182,-0.6486571745856915
0.16909425139861062,0.7261192428083774,0.12961194926957814,-0.6537267945968491
0.15473915165364713,0.7236120991017341,0.13641565518275964,-0.6586593155798761
0.14031871431721923,0.7208738492221571,0.14310815943865876,-0.6634542988195021
0.12583726146134916,0.7179040442100313,0.14968622225246989,-0.6681113693109674
0.11129918853798063,0.7147022552356771,0.1561466303954074,-0.6726302155032796
0.09670896542241796,0.7112680741870183,0.16248619947112067,-0.6770105890092493
0.08207113745543705,0.7076011143295409,0.16870177624083035,-0.6812523042820098
0.06739032648160542,0.703701011041727,0.17479024099857088,-0.6853552382576625
0.05267123188110805,0.6995674226291878,0.18074850999791853,-0.6893193299637165
0.03791863159209457,0.6952000312208856,0.18657353793162118,-0.6931445800930394
0.023137383120315182,0.6905985437508023,0.19226232046551925,-0.6968310505430297
0.008332424532501286,0.6857626930283784,0.19781189682811282,-0.7003788639196147
0.006491224570354682,-0.6806922389009854,-0.20321935245703637,0.7037882030055768
0.021328462103965398,-0.6753869695141003,-0.20848182170448284,0.7070593101952264
0.03617410258051153,-0.6698467026661739,-0.21359649060088548,0.7101924868884184
0.051022876221966156,-0.6640712872722162,-0.2185605996812294,0.7131880928546394
0.0658694281123049,-0.6580606049291292,-0.22337144687207988,0.7160465455560415
0.08070831739413464,-0.6518145715926406,-0.22802639044231293,0.7187683194359401
0.09553401651577342,-0.6453331393669653,-0.23252285201788966,0.721353945170201
0.1103409105351942,-0.6386162984108738,-0.2368583196616726,0.7238040088817606
0.1251232964876716,-0.6316640789634229,-0.24103035101908082,0.726119151318134
0.13987538282443132,-0.6244765534924472,-0.2450365765302015,0.7283000669918086
0.15459128893002458,-0.6170538389688185,-0.24887470270885123,0.730347503283455
0.16926504472663428,-0.6093960992692882,-0.25254251548888595,0.7322622595078974
0.1838905903740041,-0.6015035477105112,-0.25603788363784263,0.734045185942817
0.19846177607413112,-0.5933764497166792,-0.2593587622377954,0.7356971828202206
0.21297236199038044,-0.5850151256228884,-0.2625031962330479,0.737219199280722
0.2274160182911683,-0.5764199536160746,-0.26546932404399265,0.7386122322907053
0.2417863253288439,-0.5675913728150387,-0.2682553812461887,0.7398773255225333
0.2560767739649093,-0.5585298864906828,-0.2708597043133556,0.7410155681979376
0.27028076605319035,-0.549236065427185,-0.27328073442263173,0.742028093894829
0.2843916150930796,-0.5397105514243584,-0.27551702132003264,0.7429160793177798
0.2984025470654102,-0.5299540609409481,-0.27756722724363736,0.7436807430324875
0.3123067014640086,-0.5199673888780532,-0.27943013090154895,0.7443233441645863
0.3260971325363832,-0.5097514125012548,-0.28110463150118575,0.744845181063224
0.3397668107474343,-0.49930709549937324,-0.282589752825929,0.7452475899298686
0.3533086244804341,-0.4886354921770616,-0.28388464735457625,0.7455319434128846
0.3667153819898839,-0.477737751777667,-0.284988600418443,0.7456996491684644
0.3799798136211342,-0.4666151229319786,-0.2859010343903132,0.7457521483885726
0.39309457431192557,-0.45526895822757524,-0.28662151289875637,0.7456909142966226
0.4060522463911686,-0.4437007188925767,-0.28714974506060653,0.745517450611671
0.4188453426904395,-0.431911979586568,-0.2874855897236516,0.7452332899819927
0.43146630998368934,-0.4199044332904419,-0.28762905971077807,0.7448399923889597
0.4439075327706584,-0.40767989628578366,-0.2875803260560158,0.7443391435222221
0.456161337419347,-0.39524031321325337,-0.2873397222220438,0.7437323531272797
0.4682199966826925,-0.38258776219822144,-0.2869077482878652,0.7430212533265813
0.48007573460425673,-0.36972446003064224,-0.28628507509443063,0.7422074969153908
0.49172073182729126,-0.3566527673848563,-0.2854725483350704,0.7412927556337225
0.5031471313209686,-0.3433751940636603,-0.28447119257664677,0.7402787184157356
0.5143470445368618,-0.3298944042496233,-0.2832822151963825,0.7391670896180459
0.5253125580078909,-0.31621322174521943,-0.2819070102183525,0.7379595872285046
0.5360357404009471,-0.3023346351819428,-0.28034716203266946,0.7366579410570678
0.5465086500332352,-0.2882618031771429,-0.2786044489794352,0.7352638909104529
0.5567233428610254,-0.2739980594159001,-0.2766808467785946,0.7337791847523653
0.5666718809479864,-0.2595469176338626,-0.27457853178591046,0.7322055768511504
0.5763463414185639,-0.2449120764755837,-0.27229988405441274,0.7305448259167999
0.5857388258999924,-0.23009742420155901,-0.26984749017982523,0.7287986932293137
0.5948414704544093,-0.21510704321589508,-0.26722414590771854,0.7269689407604987
0.6036464560003101,-0.19994521438531002,-0.2644328584794204,0.7250573292913334
0.6121460192200741,-0.18461642111906676,-0.2614768486930885,0.7230656165271142
0.6203324639476488,-0.16912535317840277,-0.25835955265583505,0.7209955552126494
0.6281981730276281,-0.15347691018314777,-0.2550846232023608,0.7188488912498189
0.6357356206339342,-0.1376762047824493,-0.25165593095525257,0.7166273618198882
0.6429373850330989,-0.12172856545596444,-0.24807756500195877,0.7143326935129966
0.6497961617738021,-0.10563953891144717,-0.24435383316341397,0.711966600467296
0.6563047772807948,-0.08941489204447689,-0.24048926182945837,0.7095307825202534
0.662456202827722,-0.07306061342608815,-0.2364885953365182,0.7070269233746622
0.668243568859604,-0.056582914284310226,-0.23235679486353417,0.7044566887819432
0.673660179631928,-0.039988228946162926,-0.22809903682284235,0.7018217247453368
0.6786995281294116,-0.02328321470743146,-0.22372071072365732,0.6991236557456081
0.6833553112236093,-0.00647475109863325,-0.21922741648695285,0.6963640829919009
0.6876214450246271,0.010430061483019329,-0.21462496119194316,0.6935445827003922
0.691492080378376,0.027423903804162812,-0.20991935523597308,0.6906667044033896
0.6949616184570169,0.04449924051480052,-0.20511680789151931,0.687731969291528
0.6980247263866202,0.06164832358091444,-0.20022372224610271,0.684741868591707
0.700676352852587,0.07886319645160403,-0.19524668951326482,0.6816978619834035
0.7029117436201201,0.09613569897916652,-0.19019248270538092,0.6786013760559826
0.704726456904039,0.11345747310720104,-0.18506804966187893,0.675453802809605
0.7061163785195395,0.13081996933817303,-0.1798805054294994,0.672256498202314
0.7070777367431493,0.1482144539879039,-0.17463712399450737,0.6690107807458563
0.7076071168112051,0.16563201723025453,-0.1693453293701739,0.6657179301527619
0.7077014749816568,0.18306358193075703,-0.1640126860465196,0.6623791860371778
0.7073581520840013,0.20049991326324945,-0.15864688881305578,0.6589957466719146
0.7065748864816441,0.21793162909866612,-0.15325575196915137,0.6555687678041284
0.7053498263710497,0.2353492111500617,-0.14784719794065657,0.6520993615320215
0.7036815413426953,0.25274301685277833,-0.14242924532544082,0.6485885952448982
0.7015690331300911,0.2701032919534175,-0.13700999639457423,0.645037490628874
0.6990117454750304,0.28742018377601014,-0.13159762407993777,0.6414470227404842
0.6960095730397602,0.30468375512855317,-0.12620035848302072,0.6378181191503828
0.6925628692999406,0.3218839988079313,-0.12082647294357543,0.6341516591592776
0.6886724533560811,0.33901085265624153,-0.11548426971055438,0.6304484730881854
0.6843396156055999,0.3560542151167432,-0.11018206526130567,0.626709341645019
0.6795661222227082,0.37300396123310536,-0.10492817531837156,0.6229349953694691
0.674354218398971,0.38984995903140623,-0.09973089961629969,0.6191261141580505
0.6687066303035873,0.4065820862204621,-0.09459850647364514,0.6152833268711204
0.6626265657291214,0.4231902471426282,-0.08953921722777644,0.6114072110235769
0.656117713395557,0.43966438990424533,-0.08456119059213722,0.6074982925608546
0.6491842408930637,0.45599452361241777,-0.07967250699726379,0.6035570457217379
0.641830791251715,0.4721707356429174,-0.07488115297803874,0.5995838929893824
0.6340624781344797,0.4881832088626416,-0.07019500567042831,0.5955792051318326
0.6258848796580601,0.5040222387293443,-0.06562181748119897,0.5915433013331654
0.617304030854496,0.5196782501912298,-0.061169200993894696,0.5874764494162652
0.6083264147947943,0.535141814309538,-0.05684461417365657,0.5833788661580535
0.598958952404097,0.5504036645283875,-0.05265534593223763,0.5792507176978421
0.5892089910059894,0.5654547125179531,-0.04860850211291601,0.575092120039287
0.5790842916413841,0.5802860635194422,-0.04471099195282761,0.5709031396462104
0.5685930152149135,0.5948890311233318,-0.0409695150776373,0.5666837941323716
0.5577437075288408,0.6092551514158953,-0.037390549080448414,0.5624340530450125
0.5465452832711029,0.6233761964331226,-0.033980337733399826,0.5581538387417997
0.5350070090301366,0.6372441868657186,-0.03074487987662691,0.5538430273605043
0.523138485414575,0.6508514039638486,-0.027689919025136112,0.549501449880538
0.5109496283606706,0.6641904005956952,-0.02482093372975971,0.5451288932751642
0.49845064971435543,0.6772540114195779,-0.022143128723732346,0.5407251017529624
0.485652037178197,0.6900353621353319,-0.01966142688161551,0.5362897780868171
0.4725645337160468,0.7025278777868085,-0.01738046201236745,0.5318225850284427
0.45919911650999506,0.7147252900936002,-0.015304572503317888,0.5273231468061588
0.4455669755652488,0.726621643796442,-0.013437795826758355,0.5227910507033493
0.4316794920587964,0.7382113020070387,-0.011783863915817368,0.5182258487147717
0.4175482165272153,0.7494889505593393,-0.010346199411315912,0.5136270592775886
0.40318484698774876,0.7604496013653664,-0.009127912776442614,0.5089941690737395
0.3886012070848296,0.7710885947846617,-0.008131800271377403,0.5043266349000174
0.37380922435165387,0.781401601022067,-0.007360342775496468,0.4996238856019522
0.35882090867320343,0.7913846205739621,-0.006815705440509316,0.49488532406739527
0.3436483310333657,0.8010339837481333,-0.006499738153872611,0.490110329275469
0.32830360262454295,0.810346349287124,-0.0064139767881184525,0.48529825839635804
0.3127988543934662,0.8193187021292049,-0.006559645208329599,0.4804484489372314
0.29714621709185535,0.8279483503449382,-0.006937658006931697,0.4755602209294577
0.2813578018951964,0.8362329212907316,-0.007548623932267634,0.4706328791521069
0.26544568164730326,0.8441703570237072,-0.008392849975059177,0.4656657153866512
0.24942187278251965,0.8517589090246895,-0.009470346074858929,0.46065801069769097
0.23329831797152037,0.8589971322781431,-0.010780830406983306,0.4556090377344606
0.21708686953069747,0.865883878759427,-0.012323735209124718,0.45051806304785114
0.20079927362916142,0.8724182903808367,-0.014098213105932001,0.44538434941766797
0.18444715532148215,0.878599791448588,-0.016103143889250916,0.44020715818486367
0.1680420044285008,0.8844280806831126,-0.018337141711469548,0.4349857515835327
0.1515951622829048,0.88990312285493,-0.020798562649441542,0.42971939506750234
0.13511780935082263,0.8950251400878024,-0.023485512596811784,0.42440735962646614
0.11862095373547323,0.8997946028800647,-0.026395855443152236,0.41904892408669503
0.10211542056397276,0.9042122208938217,-0.02952722149917082,0.41364337739149915
0.0856118422537459,0.9082789335602667,-0.03287701612831287,0.4081900208567622
0.06912064965063627,0.9119959005476985,-0.0364424285463253,0.402688170397039
0.05265206402680318,0.9153644921368495,-0.040220440751814086,0.39713715871787303
0.03621608992282355,0.9183862795460896,-0.044207836552355564,0.39153633747019323
0.019822508815066624,0.9210630252467746,-0.04840121065246642,0.38588507936286914
0.003480873586440433,0.9233966733073851,-0.05279697777153919,0.38018278022998575
0.012799496223999252,-0.9253893397972777,0.057391381761504906,-0.37442886104745476
0.029009518419465526,-0.9270433032965705,0.06218050469677227,-0.3686227699013092
0.04514035142059382,-0.9283609955194891,0.06716027590912776,-0.36276398389517717
0.061183396847793475,-0.9293449921028835,0.07232648094477089,-0.35685201100401426
0.07713030144252579,-0.9299980035695612,0.07767477042040333,-0.3508863918651724
0.09297295836025399,-0.9303228664950562,0.08320066875855595,-0.34486670150696636
0.10870350786857169,-0.9303225348966844,0.08889958278386724,-0.33879255101216205
0.1243143374844892,-0.9300000718626525,0.0947668101639059,-0.33266358911460703
0.13979808158508314,-0.9293586414365089,0.10079754768009745,-0.32647950372741014
0.15514762052573705,-0.9284015007699425,0.10698689931600813,-0.3202400234013028
0.17035607929998856,-0.9271319925547438,0.11332988415198587,-0.3139449187120333
0.18541682577463026,-0.9255535377426695,0.11982144405680642,-0.3075940035758701
0.2003234685331466,-0.9236696285600029,0.12645645116849935,-0.3011871364924876
0.2150698543598779,-0.9214838218217354,0.13322971515802273,-0.29472422171471
0.2296500653964733,-0.918999732548566,0.14013599027081544,-0.2882052103447781
0.24405841600125264,-0.9162210278883418,0.1471699821425656,-0.2816301013569871
0.2582894493410634,-0.9131514213420413,0.1543263543867091,-0.2749989425467089
0.27233793374410525,-0.9097946672930708,0.1615997349522958,-0.26831183140597736
0.2861988588410145,-0.9061545558373966,0.16898472225188585,-0.2615689159259659
0.29986743152028444,-0.902234907910912,0.1764758910600281,-0.2547703953268216
0.3133390717228219,-0.8980395707094407,0.18406779818377605,-0.24791652071546225
0.32660940809916467,-0.8935724133958738,0.19175498790739134,-0.24100759567205252
0.3396742735515805,-0.888837323088152,0.19953199721411863,-0.23404397676599054
0.35252970068196726,-0.8838382011211254,0.20739336078847495,-0.227026074002342
0.36517191716517394,-0.8785789595747183,0.21533361580305552,-0.21995435119974066
0.37759734106609066,-0.8730635180603301,0.22334730649429443,-0.21282932630086907
0.3898025761175722,-0.8672958007570031,0.23142898853202104,-0.20565157161669997
0.40178440697504797,-0.8612797336885305,0.2395732331879918,-0.19842171400573866
0.4135397944624522,-0.8550192422324282,0.2477746313088343,-0.19114043498958622
0.42506587082294583,-0.8485182488515063,0.25602779709907125,-0.18380847080616533
0.4363599349867715,-0.8417806710386319,0.2643273717200736,-0.1764266124020106
0.44741944786750587,-0.8348104194652172,0.272668026710888,-0.16899570536506228
0.45824202769692235,-0.8276113963239329,0.2810444672370113,-0.16151664979941754
0.468825445407693,-0.8201874938561867,0.28945143517319427,-0.15399040014352988
0.47916762007221303,-0.8125425930549616,0.2978837120263934,-0.1464179649333613
0.4892666144049256,-0.8046805625337344,0.3063361217049656,-0.13880040651199566
0.49912063033469795,-0.7966052575523056,0.31480353314015364,-0.13113884068724696
0.5087280046529725,-0.7883205191905772,0.32328086276584994,-0.12343443633877695
0.5180872047426909,-0.77983017366148,0.331763076862531,-0.1156884149762524
0.5271968243922771,-0.7711380317544763,0.3402451937711451,-0.10790205025006129
0.5360555796983031,-0.7622478884013113,0.34872228598262434,-0.10007666741609295
0.544662305059868,-0.7531635223559124,0.3571894821085285,-0.09221364275608879
0.5530159492671293,-0.7438886959806209,0.3656419687382213,-0.08431440295503981
0.5611155716859307,-0.7344271551311929,0.37407499218777224,-0.07638042443710324
0.5689603385399641,-0.7247826291332993,0.38248386014565067,-0.0684132326614825
0.5765495192914704,-0.7149588308435292,0.3908639432200936,-0.06041440137969967
0.5838824831210866,-0.7049594567881933,0.39921067639283786,-0.05238555185566418
0.5909586955070548,-0.6947881873735102,0.4075195603837581,-0.04432835204990973
0.5977777149036984,-0.6844486871610499,0.4157861629307455,-0.0362445157693648
0.6043391895187489,-0.6739446052025875,0.4240061199889968,-0.028135801783968285
0.6106428541888449,-0.6632795754288171,0.43217513685369274,-0.02000401291144236
0.6166885273522777,-0.6524572170866434,0.4402889892098682,-0.011850995071480085
0.6224761081178366,-0.6414811352200487,0.44834352411311074,-0.0036786363105971638
0.628005573428423,-0.6303549211898116,0.4563346609045198,0.004511134201147253
0.6332769753179336,-0.6190821532275962,0.4642583920632259,0.01271634720037908
0.6382904382597575,-0.6076663970202084,0.47211078399956646,0.020934994386432964
0.6430461566051204,-0.596111206320056,0.4798879777918749,0.02916502950205632
0.647544392109392,-0.5844201235780873,0.4875861898696671,0.03740436943770365
0.6517854715443921,-0.5725966805957239,0.49520171264586055,0.04565089535835652
0.6557697843946466,-0.5606443991925265,0.5027309151005129,0.05390245385184786
0.6594977806355073,-0.5485667918865429,0.5101702433184149,0.06215685809768574
0.6629699685909786,-0.5363673625845093,0.5175162209827465,0.0704118890554111
0.66618691286909,-0.5240496072792629,0.524765449826853,0.07866529667154706
0.6691492323726134,-0.5116170147519233,0.5319146100460902,0.08691480110423186
0.6718575983829234,-0.4990730672765824,0.5389604606715497,0.09515809396465132
0.6743127327148022,-0.48642124132540954,0.545899839907361,0.10339283957441796
0.6765154059399912,-0.4736650082722633,0.552729665433158,0.11161667623807325
0.6784664356773128,-0.4608078350930373,0.5594469346731915,0.11982721752991106
0.6801666849472123,-0.44785318506113453,0.5660487250334562,0.128022053594354
0.681617060588591,-0.43480451843660317,0.5725321941081193,0.13619875245913848
0.6828185117358453,-0.42166529314759765,0.578894579856438,0.14435486136058556
0.6837720283540666,-0.4084389654629612,0.5851332007512603,0.15248790808027032
0.6844786398303929,-0.39512899065484747,0.5912454559001307,0.16059540229241745
0.6849394136195583,-0.3817388236504124,0.5972288251399464,0.16867483692138044
0.6851554539417473,-0.3682719196717078,0.6030808691060149,0.17672368950858655
0.6851279005308892,-0.35473173486301773,0.6087992292763312,0.1847394235883474
0.6848579274316192,-0.3411217269049772,0.6143816279917831,0.19271949007196837
0.6843467418431644,-0.3274453556148772,0.6198258684529736,0.20066132863959898
0.683595583008489,-0.31370608353267676,0.625129834694261,0.20856236913930404
0.6826057211470901,-0.2999073764922942,0.6302914915355817,0.21642003299284066
0.6813784564299041,-0.28605270417782874,0.6353088845125584,0.22423173460766338
0.6799151179948438,-0.2721455406644366,0.6401801397853568,0.23199488279468583
0.6782170630015513,-0.2581893649436375,0.6449034640267083,0.2397068821913613
0.6762856757240262,-0.24418766143289258,0.6494771442894683,0.2473651346896515
0.6741223666798443,-0.23014392046933924,0.6538995478540547,0.25496704086848354
0.6717285717947579,-0.21606163878762547,0.6581691220560572,0.26251000143030656
0.6691057516015259,-0.20194431998181947,0.6622843940942982,0.269991418641382
0.6662553904719002,-0.18779547495142035,0.6662439708195715,0.2774086977754596
0.6631789958807522,-0.17361862233152373,0.6700465385042714,0.28475924856050744
0.6598780977013899,-0.15941728890723014,0.6736908625931014,0.2920404866281844
0.6563542475311911,-0.14519501001241386,0.6771757874350101,0.2992498349657577
0.6526090180467282,-0.13095532991299558,0.6805002359965039,0.30638472537018896
0.6486440023876403,-0.11670180217487768,0.6836632095564457,0.3134425999041263
0.644460813568562,-0.1024379900167273,0.6866637873824374,0.3204209123535587
0.6400610839184864,-0.08816746664780069,0.6895011263888776,0.32731712968689913
0.6354464645470045,-0.07389381559101771,0.6921744607767484,0.3341287335152891
0.6306186248369157,-0.05962063099150427,0.6946831016551986,0.34085322155391956
0.625579251962784,-0.04535151791082419,0.6970264366449521,0.3474881090841934
0.6203300504350533,-0.031090092607124295,0.6992039294635817,0.3540309304165549
0.6148727416694155,-0.016839982801428583,0.7012151194926589,0.360479240353838
0.609209063581169,-0.0026048279302919165,0.7030596213268051,0.3668306156549888
0.6033407702043773,0.011611720614959355,0.7047371243046339,0.37308265649904465
0.597269631335678,0.02580599926218861,0.7062473920215956,0.3792329879492525
0.5909974322026728,0.039974332045418046,0.7075902618247105,0.38527926141723184
0.5845259731568643,0.0541130304046094,0.7087656442891778,0.3912191561270963
0.5778570693911718,0.06821839299809232,0.7097735226768505,0.3970503805794661
0.5709925506821103,0.08228670552748647,0.7106139523765567,0.40277067401530026
0.5639342611567741,0.09631424057497862,0.711287060326242,0.4083778078795188
0.5566840590848132,0.11029725745285429,0.7117930444169206,0.41386958728436024
0.5492438166956509,0.1242320020651975,0.7121321728783996,0.4192438524724677
0.5416154200212339,0.13811470678170873,0.712304783646773,0.42449848027966997
0.533800768764665,0.15194159032361382,0.7123112837136429,0.42963138559747494
0.5258017761951139,0.1657088576616902,0.7121521484570628,0.43464052283526294
0.5176203690694514,0.17941269992644324,0.7118279209541737,0.43952388738220777
0.5092584875811001,0.19304929433054216,0.7113392112755192,0.4442795170689424
0.5007180853366396,0.20661480410364083,0.7106866957610246,0.44890549362900517
0.49200112936075896,0.22010537843976102,0.7098711162776278,0.4533999441601005
0.4831096001301781,0.23351715245748178,0.7088932794585457,0.45776104258523004
0.47404549163722043,0.24684624717320336,0.7077540559241855,0.46198701111372914
0.464810811483751,0.26008876948783544,0.7064543794846763,0.46607612170228335
0.45540758100623485,0.27324081218730306,0.7049952463240466,0.4700266975159703
0.4458378354327239,0.28629845395733017,0.7033777141660351,0.4738371143893961
0.4361036240725928,0.2992577594130311,0.7016029014215561,0.47750580228799033
0.4262070105399134,0.3121147791439048,0.6996719863178295,0.4810312467695264
0.41615007301136286,0.32486554977489984,0.6975862060091981,0.4844119904459242
0.40593490451961173,0.33750609404430304,0.6953468556696603,0.4876466344454031
0.39556361328316364,0.3500324208992748,0.6929552875671405,0.4907338398750412
0.3850383230736465,0.3624405256099436,0.6904129101195435,0.4936723292837926
0.37436117362157956,0.37472638990307333,0.6877211869326284,0.4964608881260037
0.3635343210616696,0.38688598211638237,0.6848816358197499,0.4990983662254734
0.3525599384187083,0.3989152573747272,0.6818958278035243,0.5015836792400628
0.34144021613515607,0.4108101577894282,0.678765386099474,0.5039158101268854
0.33017736264152076,0.42256661268215956,0.6754919850817152,0.5060938106080524
0.3187736049706414,0.43418053883489444,0.672077349230769,0.5081168026369579
0.3072311894170032,0.4456478407675588,0.6685232520635578,0.5099839798650457
0.2955523822422029,0.45696441104512286,0.6648315150456795,0.5116946091089972
0.2837394704276915,0.4681261306160178,0.6610040064860483,0.5132480318182241
0.2717947624759077,0.4791288691838748,0.6570426404139883,0.5146436655425396
0.2597205892609055,0.4899684856147276,0.6529493754388874,0.5158810053998358
0.24751930492956062,0.5006408283819528,0.648726213592518,0.5169596255435566
0.23519328785441954,0.5111417360513721,0.6443751991541271,0.5178791806297072
0.2227449416392148,0.5214670378090858,0.6398984174584238,0.5186394072830998
0.21017669617804458,0.5316125540347479,0.635297993686581,0.5192401255624793
0.1974910087691593,0.5415740969231774,0.6305760916403794,0.5196812404240975
0.18469036528424065,0.55134747115733,0.6257349124996324,0.5199627431832671
0.17177728139400655,0.5609284746358402,0.6207766935630231,0.5200847129733324
0.15875430385089226,0.570312899258506,0.6157037069725056,0.5200473182014217
0.1456240118294763,0.5794965317732504,0.6105182584214139,0.519850818000269
0.13238901832522582,0.588475154688288,0.6052226858464348,0.5194955636752898
0.11905197161202945,0.59724454725339,0.599819358103605,0.5189820001460179
0.10561555675886904,0.6058004865143052,0.594310673628493,0.5183106673808595
0.09208249720584087,0.6141387484446098,0.588699059080736,0.5174822018240668
0.07845555639960514,0.6222551091593986,0.5829869679730991,0.5164973378136452
0.06473753948815629,0.6301453462154694,0.5771768792852595,0.5153569089888462
0.05093129507466763,0.6378052400027205,0.5712712960624339,0.5140618496856573
0.03703971702992462,0.6452305752318214,0.5652727439991272,0.5126131963186689
0.02306574636268686,0.6524171425232387,0.5591837700081118,0.5110120887474424
0.00901237314706493,0.6593607401030204,0.553006940774931,0.5092597716253991
0.005117361494228539,-0.6660571756101648,-0.5467448412975633,-0.5073575957285658
0.019320363352196106,-0.6725022680238585,-0.5404000734136933,-0.5053070192637571
0.03359348304114926,-0.6786918497102341,-0.5339752543105928,-0.5031096091489532
0.04793351385757675,-0.6846217686034382,-0.5274730150253613,-0.5007670422697784
0.0623371895906975,-0.6902878905188533,-0.5208959989287755,-0.4982811067027953
0.07680118228737957,-0.6956861016093888,-0.5142468601969814,-0.49565370290591143
0.09132209997453918,-0.700812310969511,-0.5075282622699585,-0.4928868448711644
0.10589648434252737,-0.7056624533935699,-0.5007428762971377,-0.489982661236223
0.12052080839344481,-0.7102324922948028,-0.49389337957045687,-0.4869433963505159
0.13519147405877832,-0.7145184227914543,-0.48698245394507506,-0.4837714112915943
0.14990480979124302,-0.7185162749663878,-0.4800127842480165,-0.4804691848270244
0.16465706813621608,-0.7222221173066117,-0.4729870566750048,-0.47703931431681396
0.17944442328868954,-0.725632060329017,-0.46590795717576844,-0.47348451655102525
0.19426296864222484,-0.7287422603985677,-0.45877816982809316,-0.46980762851690916
0.20910871433697648,-0.7315489237450186,-0.4516003752009445,-0.46601160808954967
0.2239775848144686,-0.7340483106840695,-0.44437724870695655,-0.4620995346396464
0.2388654163874366,-0.7362367400486102,-0.4371114589446307,-0.45807460955170626
0.2537679548337008,-0.738110593835447,-0.42980566603059783,-0.45394015664556336
0.2686808530237163,-0.7396663220725361,-0.42246251992231293,-0.44969962249375356
0.2835996685921434,-0.7409004479113678,-0.41508465873158074,-0.4453565766269189
0.2985198616644806,-0.7418095729486504,-0.4076747070293427,-0.4409147116190389
0.3134367926505401,-0.7423903827809312,-0.40023527414217547,-0.43637784304391813
0.3283457201172728,-0.7426396527951552,-0.3927689524409873,-0.43174990929399204
0.34324179875418886,-0.7425542541974797,-0.3852783156224516,-0.42703497125216855
0.3581200774453721,-0.7421311602818951,-0.3777659169837297,-0.42223721180707247
0.37297549746281466,-0.7413674529393349,-0.3702342876911098,-0.4173609352017333
0.3878028907965378,-0.7402603294070088,-0.36268593504322594,-0.4124105662054459
0.4025969786376872,-0.7388071092566526,-0.35512334072957613,-0.40739064909825795
0.4173523700314781,-0.7370052416192494,-0.34754895908513167,-0.4023058464572712
0.4320635607175476,-0.7348523126425399,-0.3399652153418864,-0.3971609377337224
0.4467249321759013,-0.7323460531762934,-0.3323745038782794,-0.39196081760963036
0.4613307508972311,-0.7294843466788928,-0.32477918646749626,-0.3867104941226411
0.4758751678969323,-0.7262652373372159,-0.3171815905257555,-0.3814150865476298
0.4903522184926096,-0.7226869383901786,-0.30958400736176933,-0.3760798230235628
0.5047558223652784,-0.718747840644548,-0.3019886904286815,-0.3707100379141638
0.5190797839247895,-0.7144465211697987,-0.294397853579891,-0.3653111688910146
0.5333177930002294,-0.7097817521568408,-0.28681366933029623,-0.3598887537278998
0.547463425876177,-0.7047525099234447,-0.27923826712461647,-0.354448426795445
0.5615101466957035,-0.6993579840470572,-0.27167373161458597,-0.3489959152454532
0.5754513092508844,-0.6935975866035412,-0.2641221009469655,-0.3435370348747675
0.5892801591813178,-0.6874709614881231,-0.2565853650644611,-0.3380776856590412
0.6029898366007551,-0.6809779937925238,-0.24906546402181037,-0.3326238469474255
0.6165733791713405,-0.6741188192099261,-0.24156428631945867,-0.3271815723099637
0.6300237256442259,-0.666893833437059,-0.23408366725742907,-0.32175698403034975
0.6433337198843802,-0.6593037015403113,-0.22662538731216983,-0.31635626723771265
0.6564961153962713,-0.6513493672504282,-0.21919117053935872,-0.3109856636722311
0.6695035803657704,-0.643032062148014,-0.21178268300583,-0.305651465080636
0.6823487032320635,-0.6343533146997924,-0.20440153125400154,-0.30036000623905784
0.69502399880159,-0.625314959103385,-0.19704926080236457,-0.2951176576022199
0.7075219149140328,-0.6159191438962652,-0.1897273546858286,-0.2899308175796246
0.71983483966816,-0.606168340282606,-0.1824372320398867,-0.28480590444119974
0.7319551092128705,-0.596065350129926,-0.17518024673280438,-0.2797493478567864
0.7438750161061313,-0.585613313585843,-0.16795768605020148,-0.27476758007591456
0.7555868182415874,-0.5748157162638605,-0.1607707694366169,-0.2698670267564705
0.7670827483395388,-0.5636763959459757,-0.1536206472988208,-0.26505409745315517
0.7783550239956594,-0.5521995487490591,-0.14650839987580933,-0.26033517577899856
0.7893958582773443,-0.5403897347014246,-0.1394350361805923,-0.2557166092556679
0.8001974708539145,-0.528251882675818,-0.13240149301902246,-0.2512046988708337
0.8107520996430854,-0.515791294625247,-0.1254086340910492,-0.24680568836345254
0.8210520129521706,-0.5030136490686713,-0.11845724917987005,-0.24252575326044562
0.8310895220884605,-0.4899250037745783,-0.11154805343456299,-0.23837098969088813
0.8408569944091109,-0.4765317975919421,-0.10468168675180557,-0.23434740300644627
0.8503468667767339,-0.4628408513799998,-0.09785871326233156,-0.23046089623940416
0.8595516593827723,-0.44885936799068255,-0.09107962092774503,-0.22671725843214038
0.8684639898966344,-0.4345949312604532,-0.08434482125328334,-0.22312215287436618
0.8770765878945903,-0.42005550397168384,-0.07765464912201116,-0.21968110528676624
0.8853823095185466,-0.4052494247476273,-0.07100936275580787,-0.21639949199186156
0.8933741523111598,-0.39018540384937755,-0.06440914380833017,-0.21328252811492243
0.9010452701702579,-0.3748725178481067,-0.05785409759490983,-0.21033525585955984
0.9083889883623857,-0.35932020315113067,-0.05134425346407349,-0.20756253290420376
0.9153988185323965,-0.3435382483661321,-0.04487956531504282,-0.20496902096696282
0.9220684736435347,-0.3275367854939408,-0.038459912265226166,-0.20255917458740152
0.9283918827803417,-0.31132627994680734,-0.03208509947124799,-0.2003372301744603
0.9343632057450909,-0.29491751939582816,-0.02575485910663548,-0.1983071953701267
0.9399768473772955,-0.27832160145826085,-0.019468851498729373,-0.19647283877846847
0.945227471525197,-0.26154992024265766,-0.013226666426830715,-0.1948376801093048
0.950110014598062,-0.24461415177712448,-0.007027824582974729,-0.1934049807850338
0.9546196986285972,-0.22752623835339986,-0.0008717791960728982,-0.19217773505802235
0.9587520437758663,-0.21029837182686198,0.005242082180527624,-0.19115866168443132
0.9625028802007645,-0.19294297591986553,0.01131443571875584,-0.19035019619844168
0.9658683592483737,-0.17547268758295714,0.017346019204241805,-0.189754483828537
0.9688449638743885,-0.1579003374754094,0.02333762976565621,-0.1893733730948146
0.9714295182562431,-0.14023892963307227,0.029290121448008178,-0.18920841012326728
0.973619196533576,-0.12250162039774087,0.03520440263370147,-0.18926083370958205
0.975411530627203,-0.10470169668790391,0.04108143331599447,-0.1895315711613103
0.9768044170907956,-0.08685255369593586,0.04692222223031767,-0.19002123494329384
0.9777961229549453,-0.06896767210132587,0.05272782384966585,-0.19073012014697627
0.9783852905291693,-0.051060594893462825,0.058499335251111007,-0.1916582027998193
0.9785709411336421,-0.0331449039006765,0.06423789286119025,-0.19280513902639437
0.9783524777389425,-0.01523419612468574,0.06994466908866656,-0.19417026506801585
0.9777296864988361,0.002657940018724973,0.07562086885382621,-0.1957525981629286
0.9767027371679773,0.020517948451116045,0.08126772602411697,-0.19755083828424366
0.9752721824033824,0.03833232907315145,0.08688649976649605,-0.1995633707279419
0.9734389559554675,0.05608766119572664,0.09247847082737935,-0.20178826953852513
0.9712043697613497,0.07377062666105874,0.09804493775152484,-0.20422330175519632
0.9685701099598517,0.09136803255667396,0.10358721305157335,-0.206865932456969
0.9655382318542017,0.10886683342835055,0.1091066193402751,-0.20971333058077601
0.9621111538546928,0.12625415290189454,0.11460448543763273,-0.21276237548258403
0.9582916504395018,0.14351730462813914,0.12008214246538693,-0.21600966420772058
0.9540828441774166,0.16064381247065798,0.1255409199412942,-0.2194515194331472
0.9494881968613273,0.17762142986138318,0.13098214188566315,-0.22308399804124715
0.9445114998059533,0.1944381582554619,0.13640712295251278,-0.22690290028192833
0.9391568633673826,0.2110822646232706,0.14181716459754978,-0.23090377947743207
0.9334287057455392,0.22754229792444114,0.14721355129490368,-0.23508195222223124
0.9273317411336714,0.24380710451590618,0.15259754681427037,-0.23943250902880764
0.9208709672813385,0.2598658424533827,0.15797039056967976,-0.2439503253688923
0.9140516525391624,0.27570799465314305,0.1633332940507013,-0.24863007305898452
0.9068793224548128,0.2913233808884755,0.16868743734634464,-0.2534662319385582
0.8993597459903108,0.3067021686026498,0.1740339657713882,-0.2584531017893938
0.8914989214307787,0.3218348825275909,0.1793739866042228,-0.26358481444483545
0.8833030620542716,0.33671241310459593,0.18470856594466592,-0.2688553460385204
0.8747785816312992,0.35132602371037,0.1900387256995097,-0.2742585293432085
0.8659320798211517,0.36566735669825295,0.19536544070285217,-0.27978806615169904
0.8567703275301775,0.37972843827080704,0.20068963597752248,-0.2854375396535218
0.8473002522948031,0.39350168220578813,0.20601218414316824,-0.2912004267629759
0.8375289237493482,0.4069798924629863,0.21133390297581794,-0.297070110356263
0.8274635392356344,0.4201562647044096,0.21665555312297133,-0.30303989137777737
0.8171114096080535,0.4330243867648065,0.22197783597752008,-0.309103000778123
0.8064799452842014,0.4455782381135249,0.2273013917130627,-0.3152526112490479
0.7955766425874334,0.45781218835224186,0.232626797482451,-0.32148184872321706
0.7844090704238169,0.4697209947960851,0.2379545657807097,-0.32778380360953396
0.772984857331972,0.4812997991882009,0.24328514297277593,-0.33415154173755424
0.761311678940267,0.49254412359981564,0.24861890798587305,-0.3405781149873748
0.7493972458617846,0.5034498655693769,0.25395617116571606,-0.3470565715842275
0.7372492920534606,0.5140132925354456,0.25929717329513985,-0.35357996603978
0.7248755636618299,0.5242310356186184,0.26464208477323925,-0.3601413687249063
0.7122838083739562,0.5341000828079927,0.26999100495256095,-0.36673387506132404
0.6994817652883465,0.5436177716075095,0.27534396163145475,-0.3733506143220877
0.6864771553170672,0.5527817811969667,0.28070091069825037,-0.379984758033357
0.6732776721268031,0.5615901241616508,0.28606173592355144,-0.3866295279722166
0.6598909736233448,0.5700411378433627,0.2914262488965945,-0.39327820375751643
0.6463246739809168,0.5781334753641938,0.29679418910132044,-0.3999241300327735
0.6325863362148708,0.5858660963727648,0.30216522412755065,-0.4065607232420907
0.6186834652936288,0.5932382575607661,0.30753895001243403,-0.4131814780018374
0.604623501783309,0.6002495029956244,0.31291489170714915,-0.4197799730724394
0.590413816016246,0.6068996543129563,0.31829250366370704,-0.42634987693611187
0.5760617027726228,0.6131888008101841,0.3236711705365717,-0.43288495298769686
0.5615743764626417,0.6191172894803407,0.3290502079937577,-0.43937906434692126
0.5469589667950956,0.6246857150226603,0.33442886363199426,-0.4458261783014564
0.5322225149168428,0.6298949098641118,0.33980631799053634,-0.45222037039101637
0.517371970006516,0.6347459342235526,0.3451816856582099,-0.4585558281435348
0.5024141863048448,0.6392400662477343,0.35055401646830014,-0.4648268544750571
0.48735592056317145,0.6433787922459467,0.3559222967759525,-0.4710278707655221
0.47220382989112814,0.647163797047705,0.36128545081281915,-0.4771534196230031
0.45696446998400353,0.6505969545055318,0.36664234211378094,-0.48319816734926385
0.44164429371000763,0.653680318162632,0.3719917750106736,-0.48915690611970036
0.42624965003749715,0.6564161121030434,0.377332496188071,-0.49502455589083205
0.4107867832821807,0.6588067219997593,0.3826631962962982,-0.5007961660485345
0.3952618326544031,0.660854686374278,0.3879825116170045,-0.5064669168101684
0.37968083208679965,0.6625626880791389,0.39328902577675684,-0.5120321203936243
0.3640497103228856,0.6639335460131667,0.39858127150427697,-0.5174872219661462
0.34837429124750763,0.6649702070774581,0.40385773242711387,-0.5228278003855465
0.33266029444051914,0.6656757383785061,0.40911684490368905,-0.5280495687461819
0.31691333593554083,0.6660533196833941,0.4143569998868331,-0.5331483747417043
0.3011389291662107,0.6661062361305705,0.41957654481509504,-0.5381202008562954
0.2853424860829298,0.6658378711984443,0.42477378552827233,-0.5429611643956856
0.26952931842373334,0.6652516999328546,0.4299469882037792,-0.547667517368873
0.2537046391235832,0.6643512824333697,0.435094381310637,-0.5522356462310489
0.23787356384705394,0.6631402575974114,0.44021415757802723,-0.556662071497788
0.2220411126300783,0.6616223371202888,0.4453044759755257,-0.5609434472401362
0.206212211617136,0.6598012997484213,0.45036346370226676,-0.5650765604697835
0.19039169488096003,0.6576809857823417,0.4553892181824723,-0.5690583304230594
0.1745843063125646,0.6552652918254015,0.46037980906489806,-0.5728858077520329
0.1587947015700857,0.6525581657735811,0.4653332802239205,-0.5765561736305788
0.1430274500756346,0.6495636020412819,0.47024765176010797,-0.5800667387828087
0.1272870370500337,0.6462856370176201,0.4751209219982666,-0.5834149424408589
0.11157786557599213,0.6427283447473379,0.4799510694810801,-0.5865983512385858
0.09590425868091727,0.638895832830174,0.48473605495656724,-0.5896146580473144
0.08027046143119078,0.6347922385323393,0.48947382335774675,-0.5924616807594205
0.06468064303036242,0.6304217251034843,0.4941623057729514,-0.5951373610250782
0.04913889891429523,0.6257884782924636,0.49879942140537803,-0.5976397629471847
0.03364925283686832,0.6208967030551107,0.5033830795205769,-0.5999670717391116
0.01821565894038091,0.6157506204471345,0.5079111813806549,-0.602117592349602
0.0028420038053314067,0.6103544646965521,0.5123816221651075,-0.6040897480599856
0.012467891525229912,-0.6047124804397219,-0.5167922928697144,0.6058820790484546
0.0277102695512771,-0.5988289201412058,-0.5211410822051641,0.6074932409516667
0.042881434354982276,-0.5927080416461228,-0.5254258784571951,0.6089220033823389
0.05797774967725515,-0.5863541059019488,-0.5296445713440389,0.6101672484492088
0.0729956370345708,-0.5797713748179495,-0.5337950538492643,0.6112279692567123
0.0879315738788775,-0.5729641092636095,-0.5378752240358922,0.6121032683945355
0.10278209180295109,-0.5659365671988529,-0.5418829868404458,0.6127923564182793
0.11754377479324817,-0.5586930019298088,-0.5458162558462984,0.6132945503230427
0.13221325753198335,-0.551237660484215,-0.5496729550359066,0.6136092720117308
0.14678722374990816,-0.5435747821005165,-0.5534510205213747,0.6137360467595324
0.1612624046309624,-0.5357085968250732,-0.5571484022530211,0.6136745016759764
0.17563557726976436,-0.5276433242119823,-0.5607630657055392,0.6134243641657638
0.18990356318263343,-0.5193831721202411,-0.5642929935414699,0.6129854603894487
0.20406322687268327,-0.5109323356031461,-0.5677361872516639,0.612357713724883
0.21811147444927845,-0.5022949958850416,-0.5710906687725221,0.6115411432302506
0.23204525230201797,-0.4934753194206949,-0.574354482079765,0.6105358621093618
0.24586154582921396,-0.484477457032795,-0.5775256947585696,0.6093420761798234
0.2595573782207107,-0.4753055431232464,-0.5806023995499007,0.6079600823445601
0.2731298092947491,-0.46596369495412615,-0.5835827158729058,0.6063902670671061
0.2865759343884601,-0.45645601199435515,-0.5864647913232701,0.6046331048509865
0.29989288330147174,-0.44678657532833577,-0.5892468031474363,0.6026891567234595
0.3130778192920137,-0.4369594471229624,-0.5919269596926257,0.6005590687237993
0.32612793812482477,-0.42697867014962,-0.5945035018326079,0.5982435703962717
0.33904046717008174,-0.4168482673579347,-0.5969747043691964,0.595743473287867
0.3518126645525307,-0.4065722414982332,-0.5993388774094381,0.5930596694508449
0.364441818349911,-0.3961545747898101,-0.6015943677185123,0.590193129950086
0.3769252458397483,-0.3855992286322835,-0.6037395600483347,0.5871449033752032
0.3892602927935296,-0.37491014335746703,-0.6057728784419018,0.5839161143573554
0.4014443328172544,-0.36409123801932997,-0.6076927875134027,0.5805079620906602
0.4134747667373285,-0.3531464102197838,-0.6094977937041437,0.5769217188580902
0.42534902203074065,-0.3420795359681502,-0.6111864465143427,0.5731587285617119
0.4370645522984607,-0.33089446957232205,-0.612757339710851,0.5692204052571189
0.4486188367809792,-0.3195950435597497,-0.614209112510871,0.5651082316918867
0.4600093799149115,-0.30818506862651235,-0.6155404507417512,0.5608237578478753
0.47123371092958954,-0.29666833361285944,-0.6167500879769305,0.5563685994871975
0.48228938348256867,-0.28504860550371824,-0.6178368066481289,0.55174443670166
0.49317397533298674,-0.27332962945278005,-0.6187994391338691,0.546953012465489
0.5038850880517309,-0.26151512882888195,-0.619636868824428,0.5419961311911473
0.5144203467673785,-0.2496088052835022,-0.6203480311633109,0.5368756572880509
0.5247773999468933,-0.23761433883828922,-0.6209319146653638,0.5315935137239978
0.5349539192101028,-0.22553538799163272,-0.6213875619116112,0.5261516805891225
0.5449475991769744,-0.21337558984337732,-0.6217140705209366,0.5205521936622015
0.5547561573467668,-0.2011385602368621,-0.6219105940987134,0.5147971429791317
0.5643773340081435,-0.18882789391755295,-0.6219763431624856,0.508888671403426
0.573808892179375,-0.1764471647076078,-0.621910586044816,0.5028289731985602
0.5830486175777859,-0.16399992569578697,-0.6217126497734093,0.4966202926020396
0.5920943186176473,-0.1514897094421988,-0.6213819209286116,0.4902649224010332
0.6009438264357361,-0.1389200281974181,-0.6209178464784036,0.4837652025094675
0.6095949949438423,-0.12629437413559866,-0.6203199345909842,0.4771235185464571
0.6180457009075229,-0.11361621960124137,-0.6195877554250526,0.47034230041598063
0.626293844050466,-0.10088901736934208,-0.6187209418978893,0.463424020887705
0.6343373471838467,-0.08811620091869676,-0.6177191904313337,0.45637119417889793
0.642174156360125,-0.07530118471818417,-0.6165822616757564,0.4491863745373504
0.6498022410507566,-0.06244736452589488,-0.6153099812121074,0.441872154825285
0.6572195943473566,-0.049558117701019345,-0.6139022402321397,0.4344311651041952
0.6644242331858833,-0.03663680352844237,-0.6123589961968753,0.42686607122061687
0.6714141985934711,-0.023686763556031592,-0.6106802734734,0.4191795733928136
0.6781875559575792,-0.010711321944637971,-0.6088661639500491,0.4113744047983974
0.6847423953171864,0.0022862141691385772,-0.6069168276300454,0.40345333016290336
0.691076831675794,0.015302554297343146,-0.6048324932036468,0.3954191443493647
0.697189005336071,0.028334424212114066,-0.6026134585988437,0.3872746709489373
0.7030770822560068,0.04137856554405848,-0.6002600915106479,0.3790227608726486
0.7087392544265102,0.05443173536741381,-0.597772829908991,0.3706662909443517
0.7141737402704275,0.0674907057718253,-0.5951521825252523,0.3622081624949911
0.7193787850630238,0.08055226342056886,-0.5923987293174167,0.3536512999582798
0.7243526613740123,0.09361320909502169,-0.5895131219138524,0.34499864946793746
0.7290936695312837,0.10667035722519158,-0.5864960840356811,0.33625317745661326
0.7336001381065355,0.1197205354060884,-0.583348411897708,0.3274178692566636
0.7378704244230662,0.13276058389973638,-0.5800709745878453,0.31849572770295137
0.7419029150860467,0.14578735512261237,-0.5766647144249676,0.3094897717378561
0.745696026535652,0.1587977131183026,-0.573130647295095,0.3004030350186941
0.749248205623484,0.17178853301516908,-0.5694698629658055,0.2912385645277635
0.7525579302127827,0.18475670046883427,-0.5656835253787292,0.2819994191852433
0.7556237098029842,0.19769911108928906,-0.5617728729199767,0.2726886684651863
0.7584440861792335,0.2106126698524558,-0.5577392186683195,0.26330939101486733
0.7610176340875404,0.2234942904960432,-0.5535839506209106,0.25386467327774836
0.7633429619363076,0.23634089489955679,-0.549308531896315,0.24435760812034651
0.7654187125250396,0.24914941244834699,-0.5449145009145777,0.23479129346330335
0.7672435638010873,0.26191677938160807,-0.5404034715540452,0.22516883091695694
0.7688162296453678,0.2746399381242613,-0.5357771332845871,0.21549332442173902
0.7701354606880273,0.287315836602702,-0.5310372512768781,0.2057678788937363
0.7712000451551219,0.2999414275444164,-0.5261856664873075,0.19599559887574966
0.772008809747409,0.3125136677615188,-0.5212242957180933,0.18617958719421832
0.7725606205524425,0.3250295174183093,-0.5161551316520924,0.17632294362236986
0.7728543839911971,0.33748593928299303,-0.5109802428617848,0.16642876354997882
0.7728890478005337,0.349879897963763,-0.5057017737918406,0.15650013666012333
0.7726636020528542,0.3622083591295059,-0.5003219447146408,0.1465401456133416
0.7721770802143846,0.3744682887154467,-0.4948430516580505,0.13655186473959563
0.7714285602435437,0.3866566521141318,-0.4892674663047185,0.12653835873846975
0.7704171657309615,0.3987704133522038,-0.4835976358620716,0.1165026813880255
0.769142067082719,0.4108065342535175,-0.477836082902154,0.10644787426276546
0.7676024827484728,0.4227619735892234,-0.47198540517035975,0.09637696546113567
0.7657976804961594,0.43463368621553333,-0.4660482753620554,0.08629296834304337
0.7637269787350268,0.44641862219999223,-0.4600274408660116,0.07619888027784016
0.7613897478887975,0.45811372593716154,-0.45392572347347726,0.06609768140324578
0.7587854118207927,0.4697159352547553,-0.4477460190516559,0.05599233339569504
0.7559134493129039,0.4812221805113671,-0.441491297180259,0.04588577825258393
0.7527733956003193,0.49262938368705605,-0.43516460074971497,0.03578093708691363
0.7493648439639535,0.503934457468196,-0.4287690455195194,0.025680708934820034
0.7456874473825429,0.5151343043281237,-0.42230781963512104,0.015587969576490142
0.7417409202463917,0.5262258156052708,-0.4157841831016351,0.005505570370966669
0.7375250401347692,0.5372058705806202,-0.40920146721255674,-0.00456366289464813
0.7330396496589551,0.548071335556487,-0.40256307393155355,-0.014616931141095428
0.7282846583729259,0.5588190629387987,-0.39587247522529617,-0.024651463117447703
0.7232600447536663,0.5694458903252239,-0.38913321234516207,-0.03466451650568196
0.717965858253062,0.5799486396016904,-0.38234889505553243,-0.04465337900882895
0.7124022214232891,0.5903241160500311,-0.37552320080627505,-0.05461536942219023
0.7065693321175808,0.6005691074696949,-0.36865987384687177,-0.06454783868711969
0.7004674657681808,0.6106803833166801,-0.3617627242795168,-0.07444817092687833
0.6940969777432123,0.6206546938630726,-0.3548356270483894,-0.08431378446405205
0.6874583057841263,0.6304887693807903,-0.34788252086213495,-0.09414213281906052
0.6805519725252439,0.6401793193533947,-0.3409074070464827,-0.10393070568926101
0.6733785880968267,0.6497230317200555,-0.33391434832375466,-0.11367702990818444
0.6659388528129248,0.659116572156035,-0.32690746751589167,-0.12337867038443215
0.6582335599451082,0.6683565833943025,-0.3198909461674731,-0.1330332310197841
0.6502635985829944,0.6774396845931715,-0.3128690230850487,-0.14263835560607777
0.6420299565822603,0.686362470755129,-0.3058459927889731,-0.15219172870042272
0.6335337236006047,0.6951215122023048,-0.2988262038737667,-0.16169107647835051
0.624776094221844,0.7037133541143245,-0.291814057272905,-0.17113416756448982
0.615758371168044,0.7121345161345776,-0.2848140044237747,-0.1805188138403929
0.6064819685992493,0.720381492051235,-0.2778305453284199,-0.18984287122915258
0.596948415500028,0.7284507495596362,-0.2708682265055547,-0.1991042404564648
0.5871593591516474,0.7363387301129803,-0.26393163882920645,-0.2083008677878219
0.5771165686882692,0.7440418488685461,-0.2570254152492255,-0.21743074574152849
0.5668219387350975,0.7515564947369493,-0.2501542283888082,-0.2264919137772812
0.5562774931258927,0.7588790305422624,-0.24332278801406879,-0.23548245896004474
0.5454853886967324,0.7660057933010778,-0.2365358383706311,-0.24440051659901202
0.5344479191523182,0.7729330946288803,-0.22979815538213677,-0.253244270861449
0.523167519000482,0.7796572212823623,-0.22311454370552228,-0.26201195536124455
0.5116467675498934,0.786174435846545,-0.2164898336378994,-0.2707018537220368
0.4998883929652358,0.7924809775758165,-0.2099288778698644,-0.27931230011478564
0.48789527637337576,0.7985730633981821,-0.20343654808008038,-0.2878416797697159
0.47567045601321895,0.8044468890922256,-0.19701773136604414,-0.29628842946256684
0.46321713142111665,0.8100986306464109,-0.19067732650602262,-0.3046510379751195
0.4505386676427704,0.8155244458104927,-0.18442024004725804,-0.3129280465299943
0.4376385994616532,0.8207204758488592,-0.17825138221571296,-0.32111804919974996
0.42452063563296166,0.8256828475057018,-0.17217566264280693,-0.3292196932903206
0.411188663111109,0.8304076751918577,-0.16619798590485976,-0.3372316796988707
0.39764675125767646,0.8348910634031418,-0.16032324687121807,-0.3451527632461557
0.3838991560156509,0.8391291093798482,-0.15455632585742454,-0.3529817529835045
0.36995032403463873,0.8431179060169103,-0.1489020835801446,-0.36071751247453776
0.35580489673056703,0.846853545033978,-0.14336535591105887,-0.36835896005178165
0.3414677142622089,0.8503321204143156,-0.13795094842742647,-0.3759050690483037
0.3269438194056436,0.8535497321210305,-0.1326636307576177,-0.38335486800453344
0.312238461306554,0.8565024900986454,-0.12750813072057243,-0.3907074408504156
0.29735709908903163,0.8591865185674284,-0.12248912825885316,-0.39796192706303457
0.2823054052983417,0.8615979606172236,-0.11761124916578024,-0.40511752179984184
0.2670892691538891,0.8637329831067188,-0.11287905860799509,-0.4121734760075944
0.25171479958745013,0.8655877818732062,-0.10829705444576666,-0.41912909650708385
0.23618832804058326,0.8671585872568612,-0.10386966035438457,-0.42598374605369993
0.22051641099402797,0.8684416699424652,-0.09960121875109701,-0.4327368433738352
0.20470583220088004,0.8694333471202101,-0.09549598353325599,-0.4393878631770683
0.1887636045943482,0.870129988965894,-0.09155811263460374,-0.44593633614402073
0.17269697184004357,0.8705280254392945,-0.08779166040798697,-0.45238184888968536
0.1565134095019818,0.8706239533978986,-0.08420056984423266,-0.4587240439019821
0.140220625790855,0.8704143440213898,-0.08078866463840019,-0.46496261945513334
0.1238265618626006,0.869895850540503,-0.07755964111623329,-0.471097329497444
0.10733939163500815,0.8690652162617538,-0.07451706003523252,-0.4771279835128608
0.09076752108990323,0.8679192828775358,-0.0716643382764951,-0.48305444635562284
0.07411958702851167,0.8664549990488473,-0.06900474044520412,-0.48887663805717885
0.05740445524786616,0.8646694292455226,-0.06654137039939813,-0.4945945336043454
0.04063121810659164,0.8625597628265859,-0.06427716272851865,-0.5002081626876373
0.02380919144917194,0.8601233233405746,-0.06221487420499049,-0.5057176094183533
0.00694791085878069,0.8573575780236405,-0.060357075233958696,-0.5111230120131498
0.009942872789900341,-0.8542601474699228,0.058706141328128056,0.5164245624442306
0.02685319850489759,-0.8508288154468573,0.05726424463629549,0.5216225060535888
0.04377290110328999,-0.8470615388244809,0.05603334555615666,0.5267171411289713
0.060691617912533344,-0.8429564575865452,0.0550151844633724,0.5317088184399045
0.0775987962671041,-0.8385119048868742,0.054211273590552944,0.536597940730838
0.09448370181784119,-0.8337264171136443,0.05362288909134206,0.5413849621693863
0.1113354276681943,-0.8285987439205655,0.053251063326024396,0.5460703877467187
0.12814290434799633,-0.8231278581822649,0.053096577406298896,0.5506547726273481
0.14489491063149312,-0.8173129658287797,0.05315995403786495,0.5551387214453243
0.16158008520215883,-0.8111535155121999,0.05344145070026422,0.5595228875437653
0.17818693916231684,-0.8046492080566735,0.053941053204002484,0.5638079721545054
0.19470386938080247,-0.7978000056414937,0.05465846966532058,0.5679947235145952
0.2111191726668455,-0.7906061406657917,0.05559312493904256,0.5720839359163311
0.22742106075308757,-0.783068124242406,0.05674415554974125,0.5760764486874703
0.24359767606518354,-0.7751867542679369,0.058110405160934256,0.5799731450983019
0.2596371082498055,-0.7669631230158144,0.059690420621194416,0.583774951192301
0.2755274114271502,-0.7583986241993691,0.061482448624915906,0.5874828345371822
0.2912566221282579,-0.7494949594525318,0.06348443302397551,0.5910978028933195
0.30681277787165623,-0.7402541441768277,0.06569401282467957,0.5946209027966484
0.3221839363280831,-0.730678512704847,0.0681085209022122,0.59805321805345
0.33735819501642733,-0.7207707227323193,0.07072498346226357,0.6013958681446445
0.35232371146852015,-0.7105337589733827,0.07354012027662478,0.6046500065375849
0.36706872379521,-0.6999709359965138,0.07655034571636056,0.6078168189037102
0.3815815715811754,-0.6890859002019749,0.07975177060261537,0.6108975212408558
0.39585071703137464,-0.677882630905435,0.0831402048913095,0.6138933578994836
0.40986476628785506,-0.6663654404966752,0.08671116120388105,0.6168055995126411
0.42361249083197483,-0.654538973646937,0.09045985921189845,0.6196355408300173
0.437082848883942,-0.642408205543512,0.09438123087879842,0.6223844984570751
0.4502650067090391,-0.6299784391355259,0.09846992655730993,0.6250538085008952
0.4631483597379844,-0.6172553013805405,0.10272032193623118,0.6276448241250381
0.47572255340765407,-0.6042447384875043,0.10712652582529622,0.630158913016448
0.48797750362787684,-0.5909530101576863,0.1116823887618651,0.6325974547681319
0.4999034167802398,-0.5773866828314602,0.11638151241816622,0.634961838182095
0.5114908091558191,-0.5635526219551332,0.12121725978289123,0.6372534584977531
0.5227305257405095,-0.5494579832883193,0.12618276608609919,0.6394737145517747
0.5336137582591297,-0.535110203278642,0.13127095043169873,0.6416240058760395
0.5441320623927507,-0.5205169885366978,0.13647452809729807,0.6437057297410974
0.5542773740877003,-0.5056863044501624,0.14178602345698796,0.6457202781531922
0.5640420248793863,-0.49062636298165224,0.14719778347868026,0.6476690348135546
0.5734187561594487,-0.4753456097003388,0.15270199174404603,0.6495533720492607
0.5824007323207417,-0.45985271010233864,0.1582906829358592,0.6513746477254833
0.5909815527211499,-0.44415653527950577,0.1639557577347885,0.6531342021494626
0.5991552624142993,-0.42826614700036814,0.16968899806528162,0.6548333549769072
0.6069163616026442,-0.412190782270558,0.1754820826283212,0.6564734021318922
0.6142598137762171,-0.39593983744311345,0.18132660265741798,0.6580556127515721
0.6211810525083666,-0.37952285195150437,0.18721407783328795,0.6595812261671993
0.6276759868880539,-0.36294949174006474,0.1931359722922676,0.6610514489330287
0.633741005576597,-0.3462295324677445,0.1990837106636017,0.66246745191469
0.6393729794850881,-0.3293728425616886,0.20504869407133805,0.6638303674485171
0.6445692630769778,-0.3123893661971168,0.21102231603761948,0.6651412865831472
0.6493276943084095,-0.2952891062793195,0.21699597822573877,0.6664012564144369
0.6536465932267703,-0.2780821075023485,0.22296110596323993,0.6676112775243828
0.6575247592554619,-0.26077843955714525,0.22890916348779664,0.6687723015343148
0.6609614672000875,-0.24338818055948813,0.23483166886132834,0.669885228782105
0.6639564620179728,-0.22592140076526057,0.24072020850093614,0.670950906132561
0.6665099523991849,-0.208388146637213,0.2465664512786589,0.6719701249295184
0.6686226032129029,-0.1907984253236263,0.2523621621457075,0.6729436190974466
0.6702955268781084,-0.17316218960518392,0.2580992152407333,0.6738720633996153
0.6715302737220608,-0.15548932336190915,0.2637696064457396,0.6747560718590753
0.6723288213938898,-0.1377896276073549,0.269365465357439,0.6755961963478628
0.6726935634038513,-0.12007280713233183,0.27487906664610845,0.676392925348983
0.6726272968613588,-0.10234845779543872,0.28030284077832046,0.6771466828948365
0.6721332094868172,-0.08462605449252458,0.28562938408420496,0.677857827684874
0.6712148659735583,-0.06691493983206481,0.2908514681541755,0.6785266523843628
0.6698761937768358,-0.04922431353828048,0.29596204855420893,0.6791533831052748
0.6681214684068925,-0.031563222598754936,0.30095427285283166,0.6797381790694287
0.6659552983026018,-0.01394055216833369,0.30582148795688086,0.6802811324531749
0.6633826093611447,0.0036349827637427723,0.3105572467568351,0.680782268412097
0.6604086291976422,0.021154844941128865,0.3151553140860525,0.681241545283411
0.6570388712066761,0.03861068164418828,0.3196096720015664,0.681658854963008
0.6532791184952337,0.05599433073657712,0.3239145243971693,0.6820340234533824
0.6491354077538478,0.07329782596474205,0.3280643009623508,0.682366811578034
0.6446140131296375,0.09051340152408237,0.33205366050322094,0.6826569158573402
0.6397214301616014,0.10763349590882816,0.3358774936438676,0.6829039695403397
0.6344643598349681,0.12465075506565763,0.3395309249286326,0.6831075437863886
0.6288496928076573,0.14155803487375607,0.34300931434756887,0.6832671489902074
0.6228844938580498,0.15834840297634828,0.3463082583088571,0.683382236243471
0.6165759865993055,0.17501513999075818,0.34942359008321366,0.6834521989257674
0.6099315385014683,0.19155174012576073,0.3523513797463308,0.6834763744174936
0.6029586462585876,0.20795191123637907,0.3550879336461603,0.6834540459270458
0.5956649215340959,0.224209574347389,0.35762979342239426,0.6833844444245111
0.5880580771137585,0.24031886267760272,0.3599737346058219,0.6832667506739588
0.580145913491657,0.25627412019755735,0.36211676482537847,0.6831000973563833
0.5719363059109431,0.2720698997535231,0.36405612165063206,0.6828835712753326
0.5634371918774783,0.2877009607908136,0.3657892700972498,0.6826162156372977
0.5546565591610407,0.3031622667092113,0.36731389982258283,0.6822970323990085
0.5456024342954683,0.31844898188297893,0.36862792203801004,0.6819249846738952
0.5362828715860078,0.3335564683773862,0.3697294661640372,0.6814989991901141
0.5267059426292119,0.3484802823929807,0.37061687625340056,0.6810179687927137
0.516879726347985,0.36321617046801546,0.37128870720658713,0.6804807549827129
0.5068122995418604,0.3777600654684643,0.37174372080327556,0.6798861904860912
0.49651172795023385,0.3921080823940155,0.3719808815722215,0.6792330818459256
0.4859860578241722,0.40625651402726204,0.37199935252107885,0.6785202120311786
0.475243308000455,0.42020182645211557,0.3717984907465961,0.6777463430558989
0.46429146246978187,0.4339406544661596,0.3713778429445174,0.6769102186029028
0.4531384634295193,0.447469796910375,0.37073714083742637,0.6760105666462708
0.44179220480999776,0.4607862119382978,0.36987629653764376,0.6750461020673123
0.4302605262621772,0.4738870122453273,0.36879539786118526,0.6740155292589345
0.4185512075934749,0.4867694602775259,0.3674947036076675,0.6729175447136765
0.40667196363769137,0.49943096343790283,0.365974638819987,0.6717508395909397
0.39463043954425814,0.511869069306816,0.364235790036503,0.670514102259277
0.3824342064714573,0.5240814608918208,0.36227890054744327,0.669206020809868
0.37009075766783395,0.5360659519209837,0.36010486566622324,0.6678252855376242
0.3576075049256952,0.5478204821924407,0.3577147280254204,0.6663705913866249
0.3449917753903986,0.5593431129917406,0.3551096729061885,0.6648406403568824
0.33225080870902146,0.5706320225873736,0.3522910236090381,0.6632341438696753
0.3193917545020039,0.5816855018137191,0.349260236873017,0.6615498250889781
0.30642167014143334,0.5925019497496175,0.34601889834956867,0.6597864211967289
0.2933475188197858,0.6030798694997168,0.3425687181365423,0.6579426856199304
0.2801761678931724,0.6134178640847892,0.33891152637713995,0.6560173902078128
0.26691438748339824,0.623514632446312,0.33504926892790315,0.6540093273574777
0.2535688493234979,0.6333689655697278,0.33098400309921816,0.6519173120866694
0.24014612583175834,0.6429797427300088,0.3267178934712311,0.649740184052495
0.2266526893996749,0.6523459278624124,0.3222532077875327,0.6474768095151119
0.21309491187971594,0.6614665660605846,0.31759231292845785,0.6451260832455522
0.19947906425924933,0.6703407802035716,0.31273767096540467,0.6426869303770346
0.18581131650746624,0.6789677677126681,0.3076918352971417,0.6401583081992424
0.17209773758264754,0.6873467974385047,0.3024574468686926,0.6375392078951981
0.1583442955876306,0.6954772066782877,0.2970372304730498,0.634828656220499
0.14455685806186563,0.7033583983226206,0.29143399113563667,0.6320257171247635
0.1307411923989541,0.7109898381309878,0.2856506105811706,0.6291294933153082
0.11690296637912229,0.7183710521345318,0.2796900437823163,0.6261391277630973
0.1030477488065692,0.725501624164525,0.27355531558931134,0.6230538051511824
0.08918101024217706,0.7323811935045419,0.26724951743951897,0.6198727532658553
0.0753081238225613,0.7390094526641815,0.2607758041457302,0.6165952443308816
0.06143436615694643,0.7453861452718831,0.2541373907618534,0.6132205962851965
0.047564918293849144,0.7515110640842396,0.2473375495245205,0.6097481740045391
0.03370486675001302,0.7573840491090408,0.2403796068690373,0.6061773904675641
0.01985920459452101,0.7630049858390154,0.23326694051796731,0.6025077078669068
0.006032832581436466,0.7683738035932982,0.22600297664062147,0.5987386386658704
0.007769439675219093,-0.7734904739647251,-0.21859118708204353,-0.594869746602338
0.021542892489908226,-0.7783550093653823,-0.21103508665826437,-0.5909006476371644
0.03528289486289622,-0.7829674616742692,-0.20333823051821728,-0.586831010853361
0.04898490321135776,-0.7873279209773903,-0.19550421156834397,-0.5826605593017521
0.06264446007893922,-0.7914365144003216,-0.18753665795910704,-0.5783890707964847
0.07625719282806613,-0.7952934050287533,-0.17943923063112338,-0.5740163786602802
0.08981881231890294,-0.7988987909143158,-0.1712156209191856,-0.56954237242063
0.10332511157861458,-0.8022529041620188,-0.16286954821222763,-0.5649669984574474
0.11677196446423842,-0.8053560100962266,-0.15440475766740464,-0.5602902606031278
0.13015532432219823,-0.8082084065019414,-0.14582501797647582,-0.5555122206957616
0.1434712226472305,-0.8108104229382243,-0.1371341191827138,-0.550632999086349
0.1567157677432263,-0.8131624201206636,-0.12833587054658746,-0.5456527751008022
0.16988514338825575,-0.8152647893698626,-0.11943409845853824,-0.5405717874575598
0.18297560750581587,-0.8171179521229798,-0.11043264439718331,-0.5353903346416251
0.19598349084413133,-0.8187223595054113,-0.10133536293135639,-0.5301087752358101
0.20890519566513133,-0.8200784919598223,-0.09214611976442605,-0.5247275282100005
0.22173719444455683,-0.8211868589297627,-0.08286878981940103,-0.5192470731692136
0.23447602858445388,-0.8220479985952333,-0.07350725536337528,-0.513667950561233
0.2471183071391698,-0.8226624776576201,-0.06406540416992121,-0.5079907618445838
0.259660705555805,-0.82303089117152,-0.05454712771810719,-0.5022161696176063
0.2720999644299414,-0.8231538624210499,-0.044956319426851014,-0.4963448977093678
0.2844328882773281,-0.8230320428383555,-0.03529687292339944,-0.49037773123314854
0.2966563443221041,-0.8226661119620726,-0.025572680344759163,-0.48431551660321265
0.3087672613020058,-0.8220567774336389,-0.0157876306709774,-0.4781591615155734
0.3207626282909278,-0.8212047750294009,-0.0059456080892138575,-0.47190963489343674
0.3326394935390925,-0.820110868726574,0.003949509612394554,-0.4655679667979984
0.3443949633310218,-0.81877585080119,0.013893852622023617,-0.4591352483052562
0.3560262008614022,-0.8172005419562631,0.023883560653499603,-0.4526126313494764
0.3675304251288913,-0.815385791478481,0.03391478446852537,-0.44600132853394137
0.37890490984782765,-0.8133324774218259,0.043983687372588356,-0.4393026129095922
0.39014698237777046,-0.8110415068165984,0.054086446685295234,-0.4325178177221604
0.4012540226707271,-0.8085138159024221,0.06421925518582138,-0.42564833612836106
0.4122234622358965,-0.8057503703838633,0.07437832253412707,-0.41869562088171736
0.4230527831217094,-0.8027521657073987,0.0845598766685449,-0.4116611839885533
0.4337395169149194,-0.7995202273585316,0.09476016518028742,-0.40454659633468604
0.4442812437564577,-0.7960556111779429,0.1049754566654018,-0.39735348728332237
0.4546755913737627,-0.7923594036956243,0.11520204205463569,-0.39008354424466035
0.4649202341292485,-0.7884327224820286,0.1254362359216508,-0.3827385122176619
0.47501289208458475,-0.7842767165153325,0.1356743777699814,-0.3753201933044584
0.4849513300804328,-0.7798925665639836,0.1459128332990936,-0.36783044619782695
0.4947333568312826,-0.7752814855837672,0.15614799564986476,-0.36027118564215993
0.5043568240350333,-0.7704447191286902,0.16637628662976756,-0.35264438186833136
0.513819625496944,-0.7653835457750592,0.17659415791802183,-0.34495206000284007
0.5231196962676062,-0.7600992775581676,0.18679809225092192,-0.33719629945160307
0.5322550117945747,-0.7545932604210924,0.19698460458753428,-0.32937923325874024
0.5412235870873124,-0.7488668746751352,0.20715024325592724,-0.32150304744068586
0.5500234758951114,-0.7429215354715243,0.21729159108006096,-0.3135699802959274
0.5586527698976669,-0.7367586932840234,0.22740526648743742,-0.30558232169067057
0.567109597907997,-0.7303798344021696,0.237487924597594,-0.29754241232069245
0.5753921250874199,-0.7237864814348913,0.24753625829148643,-0.28945264294964257
0.5834985521723126,-0.7169801938243355,0.2575469992617901,-0.28131545362400684
0.5914271147124213,-0.7099625683697413,0.26751691904412045,-0.2731333328649633
0.5991760823204839,-0.7027352397612874,0.27744283002915604,-0.2649088168372955
0.6067437579329842,-0.695299881123852,0.2873215864556248,-0.256644488495546
0.6141284770818711,-0.687658204570678,0.2971500853840838,-0.24834297670754657
0.6213286071771067,-0.6798119617669786,0.3069252676514213,-0.2400069553554485
0.6283425467999469,-0.6717629445035559,0.3166441188059781,-0.23163914241434844
0.6351687250068931,-0.6635129852805394,0.3263036700231613,-0.22324229900858925
0.6418056006442836,-0.6550639579013872,0.3359009990014301,-0.21481922844578294
0.6482516616735424,-0.646417778077327,0.345433230838487,-0.20637277522858313
0.6545054245071383,-0.6375764040424488,0.3548975388875143,-0.19790582404420592
0.6605654333553516,-0.6285418371796777,0.36429114559327086,-0.18942129873167518
0.6664302595839933,-0.6193161226579007,0.3736113233078482,-0.1809221612267389
0.6720985010832649,-0.6099013500805297,0.38285539508587807,-0.1724114104843765
0.6775687816480003,-0.6002996541458164,0.3920207354589628,-0.16389208137878927
0.6828397503695838,-0.5905132153192485,0.401104771189089,-0.1553672435807368
0.6879100810398763,-0.580544260518383,0.4101049820007847,-0.14684000041204986
0.6927784715675631,-0.5703950638104818,0.4190189012917397,-0.1383134876771276
0.6974436434073745,-0.560067947123321,0.4278441168216358,-0.12979087247118146
0.7019043410026875,-0.5495652809695846,0.43657827137888683,-0.12127535196497101
0.706159331242097,-0.5388894851852177,0.44521906342501044,-0.11277015216573086
0.7102074029305926,-0.5280430296821593,0.45376424771630863,-0.10427852665396427
0.7140473662760415,-0.517028435215855,0.46221163590256864,-0.09580375529573205
0.7176780523917587,-0.5058482741679486,0.4705590971024436,-0.08734914293004187
0.7210983128160072,-0.4945051713445604,0.4788045584551909,-0.07891801803089402
0.7243070190493371,-0.4830018047905338,0.486946005648435,-0.07051373134350931
0.7273030621107615,-0.4713409066200341,0.4949814834216048,-0.0621396544942263
0.7300853521138314,-0.45952526386385667,0.5029090960446947,-0.05379917857350489
0.732652817863751,-0.44755771933378896,0.5107270077719996,-0.045495712691445096
0.735004406476769,-0.4354411725043355,0.5184334432704459,-0.03723268250518043
0.737139083023139,-0.42317858041209866,0.5260266880221646,-0.029013528717463332
0.7390558301950592,-0.41077295857305485,0.5335050887009203,-0.02084170554571708
0.740753648001055,-0.39822738191794266,0.5408670535220262,-0.012720679160787137
0.7422315534883861,-0.3855449857459235,0.5481110525653529,-0.004653926094571522
0.7434885804951346,-0.3727289666966152,0.5552356180710492,0.00335506838432602
0.744523779433721,-0.35978258374056143,0.5622393447075882,0.01130281192782882
0.7453362171077104,-0.3467091591881102,0.56912088981173,0.01918580679946225
0.7459249765638354,-0.3335120797166158,0.5758789736000272,0.02700055160026807
0.7462891569812953,-0.32019479741579016,0.582512379351451,0.03474354303061463
0.7464278736004577,-0.3067608308509507,0.5890199535607612,0.04241127768898803
0.7463402576932175,-0.29321376614379363,0.5954006060622026,0.050000253908918005
0.7460254565773445,-0.2795572580702439,0.6016533101231383,0.057506973635225146
0.7454826336772771,-0.2657950311747835,0.6077771025072115,0.06492794434082488
0.7447109686338957,-0.25193088090056814,0.613771083506645,0.07225968098537208
0.7437096574659423,-0.23796867473447064,0.6196344169432703,0.07949870801707447
0.7424779127858201,-0.22391235336607412,0.6253663301379033,0.08664156141904066
0.7410149640726418,-0.2097659318594536,0.630966113847662,0.09368479080158014
0.7393200580054754,-0.19553350083642607,0.63643312217084,0.1006249615418986
0.737392458859834,-0.18121922766976387,0.6417667724189613,0.10745865697267797
0.7352314489705667,-0.16682735768466603,0.6469665449556214,0.11418248062106333
0.7328363292643896,-0.15236221536656935,0.6520319830017529,0.12079305849960154
0.7302064198653848,-0.13782820557316758,0.6569626924069453,0.12728704145071232
0.7273410607768901,-0.12322981474824989,0.6617583413864618,0.13366110754628366
0.7242396126432735,-0.1085716121347314,0.6664186602236041,0.13991196454400617
0.7209014575951657,-0.0938582509839693,0.6709434409370841,0.14603635240206944
0.7173260001817847,-0.07909446975817098,0.675332536913085,0.1520310458538412
0.7135126683940595,-0.06428509332240585,0.6795858625016804,0.15789285704415415
0.7094609147822897,-0.04943503412240606,0.683703392577326,0.16361863822880407
0.7051702176721332,-0.0345492933440024,0.687685162063132,0.1692052845388414
0.7006400824827385,-0.01963296204970172,0.6915312654186425,0.17464973681121737
0.6958700431508436,-0.004691222287526196,0.6952418560908789,0.17994898448727578
0.6908596636646738,0.010270651833145303,0.6988171459284106,0.18510006858055675
0.6856085397114473,0.025247293104398893,0.7022574045582437,0.19010008471528006
0.6801163004422685,0.04023324022735729,0.7055629587253384,0.19494618623680826
0.674382610358122,0.055222936871032004,0.7087341915945959,0.19963558739527898
0.6684071713206234,0.07021073078943182,0.7117715420151726,0.20416556660348
0.6621897246910615,0.08519087300438138,0.7146755037470167,0.20853346976990403
0.655730053601157,0.10015751706198307,0.7174466246495459,0.2127367137077569
0.6490279853587975,0.11510471837115706,0.7200855058324244,0.21677278962051225
0.6420833939918336,0.13002643363319205,0.7225928007684204,0.2206392666644155
0.6348962029327966,0.14491652037178246,0.7249692143683721,0.22433379558808633
0.6274663878471514,0.15976873657352197,0.7272155020183247,0.22785411244913895
0.6197939796074046,0.17457674044939242,0.7293324685789397,0.23119804240743833
0.6118790674150685,0.1893340903282987,0.7313209673473227,0.23436350359430558
0.6037218020720992,0.20403424469424888,0.7331818989814585,0.23734851105664623
0.5953223994030171,0.21867056237932064,0.734916210387499,0.24015118077457723
0.5866811438284619,0.23323630292507072,0.7365248935701786,0.24276973375074892
0.5777983920904092,0.2477246271255782,0.7380089844467083,0.24520250016908432
0.5686745771287249,0.2621285977658075,0.7393695616245342,0.24744792362018633
0.5593102121081103,0.2764411805694706,0.7406077451434147,0.2495045653901447
0.5497058945938194,0.290655245371023,0.7417246951823164,0.2513711088089067
0.5398623108738005,0.3047635675268601,0.7427216107317067,0.253046363653778
0.5297802404241272,0.3187588295811789,0.7435997282318645,0.2545292706029864
0.519460560513734,0.3326336232023084,0.744360320177904,0.2558189057335488
0.5089042509435573,0.3463804514056256,0.7450046936922785,0.2569144850569668
0.498112398914225,0.3599917310793994,0.7455341890655793,0.25781536908551916
0.4870862040153896,0.37345979583008637,0.7459501782665384,0.2585210674211062
0.4758269833287229,0.38677689916369906,0.7462540634221878,0.2590312433577738
0.46433617663542637,0.39993521801987714,0.7464472752692227,0.2593457184881619
0.45261535171791256,0.412926856675212,0.746531271577668,0.25946447730321276
0.44066620974403986,0.425743851032198,0.7465075355480343,0.259387671773537
0.4284905907209783,0.4383781733098686,0.7463775741832124,0.25911562589985476
0.4160904790044076,0.45082173715178864,0.74614291663643,0.25864884021895046
0.40346800884736367,0.4630664031664766,0.7458051125366683,0.2579879962505488
0.3906254699715951,0.47510398491467715,0.7453657302930058,0.25713396086950374
0.37756531314282354,0.48692625535702977,0.7448263553794203,0.25608779058664954
0.3642901557298308,0.4985249537746818,0.7441885886016653,0.2548507357206349
0.3508027872257743,0.5098917931742056,0.7434540443478765,0.25342424444201717
0.33710617470865634,0.521018468186828,0.7426243488246616,0.25180996666989963
0.3232034682163714,0.5318966634704336,0.7417011382804517,0.25000975780039286
0.30909800601030696,0.5425180626210588,0.7406860572179903,0.24802568224523389
0.29479331970004796,0.5528743575986629,0.7395807565978498,0.2458600167579987
0.2802931392003689,0.5629572586698376,0.7383868920349602,0.24351525352448933
0.2656013974904137,0.5727585048677472,0.7371061219901429,0.2409941029931126
0.2507222351437476,0.5822698749670803,0.7357401059587154,0.23829949642037268
0.23566000459687758,0.591483198969028,0.7342905026582554,0.23543458810602103
0.22041927412286721,0.6003903700883728,0.7327589682176583,0.23240275729192322
0.20500483147584983,0.6089833572316272,0.7311471543696368,0.22920760969836504
0.18942168717158717,0.6172542179518683,0.7294567066488549,0.22585297867131107
0.17367507736875779,0.6251951118624067,0.7276892625978979,0.22234292591409105
0.15777046631539804,0.6327983144878131,0.7258464499832831,0.21868174177710986
0.1417135483248863,0.6400562315270579,0.7239298850237659,0.21487394507950583
0.12551024924608886,0.646961413499599,0.7219411706331373,0.2109242824371788
0.10916672739275839,0.6535065707413575,0.7198818946797902,0.20683772707236567
0.09268937389804821,0.6596845887134005,0.7177536282652343,0.202619477080854
0.07608481246108774,0.6654885435821737,0.7155579240238233,0.19827495313417265
0.059359898453919493,0.670911718026055,0.7132963144459045,0.1938097955954726
0.042521717358838425,0.6759476172189539,0.7109703102265545,0.18922986102952016
0.025577582508192472,0.6805899849378138,0.7085813986420858,0.18454121808916724
